{	
	"quadcount": 6,
	"nospritesets": true,
	"spawnonload": true,
	"showicononeditor": true,
	
	"width": 1.75,
	"height": 1.75,

	"gravity": 80,

	"animationscalex": 0.15,
	"animationscaley": 0.15,
	
	"offsetX": 14,
	"offsetY": -6,
	"quadcenterX": 132,
	"quadcenterY": 132,
	
	"static": false,
	"active": true,
	"friction": 4,

	"emancipatecheck": false,
	"autodelete": false,

	"category": 16,
	"mask": [true, 
		false, false, false, false, true,
		false, true, false, true, false,
		false, false, false, false, false,
		false, true, false, false, false,
		false, true, true, false, false,
		true, false, true, true, true],

	"rightclickmenu": ["ddwd",
		[["quadno", 1]],
		[["quadno", 2]],
		[["quadno", 3]],
		[["quadno", 4]],
		[["quadno", 5]],
		[["quadno", 6]]
	],
	"rightclickmenudisplay": ["frame", "front", "back", "left", "right", "jumpscare", "sneaky"],
	"rightclickmenutable": true,
	"rightclickmenumultipleproperties": true
}