{
	"hidden": true,
	
	"quadcount": 1,
	"nospritesets": true,

	"width": 0.75,
	"height": 0.75,
 
	"static": true,
	"active": true,
	
	"mask": [true,
		true, false, true, true, true,
		true, true, true, true, true,
		true, true, true, true, true,
		true, true, true, true, true,
		true, true, true, true, true,
		true, true, true, true, true],
 
	"emancipatecheck": false,
	"autodelete": false,
	"resistseverything": true,
	
	"removeonmariocontact": true,
	"dontstopmario": true,
	 
	"offsetX": 6,
	"offsetY": 2,
	"quadcenterX": 8,
	"quadcenterY": 8,

	"customtimer": [
		[0, ["set", "instantdelete"], true],
		[0, ["random", "spawnsenemy"], ["property", "itemitems"]],
		[0, ["if", "spawnsenemy", "==", "flashlight"], ["set", "spawnsetparameters"], [["a", [0,0,3]]]],
		[0, "spawnenemy"]
	],
	"dontloopcustomtimer": true,

	"spawnsenemy": "-",
	"spawnenemydelays": [10],
	"spawnsetparametersbeforespawn": true
}