{	
	"spawnonload": true,
	"quadcount": 1,
	"nospritesets": true,
	"graphiccolor": [0,0,0,0],

	"width": 0.75,
	"height": 0.75,

	"offsetX": 6,
	"offsetY": 4,
	"quadcenterX": 8,
	"quadcenterY": 8,
	
	"static": true,
	"active": false,

	"items": [],
	"itemlistsize": 0,
	"item": "",
	"itemitems": [ "NIL" ],

	"positions": [[5,5],[9,16],[31,9],[18,27],[31,19],[43,5],[50,28],[64,13],[91,15],[100,7],[109,26],[113,10],[144,16],[150,11],[166,11],[174,26],[162,26]],
	"positionlistsize": 17,
	"primestable": [2,3,5,7,11,13,17,19,23,29,31,37,41,43,47,53,59],
	"postotal": 1,
	"pos": [0,0],
	"mischeifframes": [1,2],

	"index": 0,
	"posindex": 0,
	"customtimer": [
		[0,["set","drawable"],false],
		[0,["add","index"],1],
		[0,["set","instantdelete"],true],
		[0,["if","index",">","itemlistsize"],["set","customtimertimer"],0],

		[0,["set","quadgroup"],["property","items"]],
		[0,"setframe",["property","index"]],
		[0,["set","item"],["property","quad"]],

		[0,["set","resetline"],["property","currentcustomtimerstage"]],

		[0,["random","posindex"],["property","positionlistsize"]],
		[0,["ceil","posindex"]],

		[0,["set","quadgroup"],["property","primestable"]],
		[0,"setframe",["property","posindex"]],
		[0,["set","var1"],["property","postotal"]],
		[0,["mod","var1"],["property","quad"]],
		[0,["if","var1","==",0],["set","currentcustomtimerstage"],["property","resetline"]],
		[0,["multiply","postotal"],["property","quad"]],

		[0,["set","quadgroup"],["property","positions"]],
		[0,"setframe",["property","posindex"]],
		[0,["set","pos"],["property","quad"]],

		[0,["set","quadgroup"],["property","pos"]],
		[0,"setframe",1],
		[0,["set","x"],["property","quad"]],
		[0,["add","x"],-0.875],
		[0,"setframe",2],
		[0,["set","y"],["property","quad"]],
		[0,["add","y"],-0.75],

		[0,["set","spawnpassedparameters"],false],
		[0,["if","item","==","item"],["set","spawnpassedparameters"],["itemitems"]],
		[0,["if","item","==","mischeif him item"],["set","spawnpassedparameters"],["mischeifframes"]],

		[0,["set","spawnsenemy"],["property","item"]],
		[0,"spawnenemy"]
	],

	"spawnsenemy": "NIL",
	"spawnenemydelays": [99e99],
	"spawnsetparametersbeforespawn": true,

	"rightclickmenu": ["jwjdekdfckaedlkadlalda",
		[
			["items",[ "shroom","shroom","shroom","shroom","shroom","shroom","shroom","shroom","item","item","item","item","mischeif him item" ]],
			["itemlistsize",13],
			["itemitems",[ "NIL","super refill","slingshot item" ]],
			["mischeifframes",[1,2]]
		],
		[
			["items",[ "shroom","shroom","shroom","shroom","shroom","shroom","shroom","shroom","item","item","item","mischeif him item","mischeif him item" ]],
			["itemlistsize",13],
			["itemitems",[ "NIL","NIL","super refill","slingshot item"]],
			["mischeifframes",[1,2]]
		],
		[
			["items",[ "item","item","item","mischeif him item","mischeif him item" ]],
			["itemlistsize",5],
			["itemitems",[ "NIL","super refill","slingshot item" ]],
			["mischeifframes",[1]]
		],
		[
			["items",[ "item","item","mischeif him item","mischeif him item" ]],
			["itemlistsize",4],
			["itemitems",[ "NIL","NIL","super refill","slingshot item"]],
			["mischeifframes",[1]]
		],
		[
			["items",[ "item","item" ]],
			["itemlistsize",2],
			["itemitems",[ "NIL","super refill","slingshot item" ]],
			["mischeifframes",false]
		],
		[
			["items",[ "item" ]],
			["itemlistsize",1],
			["itemitems",[ "NIL","NIL","super refill","slingshot item"]],
			["mischeifframes",false]
		],
		[
			["items",[ "item","item","item","item","mischeif him item","mischeif him item" ]],
			["itemlistsize",6],
			["itemitems",[ "NIL","super refill","slingshot item" ]],
			["mischeifframes",[1,2]],
			["positions",[[22,12],[82,20],[112,21],[131,16],[150,21],[197,13],[223,7],[251,21],[279,20],[319,12]]],
			["positionlistsize",10]
		],
		[
			["items",[ "item","item","item","item","mischeif him item","mischeif him item" ]],
			["itemlistsize",6],
			["itemitems",[ "NIL","super refill","slingshot item" ]],
			["mischeifframes",[1,2]],
			["positions",[[45,8],[77,16],[130,6],[155,22],[193,11],[226,9],[283,8],[334,12]]],
			["positionlistsize",8]
		],
		[
			["items",[ "item","item","item","mischeif him item" ]],
			["itemlistsize",5],
			["itemitems",[ "NIL","super refill","slingshot item" ]],
			["mischeifframes",[1]],
			["positions",[[13,14],[21,14],[31,17],[38,12],[63,10],[71,10],[107,30],[98,14],[121,12],[118,30],[84,24],[28,24],[17,22],[123,23]]],
			["positionlistsize",14]
		]
	],
	"rightclickmenudisplay": ["type","chap1","chap1-hard","chap2","chap2-hard","chap3","chap3-hard","rematch-1","rematch-2","rematch-3"],
	"rightclickmenutable": true,
	"rightclickmenumultipleproperties": true
}