{
	"hidden":true,
	"ignoregravity":true,

	"width":0.75,
	"height":0.25,

	"static":true,
	"activestatic":true,

	"category":1,
	"mask": [	true, 
			false, true, true, true, true,
			true, true, true, true, true,
			true, true, true, true, true,
			true, true, true, true, true,
			true, true, true, true, true,
			true, true, true, true, true,
			true],
	"resistseverything":true,
	"freezable":false,
	"regiontriggerexclude":true,
	"ignoreplatform":true,
	"ignorequicksand":true,
	"ignorefaithplate":true,
	"dontenterclearpipes":true,
	"ignoregravity":true,
	"dontstoplasers":true,
	"doesntpressbuttons":true,
	"blowable":false,
	"lifetime":0.6,

	"spawnsenemy":"k tank explosion",
	"spawnenemydelays":[99e99],
	"spawnpassedparameters":["knockx"],
	"spawnoffsety":-0.25,
	"spawnenemyoffsety":0.25,

	"transforms":true,
	"transformsinto":"nil",
	"transformtrigger":"collide",

	"timer":0,
	"customtimer":[
		[0,["set","var1"],["property","speedx"]],
		[0,["set","var2"],["property","speedx"]],
		[0,["multiply","var1"],0.5],
		[0,["multiply","var2"],0.375],
		[0,["set","knockx"],["property","speedx"]],
		[0,["multiply","knockx"],9],
		[0,["set","speedx"],0],

		[0,["if","lifetimer","<",0.4],["set","spawnsetparameters"],[["iframe",0.4]]],
		[0,["add","x"],["property","var1"]],
		[0,"spawnenemy"],
		[0,["add","x"],["property","var2"]],
		[0,["set","active"],false],

		[0,["set","var"],["property","customtimertimer"]],
		[0,["set","customtimertimer"],0],
		[0,["add","customtimertimer"],["property","var"]],

		[0,["set","active"],true],

		[0.1,["set","currentcustomtimerstage"],7]
	]
}