{
	"hidden":true,
	"quadcount":2,
	"nospritesets":true,

	"spawnchildren":["k star bounce"],

	"width":0.25,
	"height":0.25,
	"active":false,
	"resistseverything":true,

	"animationtype":"frames",
	"animationstart":1,
	"animationspeed":0.1,
	"animationframes":2,

	"spawnsenemy":"k mine fire",
	"spawnenemyoffsety":-0.0625,
	"spawnenemydelays":[99e99],
	"damage":0.5,
	"damagetype":"fire",
	"useiframe":1,
	"iframe":0.1,
	"knockx":-1,
	"knocky":-10,
	"hitoffx":-0.375,
	"hitoffy":-3,
	"hitoffwidth":0.75,
	"hitoffheight":3,
	"mirrorknockx":true,
	"hitcenterx":0.375,

	"transforms":true,
	"transformtrigger":"lifetime",
	"transformsinto":"k dust",
	"lifetime":2,

	"tspi":0,
	"spi":1,
	"customtimer":[
		[0,["set","qs"],["property","quad"]],
		[0,["set","playsound"],["property","spawnenemy"]],


		[1,"playsound","k fireball sound"],
		[0,["set","animationtype"]],

		[0,["mod","spi"],3],
		[0,["add","spi"],1],
		[0,["add","tspi"],1],
		[0,["if","tspi","==",2],"playsound","k hitbox"],
		[0,["set","quadgroup"],[-0.25,0.25]],
		[0,"setframe",["property","spi"]],
		[0,["set","spawnenemyoffsetx"],["property","quad"]],
		[0,"spawnenemy"],

		[0,["set","quad"],["property","qs"]],
		[0.0666,["set","currentcustomtimerstage"],4],
	],

	"quadcenterX":6,
	"quadcenterY":4,
	"offsetY":7,
	"offsetX":2,
}