{
	"editortab": "all enemies",

	"quadcount": 1,
	"nospritesets": true,
	"dontmirror": true,
	"drawback": true,
	
	"width": 0.75,
	"height": 1.25,
	
	"offsetX": 6,
	"offsetY": -2,
	"quadcenterX": 8,
	"quadcenterY": 10,
	"spawnoffsety": 1.25,

	"static": true,
	"category": 12,
	"mask": [true,
		true, true, true, true, true,
		true, true, true, true, true,
		true, false, true, true, true,
		true, true, true, true, true,
		true, true, true, true, true,
		true, true, true, true, true,
		true, true],

	"autodelete": true,

	"customscissor": [0,0,1,1.25],

	"spawnsenemy": "snowpedo snow",
	"spawnenemydelays": [99e99],
	"canshoot": true,

	"movestage": "waitingrise",
	"movetimer": 0,
	"floory": false,
	"movepaused": false,

	"edible":true,
	"copyability":"snowball",

	"customtimer": [
		[0,["if",["property","nosnow"],"==",false],"spawnenemy"],
		[0,["set","spawnsenemy"],"snowpedo ball"],
		[0,["set","spawnenemyspeedx"],-8],
		[0,["if",["property","floory"],"==",false],["set","floory"],["property","y"]],

		[0,["set","loopline"],["property","currentcustomtimerstage"]],

		[0,["if","movestage","~=","rising"],["add","currentcustomtimerstage"],3],
			[0,["set","temp"],-2],
			[0,["multiply","temp"],["property","customtimertimer"]],
			[0,["add","y"],["property","temp"]],

		[0,["if","movestage","~=","waitingfall"],["add","currentcustomtimerstage"],4],
			[0,["if","movetimer","<=",0.75],["add","currentcustomtimerstage"],3],
				[0,["if",["property","canshoot"],"==",false],["add","currentcustomtimerstage"],2],
					[0,"spawnenemy"],
					[0,["set","canshoot"],false],

		[0,["if","movestage","~=","fall"],["add","currentcustomtimerstage"],3],
			[0,["set","temp"],2],
			[0,["multiply","temp"],["property","customtimertimer"]],
			[0,["add","y"],["property","temp"]],

		[0,["add","movetimer"],["property","customtimertimer"]],

		[0,["if","movestage","~=","waitingrise"],["add","currentcustomtimerstage"],5],
			[0,["if","movetimer","<=",1],["add","currentcustomtimerstage"],4],
				[0,["add","movetimer"],-1],
				[0,["if","movepaused","==",true],["add","currentcustomtimerstage"],2],
					[0,["set","movestage"],"rising"],
					[0,["add","currentcustomtimerstage"],16],

		[0,["if","movestage","~=","rising"],["add","currentcustomtimerstage"],4],
			[0,["if","movetimer","<=",0.5],["add","currentcustomtimerstage"],3],
				[0,["add","movetimer"],-0.5],
				[0,["set","movestage"],"waitingfall"],
				[0,["add","currentcustomtimerstage"],11],

		[0,["if","movestage","~=","waitingfall"],["add","currentcustomtimerstage"],4],
			[0,["if","movetimer","<=",2],["add","currentcustomtimerstage"],3],
				[0,["add","movetimer"],-2],
				[0,["set","movestage"],"fall"],
				[0,["add","currentcustomtimerstage"],6],
			
		[0,["if","movestage","~=","fall"],["add","currentcustomtimerstage"],5],
			[0,["if","movetimer","<=",0.5],["add","currentcustomtimerstage"],4],
				[0,["add","movetimer"],-0.5],
				[0,["set","movestage"],"waitingrise"],
				[0,["set","y"],["property","floory"]],
				[0,["set","canshoot"],true],

		[0,["set","customtimertimer"],0],
		[0,["set","currentcustomtimerstage"],["property","loopline"]]
	],

	"transforms": true,
	"transformsinto": ["snowpedo inrange","snowpedo shot"],
	"transformtrigger": ["playernear","shot"],
	"playerneardist": [-3,-2,3.75,3],
	"transformpassedparameters": ["movestage","movetimer","canshoot","floory","customscissor","nosnow"],

	"nosnow": false,
	"rightclick": [
		["checkbox","nosnow","no snow?"]
	],
	"rightclicktypes": ["bool"],
	"rightclickdefaults": ["false"]
}