{	
	"quadcount": 9,
	"nospritesets": true,

	"offsetX": 8,
	"offsetY": 4,
	"quadcenterX": 10,
	"quadcenterY": 6,
	"spawnoffsety": -0.125,
	
	"width": 1,
	"height": 0.5,

	"animationtype": "frames",
	"animationspeed": 0.2,
	"animationstart": 1,
	"animationframes": 2,
	
	"category": 4,
	"mask": [true, 
		false, false, false, false, true,
		false, true, false, true, false,
		false, false, true, false, false,
		true, true, false, false, false,
		false, true, true, false, false,
		true, false, true, true, true,
		false, true],

	"movement": "truffleshuffle",
	"truffleshufflespeed": 2.5,
	"truffleshuffleacceleration": 16,
	"turnaroundoncliff": true,

	"gravity": 0,
	"kills": true,

	"transforms": true,
	"transformsinto": ["fishhy shoot"],
	"transformtrigger": ["shot"],
	"transformpassedparameters": ["animationdirection","direction","e_shotframe"],

	"varient": 1,
	"fixedvar": false,
	"customtimer": [
		[0,["if","fixedvar","~=",true],["random","varient"],[1,2,3]],

		[0,["set","startidx"],["property","varient"]],
		[0,["subtract","startidx"],1],
		[0,["multiply","startidx"],3],
		[0,["add","startidx"],1],
		[0,"print","startidx"],

		[0,["set","animationstart"],["property","startidx"]],
		[0,["set","quadi"],["property","startidx"]],
		[0,["set","quadno"],["property","startidx"]],
		[0,["set","e_shotframe"],["property","startidx"]],
		[0,["add","e_shotframe"],2],

		[0,["set","dontloopcustomtimer"],true]
	],

	"rightclick": [
		["text","type:"],
		["dropdown","varient",6,[1,2,3],["tan","pink","green"]],
		["text","offset:"],
		["input","spawnoffsetx",6],
		["text","direction:"],
		["dropdown","speedx",6,[-1,1],["left","right"]],
		["checkbox","fixedvar","fixed?"]
	],
	"rightclicktypes": ["num","num","num","bool"],
	"rightclickdefaults": ["1","0","-1","false"]
}