{
	"hidden":true,

	"width":1,
	"height":1,
	"static":true,
	"activestatic":true,

	"category":3,
	"mask": [	false, 
			true, true, true, true, true,
			true, true, true, true, true,
			true, true, true, true, true,
			true, true, true, true, true,
			true, true, true, true, true,
			true, true, true, true, true,
			true],
	"resistseverything":true,
	"ignoreplatform":true,
	"blowable":false,

	"spawnsenemy":"k enemy register",
	"spawnenemydelays":[99e99],
	"spawnpassedparameters":["enemy","enemyname"],

	"don't forget what the line tags are you moron":{
		"sn":"submit damage request",
		"ln":"try new register",
		"nn":"trash request"
	},

	"outi":1,
	"bodycount":0,
	"damagemult":1,
	"":"counted body",
	"customtimer":[
		[0,["set","x"],-69420],
		[0,["set","y"],-69420],
		[0,["set","globalcollide"],["property","addoutput"]],

		[0,["set","quadgroup"],["property","playerobj"]],
		[0,"setframe","characterdata"],
		[0,["set","quadgroup"],["property","quad"]],
		[0,"setframe","halfdamage"],
		[0,["if","quad","==",true],["divide","damagemult"],2],
		[0,"setframe","quarterdamage"],
		[0,["if","quad","==",true],["divide","damagemult"],4],


		[0,["set","sn"],["property","currentcustomtimerstage"]],
		[0,["add","sn"],2],
		[0,["add","currentcustomtimerstage"],13],
			[0,["if","idle","~=",true],["add","currentcustomtimerstage"],11],
				[0,["if","outi","==",1],["add","currentcustomtimerstage"],10],
					[0,["set","quadgroup"],["property","outtable"]],
					[0,"setframe",1],
					[0,["set","quadgroup"],["property","quad"]],
					[0,"setframe",2],
					[0,["set","var1"],["property","quad"]],
					[0,["if",["property","quad"],"notexists",""],["set","var1"],["property","quadgroup"]],
					[0,["set","quadgroup"],["property","var1"]],
					[0,"setframe","outtable"],
					[0,["set","outtable"],["property","quad"]],
					[0,["set","outi"],1],
			[0,["set","customtimertimer"],0],

		[0,["set","idle"],false],


		[0,["set","nn"],["property","currentcustomtimerstage"]],
		[0,["set","enemy"]],
		[0,["set","register"]],
		[0,["set","quadgroup"],["property","outtable"]],
		[0,"setframe",["property","outi"]],
		[0,["if",["property","quad"],"exists",""],["add","currentcustomtimerstage"],2],
			[0,["set","idle"],true],
			[0,["set","currentcustomtimerstage"],["property","sn"]],
		[0,["add","outi"],1],
		[0,["set","quadgroup"],["property","quad"]],
		[0,"setframe",2],
		[0,["set","messenger"],["property","quad"]],
		[0,["if",["property","quad"],"notexists",""],["set","messenger"],["property","quadgroup"]],
		[0,["set","quadgroup"],["property","messenger"]],

		[0,"setframe","enemy"],
		[0,["set","quadgroup"],["property","quad"]],
		[0,"setframe","transformedinto"],
		[0,["if",["property","quad"],"exists",""],["subtract","currentcustomtimerstage"],3],
		[0,"setframe","delete"],
		[0,["if","quad","==",true],["set","currentcustomtimerstage"],["property","nn"]],
		[0,"setframe","wcdvulnerable"],
		[0,["if","quad","==",true],["add","currentcustomtimerstage"],4],
			[0,"setframe","resistseverything"],
			[0,["if","quad","==",true],["set","currentcustomtimerstage"],["property","nn"]],
			[0,"setframe","nowcddamage"],
			[0,["if","quad","==",true],["set","currentcustomtimerstage"],["property","nn"]],


		[0,["set","enemy"],["property","quadgroup"]],
		[0,["set","hitenemy"],["property","quadgroup"]],

		[0,"setframe","wcddamageinherit"],
		[0,["if",["property","quad"],"notexists",""],["add","currentcustomtimerstage"],11],
			[0,"setframe","parent"],
			[0,["if",["property","quad"],"notexists",""],"setframe","spawner"],
			[0,["set","enemy"],["property","quad"]],
			[0,["set","quadgroup"],["property","enemy"]],
			[0,"setframe","resistseverything"],
			[0,["if","quad","==",true],["set","currentcustomtimerstage"],["property","nn"]],
			[0,"setframe","nowcddamage"],
			[0,["if","quad","==",true],["set","currentcustomtimerstage"],["property","nn"]],
			[0,"-setframe","active"],
			[0,["-if",["property","quad"],"==",false],["set","currentcustomtimerstage"],["property","nn"]],
			[0,["subtract","currentcustomtimerstage"],13],

		[0,["set","quadgroup"],["property","messenger"]],
		[0,"setframe","enemyname"],
		[0,["set","enemyname"],["property","quad"]],
		[0,"setframe","damagetype"],
		[0,["set","damagetype"],["property","quad"]],
		[0,"setframe","damage"],
		[0,["set","hitdamage"],["property","quad"]],
		[0,["multiply","quad"],["property","damagemult"]],
		[0,["set","damage"],["property","quad"]],
		[0,"setframe","iframe"],
		[0,["set","iframe"],["property","quad"]],
		[0,"setframe","knockx"],
		[0,["set","knockx"],["property","quad"]],
		[0,"setframe","knocky"],
		[0,["set","knocky"],["property","quad"]],
		[0,"setframe","playerno"],
		[0,["set","playerno"],["property","quad"]],

		[0,["if","enemyname","~=","pokey"],["add","currentcustomtimerstage"],15],
			[0,["set","quadgroup"],["property","enemy"]],
			[0,"setframe","col"],
			[0,["if","quad","==",true],["add","currentcustomtimerstage"],12],
				[0,"setframe","head"],
				[0,["if",["property","quad"],"exists",""],["set","quadgroup"],["property","quad"]],
				[0,["set","var1"],0],
				[0,"setframe","child"],
				[0,["set","var2"],["property","quad"]],

				[0,["set","quadgroup"],["property","var2"]],
				[0,["add","var1"],1],
				[0,"setframe",["property","var1"]],
				[0,["set","quadgroup"],["property","quad"]],
				[0,"setframe","shot"],
				[0,["if","quad","==",true],["subtract","currentcustomtimerstage"],6],
				[0,["set","enemy"],["property","quadgroup"]],


		[0,["set","quadgroup"],["property","hitenemy"]],

		[0,["set","ihatewigglers"]],
		[0,"setframe","t"],
		[0,["if","quad","==","wigglerchild"],["set","ihatewigglers"],true],
		[0,"setframe","wcddamageresistances"],
		[0,["if","ihatewigglers","==",true],["set","quad"],{"default":0, "solidresist":true}],
		[0,["if",["property","quad"],"notexists",""],["add","currentcustomtimerstage"],4],
			[0,["set","quadgroup"],["property","quad"]],
			[0,"setframe",["property","damagetype"]],
			[0,["if",["property","quad"],"notexists",""],"setframe","default"],
			[0,["if",["property","quad"],"exists",""],["multiply","damage"],["property","quad"]],

		[0,["set","spawnedi"],["property","bodycount"]],
		[0,["set","bodycounting"],true],
		[0,["set","ln"],["property","currentcustomtimerstage"]],
		[0,["add","spawnedi"],1],
		[0,["set","quadgroup"],["property","spawnedenemies"]],
		[0,"setframe",["property","spawnedi"]],

		[0,["if",["property","quad"],"exists",""],["add","currentcustomtimerstage"],5],
			[0,"spawnenemy"],
			[0,["set","quadgroup"],["property","spawnedenemies"]],
			[0,"setframe",["property","spawnedi"]],
			[0,["set","register"],["property","quad"]],
			[0,["set","currentcustomtimerstage"],["property","sn"]],
		[0,["set","quadgroup"],["property","quad"]],
		[0,["set","register"],["property","quad"]],
		[0,"setframe","enemydead"],
		[0,["if",["property","quad"],"~=",true],["add","currentcustomtimerstage"],10],
			[0,["if","bodycounting","~=",true],["add","currentcustomtimerstage"],6],
				[0,"setframe","kill"],
				[0,["if","quad","~=",true],["add","currentcustomtimerstage"],3],
					[0,["-print",""]],
					[0,["set","bodycount"],["property","spawnedi"]],
					[0,["add","currentcustomtimerstage"],1],
				[0,["set","bodycounting"]],
			[0,"setframe","enemy"],
			[0,["if",["property","quad"],"==","enemy"],["set","currentcustomtimerstage"],["property","nn"]],
			[0,["set","currentcustomtimerstage"],["property","ln"]],
		[0,["set","bodycounting"]],
		[0,"setframe","enemy"],
		[0,["set","quadgroup"],["property","quad"]],
		[0,"setframe","transformedinto"],
		[0,["if",["property","quad"],"==","enemy"],["set","currentcustomtimerstage"],["property","nn"]],
		[0,["if",["property","quadgroup"],"~=","enemy"],["add","currentcustomtimerstage"],7],
			[0,["if","iframe","==",0],["set","currentcustomtimerstage"],["property","sn"]],
			[0,["set","quadgroup"],["hittimer","hittimer2","hittimer3","hittimer4","hittimer5","hittimer6","hittimer7","hittimer8"]],
			[0,"setframe",["property","playerno"]],
			[0,["set","quadgroup"],["property","register"]],
			[0,"setframe",["property","quad"]],
			[0,["if","quad","<=","customtimertimer"],["set","currentcustomtimerstage"],["property","sn"]],
			[0,["set","currentcustomtimerstage"],["property","nn"]],
		[0,["set","currentcustomtimerstage"],["property","ln"]]
	],
	"dontloopcustomtimer":true,
}