{
	"hidden":true,

	"active":false,
	"resistseverything":true,
	"ignoreplatform":true,
	"blowable":false,
	"doesntunrotate":true,

	"width":0,
	"height":0,

	"transforms":true,
	"transformtrigger":"lifetime",
	"transformpassedparameters":["enemy","knockx","knocky"],
	"lifetime":0.15,

	"customtimer":[
		[0,["set","transformsinto"],["property","deatheffect"]],
		[0,["set","transformsoffsety"],["property","deoffy"]],

		[0,["set","quadgroup"],["property","enemy"]],
		[0,"setframe","x"],
		[0,["set","x"],["property","quad"]],
		[0,"setframe","y"],
		[0,["set","y"],["property","quad"]],
		[0,"setframe","width"],
		[0,["set","width"],["property","quad"]],
		[0,"setframe","height"],
		[0,["set","height"],["property","quad"]],

		[0,["set","transformsoffsety"],["property","height"]],
		[0,["multiply","transformsoffsety"],-0.5],
		[0,"setframe","quad"],
		[0,["if",["property","quad"],"exists",""],["add","currentcustomtimerstage"],4],
			[0,["set","spawnenemy"],["property","transform"]],
			[0,["set","spawnsenemy"],["property","transformsinto"]],
			[0,"spawnenemy"],
			[1,""],

		[0,["set","drawable"],true],
		[0,["set","qs"],["property","quad"]],

		[0,"setframe","deathframe"],
		[0,["if",["property","quad"],"notexists",""],["add","currentcustomtimerstage"],6],
			[0,["set","var1"],["property","quad"]],
			[0,"setframe","quadgroup"],
			[0,["set","quadgroup"],["property","quad"]],
			[0,"setframe",["property","var1"]],
			[0,["set","qs"],["property","quad"]],
			[0,["set","quadgroup"],["property","enemy"]],

		[0,"setframe","graphic"],
		[0,["set","graphic"],["property","quad"]],
		[0,"setframe","quadcenterX"],
		[0,["set","quadcenterX"],["property","quad"]],
		[0,"setframe","quadcenterY"],
		[0,["set","quadcenterY"],["property","quad"]],
		[0,"setframe","offsetY"],
		[0,["set","offsetY"],["property","quad"]],
		[0,"setframe","offsetX"],
		[0,["set","offsetX"],["property","quad"]],

		[0,"setframe","supersized"],
		[0,["if",["property","quad"],"notexists",""],["set","quad"],1],
		[0,["set","enemysize"],["property","quad"]],
		[0,["subtract","offsetY"],8],
		[0,["multiply","offsetY"],["property","enemysize"]],
		[0,["add","offsetY"],8],
		[0,["multiply","offsetX"],["property","enemysize"]],

		[0,"setframe","animationscalex"],
		[0,["set","animationscalex"],["property","quad"]],
		[0,"setframe","animationscaley"],
		[0,["set","animationscaley"],["property","quad"]],
		[0,"setframe","customscale"],
		[0,["set","customscale"],["property","quad"]],
		[0,"setframe","animationdirection"],
		[0,["set","animationdirection"],["property","quad"]],
		[0,"setframe","rotation"],
		[0,["set","rotation"],["property","quad"]],


		[0,["set","quadgroup"],["property","spawner"]],
		[0,"setframe","blowminspeedx"],
		[0,["if",["property","quad"],"notexists",""],["set","quad"],0],
		[0,["set","speedx"],["property","quad"]],
		[0,["multiply","speedx"],1.25],
		[0,"setframe","blowminspeedy"],
		[0,["if",["property","quad"],"notexists",""],["set","quad"],0],
		[0,["set","speedy"],["property","quad"]],
		[0,["multiply","speedy"],1.25],

		[0,["set","spawner"]],
		[0,["set","enemy"]],

		[0,["set","quad"],["property","qs"]],
		[0,["set","loopline"],["property","currentcustomtimerstage"]],

		[0,["set","var1"],["property","speedx"]],
		[0,["multiply","var1"],["property","customtimertimer"]],
		[0,["add","x"],["property","var1"]],

		[0,["set","var1"],0],
		[0,["multiply","var1"],["property","customtimertimer"]],
		[0,["add","speedy"],["property","var1"]],

		[0,["set","var1"],["property","speedy"]],
		[0,["multiply","var1"],["property","customtimertimer"]],
		[0,["add","y"],["property","var1"]],

		[0,["set","customtimertimer"],0],
		[0,["set","currentcustomtimerstage"],["property","loopline"]]
	]
}