{
	"hidden":true,

	"hittimer":0,
	"hittimer2":0,
	"hittimer3":0,
	"hittimer4":0,
	"hittimer5":0,
	"hittimer6":0,
	"hittimer7":0,
	"hittimer8":0,
	"deoffy":0,
	"knockreturntimer":0,

	"deatheffect":"k kill effect",
	"spawnsenemy":"nil",
	"spawnenemydelays":[99e99],
	"spawnpassedparameters":[1],

	"specialkills":{
	"":"Bosses------------------------------------------------------",
		"boomboom":{
			"deatheffect":"k boss kill effect",
			"dontfreeze":true,
			"nodeaththrow":true,
			"active":false,
			"dead":true,
			"deathtimer":1
		},
		"bowser":{
			"deatheffect":"k boss kill effect",
			"dontfreeze":true,
			"nodeaththrow":true,
			"active":false,
			"shot":true
		},
		"bowser3":{
			"deatheffect":"k boss kill effect",
			"dontfreeze":true,
			"nodeaththrow":true,
			"dead":true,
		},
		"koopaling":{
			"deatheffect":"k boss kill effect",
			"dontfreeze":true,
			"nodeaththrow":true,
			"dead":true,
			"shot":true,
			"active":false,
			"deadpos":[12,8],
			"speedx":0,
			"speedy":0,
			"gravity":0,
			"animationtimer":0,
		},
		"glados":{
			"deatheffect":"k boss kill effect",
			"dontfreeze":true,
			"nodeaththrow":true,
			"state":"dead",
			"active":false
		},
		"core":{
			"instantdelete":true,
			"destroying":true,
			"active":false,
			"drawable":false,
		},

	"":"Projectiles------------------------------------------------------",
		"cannonball":{
			"nodeaththrow":true,
			"dontfreeze":true,
			"dontimpact":false,
			"active":false,
			"instantdelete":true
		},
		"icicle":{
			"nodeaththrow":true,
			"dontfreeze":true,
			"dontimpact":false,
			"active":false,
			"instantdelete":true
		},
		"hammer":{
			"nodeaththrow":true,
			"dontfreeze":true,
			"dontimpact":false,
			"active":false,
			"instantdelete":true
		},
		"fire":{
			"nodeaththrow":true,
			"dontfreeze":true,
			"active":false,
			"instantdelete":true
		},
		"brofireball":{
			"nodeaththrow":true,
			"dontfreeze":true,
			"active":false,
			"instantdelete":true
		},
		"plantfire":{
			"nodeaththrow":true,
			"dontfreeze":true,
			"active":false,
			"instantdelete":true
		},
		"meteor":{
			"nodeaththrow":true,
			"dontfreeze":true,
			"dontimpact":false,
			"active":false,
			"instantdelete":true
		},
		"energyball":{
			"nodeaththrow":true,
			"dontfreeze":true,
			"active":false,
			"drawable":false,
			"destroy":true,
		},
		"turretrocket":{
			"nodeaththrow":true,
			"dontfreeze":true,
			"active":false,
			"delete":true
		},

	"":"Weird Enemies------------------------------------------------------",
		"plantcreeper":{
			"nodeaththrow":true,
			"dontfreeze":true,
			"stomped":true,
			"active":false,
			"targetstage":1,
			"stage":1,
			"movingdir":"backwards",
			"hittimer":100,
			"waittimer":0,
		},
		"rocketturret":{
			"nodeaththrow":true,
			"dontfreeze":true,
			"active":false,
			"drawable":false,
			"instantdelete":true
		},
		"goomba":{
			"active":false,
			"drawable":false,
			"instantdelete":true,
			"shot":true
		},
		"pokey":{
			"active":false,
			"instantdelete":true,
			"drawable":false,
			"shot":true
		},
		"squid":{
			"active":false,
			"instantdelete":true,
			"drawable":false,
			"shot":true
		},
		"bomb":{
			"nodeaththrow":true,
			"stomped":true,
			"explodetimer":4,
			"nowcddamage":true,
		},
		"enemy":{
			"active":false,
			"drawable":false,
			"kill":true
		}
	},
	"generickill":{
		"active":false,
		"instantdelete":true
	},
	"enemykills":{
		"hammer":{
			"active":false,
			"drawable":false,
			"kill":true,
			"dontfreeze":true,
			"dontimpact":false,
			"nodeaththrow":true
		},
		"fire":{
			"active":false,
			"drawable":false,
			"kill":true,
			"dontfreeze":true,
			"nodeaththrow":true
		},
		"bball head":{
			"active":false,
			"shot":true,
			"nodeaththrow":true,
		},
	},


	"damagedata":{
		"koopaling":"koopabossdata",
		"enemy":"builtinenemies",
		"goomba":"stupidwigglers",
		"koopa":"shellies",
		"drybones":"boneshellies",
		"bowser":{
			"noknockback":true,
			"health":20,
			"healthbar":true,
		},
		"thwomp":{
			"noknockback":true,
			"health":5
		},
		"rocketturret":{
			"noknockback":true,
			"health":8
		},
		"chainchomp":{"health":3},
		"pokey":{"health":0.75,"knockreturn":true},
		"cheepcheep":{"health":0.75,"knockreturn":true},
		"splunkin":{"health":1.5,"knockreturn":true},
		"bomb":{"knockreturn":true},
		"sidestepper":{"health":2,"noknockback":true},
		"bigmole":{"health":3,"knockreturn":true},
		"upfire":{"health":0},
		"muncher":{"health":3},
		"parabeetle":{"health":2,"knockreturn":"dual","knockxmult":0.5,"knockymult":0.5},
		"fuzzy":{"noknockback":true},
		"amp":{"noknockback":true},
		"bigbill":{"noknockback":true},
		"bulletbill":{"noknockback":true},
		"torpedoted":{"noknockback":true},
		"meteor":{"noknockback":true},
		"angrysun":{"health":20,"noknockback":true},
		"boomboom":{"health":5},
		"cannonball":{"health":0},
		"icicle":{"health":0},
		"plantfire":{"health":0},
		"meteor":{"health":0},
		"fire":{"health":0},
		"hammer":{"health":0},
		"boomerang":{"health":0},
		"turretrocket":{"health":0},
	},

	"koopabossdata":[
		{"health":4,"healthbar":true},
		{"health":4,"healthbar":true},
		{"health":4,"healthbar":true},
		{"health":4,"healthbar":true},
		{"health":0},
		{"health":4,"healthbar":true},
		{"health":0},
		{"health":3,"healthbar":true},
		{"health":40,"noknockback":true,"healthbar":"big"}
	],
	"builtinenemies":{
		"upfire":{"health":0},
		"fire":{"health":0},
		"hammer":{"health":0},
		"koopa":{"health":1.5},
		"koopahalf":{"health":1.5},
		"koopaflying":{"health":1.5},
		"koopared":{"health":1.5},
		"kooparedhalf":{"health":1.5},
		"kooparedflying":{"health":1.5},
		"spikey":{"health":1.5},
		"spikeyhalf":{"health":1.5},
		"spikeyegg":{"health":1.5},
		"beetle":{"health":3},
	},
	"stupidwigglers":{
		"default":{"knockreturn":true},
		"wiggler":{"health":2,"knockreturn":true},
		"wigglerchild":{"healthbar":false},
		"spiketop":{"health":3,"noknockback":true},
		"spikey":{"health":1.5,"knockreturn":true},
		"spikeyfall":{"health":1.5,"knockreturn":true},
		"goombashoe":{"heath":2,"knockreturn":true},
	},
	"shellies":{
		"default":{"health":1.5,"knockreturn":true},
		"beetle":{"health":3,"knockreturn":true},
		"beetleshell":{"health":3,"knockreturn":true},
		"downbeetle":{"health":3,"knockreturn":true},
		"bigkoopa":{"health":3,"knockreturn":true},
		"bigbeetle":{"health":6,"knockreturn":true},
		"redflying":{"health":1.5,"knockreturn":true,"knockxmult":0.5},
		"flying2":{"health":1.5,"noknockback":true}
	},
	"boneshellies":{
		"boocrawler":{"noknockback":true},
		"drybones":{"health":1.5,"knockreturn":true},
		"drybeetle":{"health":3,"knockreturn":true}
	},


	"thewordenemy":"enemy",
	"width":0,
	"height":0,
	"active":false,
	"resistseverything":true,
	"ignoreplatform":true,
	"blowable":false,
	"customtimer":[
		[0,["set","soundstore"],["property","playsound"]],
		[0,["set","spawnstore"],["property","spawnenemy"]],
		[0,["set","quadgroup"],["property","spawner"]],
		[0,"setframe","playerobj"],
		[0,["set","quadgroup"],["property","quad"]],
		[0,"setframe","characterdata"],
		[0,["set","chardata"],["property","quad"]],
		[0,["set","quadgroup"],["property","quad"]],
		[0,"setframe","releasefunc"],
		[0,["set","releasefunc"],["property","quad"]],
		[0,"setframe","oldmode"],
		[0,["set","old"],["property","quad"]],

		[0,["set",1],["property","enemyname"]],
		[0,"spawnenemy"],
		[0,["set","quadgroup"],["property","spawnedenemies"]],
		[0,"setframe",1],
		[0,["set","blowchecktable"],["property","quad"]],
		[0,["set","spawnpassedparameters"],["enemy","deatheffect","deoffy","knockx","knocky","playerno"]],

		[0,["set","quadgroup"],["property","spawner"]],
		[0,"setframe","spawnedi"],
		[0,["set","var1"],["property","quad"]],
		[0,"setframe","spawnedenemies"],
		[0,["set","quadgroup"],["property","quad"]],
		[0,"setframe",["property","var1"]],
		[0,["set","self"],["property","quad"]],

		[0,["set","quadgroup"],["property","enemy"]],
		[0,"setframe","t"],
		[0,["if",["property","quad"],"notexists",""],["set","quad"],"default"],
		[0,["set","enemyt"],["property","quad"]],


		[0,["set","quadgroup"],["property","damagedata"]],
		[0,"setframe",["property","enemyname"]],
		[0,["set","specialdata"],["property","quad"]],
		[0,["set","quadgroup"],["property","self"]],
		[0,"setframe",["property","quad"]],
		[0,["if",["property","quad"],"notexists",""],["add","currentcustomtimerstage"],4],
			[0,["set","quadgroup"],["property","quad"]],
			[0,"setframe",["property","enemyt"]],
			[0,["if",["property","quad"],"notexists",""],"setframe","default"],
			[0,["set","specialdata"],["property","quad"]],
		[0,["if",["property","specialdata"],"notexists",""],["set","specialdata"],[]],

		[0,["if","enemyname","~=","thewordenemy"],["add","currentcustomtimerstage"],39],
			[0,["set","quadgroup"],["property","enemy"]],
			[0,"setframe","wcdhealth"],
			[0,["set","hp"],["property","quad"]],
			[0,"setframe","health"],
			[0,["if",["property","hp"],"notexists",""],["set","hp"],["property","quad"]],
			[0,"setframe","wcdhealthbar"],
			[0,["set","healthbar"],["property","quad"]],
			[0,"setframe","movement"],
			[0,["if","quad","==","flyvertical"],["set","knockxmult"],0.5],
			[0,"setframe","nowcdknockback"],
			[0,["if",["property","quad"],"exists",""],["add","currentcustomtimerstage"],4],
				[0,"setframe","movement"],
				[0,["set","quadgroup"],{"rocket":true,"crawl":true,"path":true,"shadow":true,"homing":true,"piston":true}],
				[0,"setframe",["property","quad"]],
				[0,["if","quad","==",true],["set","noknockback"],true],
			[0,["set","quadgroup"],["property","enemy"]],
			[0,"setframe","wcdknockreturn"],
			[0,["if","quad","==","default"],["set","quad"]],
			[0,["set","knockreturn"],["property","quad"]],
			[0,["if",["property","quad"],"exists",""],["add","currentcustomtimerstage"],19],
				[0,"setframe","friction"],
				[0,["if","quad","==",false],["set","quad"]],
				[0,["if",["property","quad"],"exists",""],["add","currentcustomtimerstage"],16],
					[0,"setframe","movement"],
					[0,["if","quad","==",false],["set","quad"],"pass"],
					[0,["if","quad","==","none"],["set","quad"],"pass"],
					[0,["if",["property","quad"],"notexists",""],["set","quad"],"pass"],
					[0,["if","quad","==","truffleshuffle"],["set","quad"],"pass"],
					[0,["if","quad","==","verticalwiggle"],["set","quad"],"pass"],
					[0,["if","quad","==","flyvertical"],["set","quad"],"pass"],
					[0,["if","quad","~=","pass"],["add","currentcustomtimerstage"],8],
						[0,["set","knockreturn"],true],
						[0,["set","var1"],false],
						[0,"setframe","ignoregravity"],
						[0,["if","quad","==",true],["set","var1"],true],
						[0,"setframe","gravity"],
						[0,["if","quad","==",0],["set","var1"],true],
						[0,["if","var1","~=",true],["add","currentcustomtimerstage"],1],
							[0,["set","knockreturn"],"dual"],
					
		[0,["set","quadgroup"],["property","enemy"]],
		[0,"setframe","small"],
		[0,["if","quad","==",true],["set","knockreturn"],false],

		[0,["set","quadgroup"],["property","specialdata"]],
		[0,"setframe","noknockback"],
		[0,["if",["property","noknockback"],"notexists",""],["set","noknockback"],["property","quad"]],
		[0,"setframe","knockxmult"],
		[0,["if",["property","quad"],"exists",""],["set","knockxmult"],["property","quad"]],
		[0,"setframe","knockymult"],
		[0,["set","knockymult"],["property","quad"]],
		[0,"setframe","health"],
		[0,["if",["property","hp"],"notexists",""],["set","hp"],["property","quad"]],
		[0,"setframe","healthbar"],
		[0,["if",["property","healthbar"],"notexists",""],["set","healthbar"],["property","quad"]],
		[0,"setframe","knockreturn"],
		[0,["if",["property","knockreturn"],"notexists",""],["set","knockreturn"],["property","quad"]],

		[0,["if",["property","knockreturn"],"notexists",""],["set","knockreturn"],false],
		[0,["print","knockreturn"]],

		[0,["if",["property","knockxmult"],"notexists",""],["set","knockxmult"],1],
		[0,["if",["property","knockymult"],"notexists",""],["set","knockymult"],1],


		[0,["if",["property","hp"],"exists",""],["add","currentcustomtimerstage"],18],
			[0,["set","quadgroup"],["property","enemy"]],
			[0,"setframe","width"],
			[0,["set","hp"],["property","quad"]],
			[0,"setframe","height"],
			[0,["multiply","hp"],["property","quad"]],
			[0,["set","var1"],["property","hp"]],
			[0,["sqrt","var1"]],
			[0,["max","hp"],["property","var1"]],
			[0,"setframe","resistsfire"],
			[0,["if","quad","==",true],["multiply","hp"],2],
			[0,"setframe","shellanimal"],
			[0,["if","quad","==",true],["multiply","hp"],2],
			[0,"setframe","resistsenemykill"],
			[0,["if","quad","==",true],["multiply","hp"],2],
			[0,"setframe","supersized"],
			[0,["if",["property","quad"],"notexists",""],["set","quad"],1],
			[0,["divide","hp"],["property","quad"]],
			[0,["add","currentcustomtimerstage"],4],

		[0,["set","quadgroup"],["property","enemy"]],
		[0,"setframe","supersized"],
		[0,["if",["property","quad"],"notexists",""],["set","quad"],1],
		[0,["multiply","hp"],["property","quad"]],

		[0,["set","starthp"],["property","hp"]],

		[0,["if",["property","healthbar"],"notexists",""],["set","healthbar"],true],
		[0,["if",["property","healthbar"],"==",false],["set","healthbar"]],
		[0,["if",["property","healthbar"],"notexists",""],["add","currentcustomtimerstage"],5],
			[0,["set","spawnsenemy"],["property","healthbar"]],
			[0,["if","healthbar","==",true],["set","spawnsenemy"],"kz healthbar"],
			[0,["if","healthbar","==","small"],["set","spawnsenemy"],"kz healthbar"],
			[0,["if","healthbar","==","big"],["set","spawnsenemy"],"kz healthbar big"],
			[0,"spawnenemy"],

		[0,["set","quadgroup"],["property","enemy"]],
		[0,"setframe","x"],
		[0,["set","x"],["property","quad"]],
		[0,"setframe","y"],
		[0,["set","y"],["property","quad"]],
		[0,"setframe","width"],
		[0,["set","icevalue"],["property","quad"]],
		[0,["set","shortside"],["property","quad"]],
		[0,["divide","quad"],2],
		[0,["add","x"],["property","quad"]],
		[0,"setframe","height"],
		[0,["multiply","icevalue"],["property","quad"]],
		[0,["min","shortside"],["property","quad"]],
		[0,["divide","quad"],2],
		[0,["add","y"],["property","quad"]],
		[0,["multiply","icevalue"],["property","shortside"]],
		[0,["pow","icevalue"],0.333333333333333333],
		[0,["max","icevalue"],1],
		[0,["ceil","icevalue"]],
		[0,["min","icevalue"],3],

		[0,["set","quadgroup"],["k iceblock 1","k iceblock 2","k iceblock 3"]],
		[0,"setframe",["property","icevalue"]],
		[0,["set","iceblocksize"],["property","quad"]],











		[0,["set","loopline"],["property","currentcustomtimerstage"]],
		[0,["add","loopline"],2],
		[0,["add","currentcustomtimerstage"],2],
			[0,["if","skipdelay","~=",true],["set","customtimertimer"],0],
			[0,""],

		[0,["set","blowrange"]],
		[0,["set","blowminspeedx"]],
		[0,["set","blowmaxspeedx"]],
		[0,["set","blowminspeedy"]],
		[0,["set","blowmaxspeedy"]],
		[0,["set","skipdelay"]],


		[0,["set","quadgroup"],["property","enemy"]],
		[0,"setframe","transformedinto"],
		[0,["if",["property","quad"],"notexists",""],["add","currentcustomtimerstage"],2],
			[0,["set","enemy"],["property","quad"]],
			[0,["subtract","currentcustomtimerstage"],5],

		[0,["set","enemydead"]],
		[0,["set","quadgroup"],["property","enemy"]],
		[0,"setframe","dead"],
		[0,["if","quad","==",true],["set","enemydead"],true],
		[0,"setframe","shot"],
		[0,["if","quad","==",true],["set","enemydead"],true],
		[0,"setframe","kill"],
		[0,["if","quad","==",true],["set","enemydead"],true],
		[0,"setframe","delete"],
		[0,["if","quad","==",true],["set","enemydead"],true],
		[0,"setframe","removeregister"],
		[0,["if","quad","==",true],["set","enemydead"],true],
		[0,"setframe","instantdelete"],
		[0,["if","quad","==",true],["set","enemydead"],true],
		[0,["if","enemydead","~=",true],["add","currentcustomtimerstage"],10],
			[0,["set","customtimertimer"],0],
			[0,""],
			[0,["set","quadgroup"],["property","spawner"]],
			[0,"setframe","idle"],
			[0,["if","quad","~=",true],["subtract","currentcustomtimerstage"],5],

			[0,["set","kill"],true],
			[0,["set","enemy"]],
			[0,["set","b"]],
			[0,["set","spawnedenemies"],["property","outtable"]],
			[1,""],


		[0,["set","quadgroup"],["property","enemy"]],
		[0,"setframe","x"],
		[0,["set","x"],["property","quad"]],
		[0,"setframe","y"],
		[0,["set","y"],["property","quad"]],

		[0,"setframe","width"],
		[0,["set",3],["property","quad"]],
		[0,["reverse",3]],
		[0,["divide","quad"],2],
		[0,["add","x"],["property","quad"]],
		[0,["set",1],["property","quad"]],

		[0,"setframe","height"],
		[0,["set",4],["property","quad"]],
		[0,["reverse",4]],
		[0,["divide","quad"],2],
		[0,["add","y"],["property","quad"]],
		[0,["set",2],["property","quad"]],

		[0,["subtract",1],5e-11],
		[0,["subtract",2],5e-11],
		[0,["add",3],1e-10],
		[0,["add",4],1e-10],

		[0,"setframe","wcdknockxmult"],
		[0,["if",["property","quad"],"exists",""],["set","knockxmult"],["property","quad"]],
		[0,"setframe","wcdknockymult"],
		[0,["if",["property","quad"],"exists",""],["set","knockymult"],["property","quad"]],
		[0,"setframe","nowcdknockback"],
		[0,["if",["property","quad"],"exists",""],["set","noknockback"],["property","quad"]],
		[0,"setframe","nowcdknockx"],
		[0,["if",["property","quad"],"exists",""],["set","noknockx"],["property","quad"]],
		[0,"setframe","nowcdknocky"],
		[0,["if",["property","quad"],"exists",""],["set","noknocky"],["property","quad"]],
		[0,"setframe","wcdknockreturn"],
		[0,["if","quad","==","default"],["set","quad"]],
		[0,["if",["property","quad"],"exists",""],["set","knockreturn"],["property","quad"]],
		[0,["if","knockreturn","==",false],["set","knockreturntimer"],0],


		[0,["if","knockreturntimer","<=",0],["add","currentcustomtimerstage"],20],
			[0,["subtract","knockreturntimer"],["property","customtimertimer"]],
			[0,["if","knockreturntimer",">",0],["add","currentcustomtimerstage"],18],
				[0,["print","knockreturnx"]],
				[0,["set","var1"],["property","customtimertimer"]],
				[0,["set","blowrange"],["property","self"]],
				[0,["set","blowmaxspeedx"],["property","knockreturnx"]],
				[0,["set","blowminspeedx"],["property","knockreturnx"]],
				[0,["set","blowmaxspeedy"],["property","knockreturny"]],
				[0,["set","blowminspeedy"],["property","knockreturny"]],

				[0,["set","playsound"],["property","update"]],
				[0,["if",["property","customtimertimer"],"<",1],"playsound",1],
				[0,["set","customtimertimer"],["property","var1"]],
				[0,["set","playsound"],["property","soundstore"]],

				[0,["set","knockreturnx"]],
				[0,["set","knockreturny"]],
				[0,["set","blowrange"]],
				[0,["set","blowmaxspeedx"]],
				[0,["set","blowminspeedx"]],
				[0,["set","blowmaxspeedy"]],
				[0,["set","blowminspeedy"]],



		[0,["subtract","hittimer"],["property","customtimertimer"]],
		[0,["max","hittimer"],0],
		[0,["subtract","hittimer2"],["property","customtimertimer"]],
		[0,["max","hittimer2"],0],
		[0,["subtract","hittimer3"],["property","customtimertimer"]],
		[0,["max","hittimer3"],0],
		[0,["subtract","hittimer4"],["property","customtimertimer"]],
		[0,["max","hittimer4"],0],
		[0,["subtract","hittimer5"],["property","customtimertimer"]],
		[0,["max","hittimer5"],0],
		[0,["subtract","hittimer6"],["property","customtimertimer"]],
		[0,["max","hittimer6"],0],
		[0,["subtract","hittimer7"],["property","customtimertimer"]],
		[0,["max","hittimer7"],0],
		[0,["subtract","hittimer8"],["property","customtimertimer"]],
		[0,["max","hittimer8"],0],



		[0,["set","quadgroup"],["property","spawner"]],
		[0,"setframe","enemy"],
		[0,["if",["property","quad"],"~=","enemy"],["set","currentcustomtimerstage"],["property","loopline"]],

		[0,"setframe","playerno"],
		[0,["if",["property","quad"],"notexists",""],["set","quad"],1],
		[0,["set","playerno"],["property","quad"]],


		[0,"setframe","damagetype"],
		[0,["set","damagetype"],["property","quad"]],
		[0,"setframe","damage"],
		[0,["set","dmg"],["property","quad"]],
		[0,["subtract","hp"],["property","quad"]],
		[0,["print",""]],
		[0,["print","quad"]],
		[0,["print","hp"]],
		[0,"setframe","hitdamage"],
		[0,["set","hitdamage"],["property","quad"]],
		[0,["if","quad",">=",6],["add","currentcustomtimerstage"],1],
		[0,["if","damagetype","~=","impact"],["add","currentcustomtimerstage"],4],
			[0,["set","playsound"],["property","triggeranimation"]],
			[0,["if","quad",">=",10],"playsound","kshake"],
			[0,["if","quad","<",10],"playsound","kshake2"],
			[0,["set","playsound"],["property","soundstore"]],
		[0,"setframe","iframe"],
		[0,["if","quad","==",0],["add","currentcustomtimerstage"],8],
			[0,["if","playerno","==",1],["set","hittimer"],["property","quad"]],
			[0,["if","playerno","==",2],["set","hittimer2"],["property","quad"]],
			[0,["if","playerno","==",3],["set","hittimer3"],["property","quad"]],
			[0,["if","playerno","==",4],["set","hittimer4"],["property","quad"]],
			[0,["if","playerno","==",5],["set","hittimer5"],["property","quad"]],
			[0,["if","playerno","==",6],["set","hittimer6"],["property","quad"]],
			[0,["if","playerno","==",7],["set","hittimer7"],["property","quad"]],
			[0,["if","playerno","==",8],["set","hittimer8"],["property","quad"]],
		[0,["if","hp","<=",0],["set","noknockback"]],
		[0,["if","hp","<=",0],["set","noknockx"]],
		[0,["if","hp","<=",0],["set","noknocky"]],
		[0,["if","noknockback","==",true],["add","currentcustomtimerstage"],19],
			[0,"setframe","knockx"],
			[0,["set","varx"],["property","quad"]],
			[0,["if","quad","==",false],["add","currentcustomtimerstage"],5],
			[0,["if","noknockx","==",true],["add","currentcustomtimerstage"],4],
				[0,["if","hp",">",0],["multiply","quad"],["property","knockxmult"]],
				[0,["set","knockx"],["property","quad"]],
				[0,["set","blowminspeedx"],["property","quad"]],
				[0,["set","blowmaxspeedx"],["property","quad"]],
			[0,"setframe","knocky"],
			[0,["set","vary"],["property","quad"]],
			[0,["if","quad","==",false],["add","currentcustomtimerstage"],5],
			[0,["if","noknocky","==",true],["add","currentcustomtimerstage"],4],
				[0,["if","hp",">",0],["multiply","quad"],["property","knockymult"]],
				[0,["set","knocky"],["property","quad"]],
				[0,["set","blowminspeedy"],["property","quad"]],
				[0,["set","blowmaxspeedy"],["property","quad"]],
			[0,["if","varx","~=",false],["add","currentcustomtimerstage"],1],
			[0,["if","vary","==",false],["add","currentcustomtimerstage"],1],
			[0,["if","hp",">",0],["set","blowrange"],["property","self"]],

		[0,["if","hp","<=",0],["add","currentcustomtimerstage"],33],
			[0,["if","dmg",">",0],["add","currentcustomtimerstage"],3],
				[0,["set","spawnsenemy"],"k star bounce"],
				[0,"spawnenemy"],
				[0,["add","currentcustomtimerstage"],5],
			[0,["if","hitdamage","<",8],["add","currentcustomtimerstage"],3],
				[0,["set","spawnsenemy"],"k big hit sound"],
				[0,"spawnenemy"],
				[0,["add","currentcustomtimerstage"],1],
			[0,"playsound",["property","t"]],
			[0,["set","quadgroup"],["property","enemy"]],
			[0,"setframe","wcdhurtproperties"],
			[0,["if",["property","quad"],"notexists",""],["add","currentcustomtimerstage"],5],
				[0,["set","spawnenemy"],["property","releasefunc"]],
				[0,["set","b"],["property","enemy"]],
				[0,["set","oldb"],["property","quad"]],
				[0,"spawnenemy"],
				[0,["set","spawnenemy"],["property","spawnstore"]],

			[0,["if",["property","blowrange"],"notexists",""],["add","currentcustomtimerstage"],14],
				[0,["if","knockreturn","==",false],["add","currentcustomtimerstage"],10],
					[0,["if","knockreturntimer",">",0],["add","currentcustomtimerstage"],5],
						[0,"setframe","speedx"],
						[0,["set","knockreturnx"],["property","quad"]],
						[0,["if","knockreturn","~=","dual"],["add","currentcustomtimerstage"],2],
							[0,"setframe","speedy"],
							[0,["set","knockreturny"],["property","quad"]],
					[0,["set","knockreturntimer"],["property","knockx"]],
					[0,["max","knockreturntimer"],1],
					[0,["abs","knockreturntimer"]],
					[0,["divide","knockreturntimer"],24],

				[0,["set","playsound"],["property","update"]],
				[0,["if",["property","customtimertimer"],"<",1],"playsound",1],
				[0,["set","playsound"],["property","soundstore"]],

			[0,["set","currentcustomtimerstage"],["property","loopline"]],




		[0,["set","enemydead"],true],

		[0,["if","enemyname","~=","thewordenemy"],["add","currentcustomtimerstage"],4],
			[0,["set","quadgroup"],["property","enemykills"]],
			[0,"setframe",["property","enemyt"]],
			[0,["set","deathprops"],["property","quad"]],
			[0,["if",["property","quad"],"exists",""],["add","currentcustomtimerstage"],4],
			
		[0,["set","quadgroup"],["property","specialkills"]],
		[0,"setframe",["property","enemyname"]],
		[0,["if",["property","quad"],"notexists",""],["set","quad"],["property","generickill"]],
		[0,["set","deathprops"],["property","quad"]],

		[0,["if","enemyname","~=","bomb"],["add","currentcustomtimerstage"],2],
			[0,["if","damagetype","==","ice"],["set","deathprops"],["property","generickill"]],
			[0,["if","damagetype","==","impact"],["set","deathprops"],["property","generickill"]],


		[0,["set","quadgroup"],["property","enemy"]],
		[0,["if","damagetype","==","ice"],["set","canfreeze"],true],
		[0,["if","damagetype","==","impact"],["set","canfreeze"],true],

		[0,"setframe","wcddeathproperties"],
		[0,["if",["property","quad"],"exists",""],["set","deathprops"],["property","quad"]],
		[0,["set","quadgroup"],["property","deathprops"]],


		[0,"setframe","dontfreeze"],
		[0,["if","quad","==",true],["set","canfreeze"],false],
		[0,["if","damagetype","~=","impact"],["add","currentcustomtimerstage"],3],
			[0,"setframe","dontimpact"],
			[0,["if",["property","quad"],"exists",""],["set","canfreeze"],["property","quad"]],
			[0,["if",["property","quad"],"exists",""],["reverse","canfreeze"]],

		[0,["if","damagetype","~=","impact"],["add","currentcustomtimerstage"],6],
			[0,["set","quadgroup"],["property","enemy"]],
			[0,"setframe","width"],
			[0,["if","quad",">",1],["set","canfreeze"],false],
			[0,"setframe","height"],
			[0,["if","quad",">",1],["set","canfreeze"],false],
			[0,["set","quadgroup"],["property","deathprops"]],




		[0,"setframe","deatheffect"],
		[0,["if",["property","quad"],"exists",""],["set","deatheffect"],["property","quad"]],
		[0,["if","canfreeze","~=",true],["add","currentcustomtimerstage"],2],
			[0,["if","damagetype","==","ice"],["set","deatheffect"],["property","iceblocksize"]],
			[0,["if","damagetype","==","impact"],["set","deatheffect"],"k impact shot"],

		[0,["if","canfreeze","==",true],["add","currentcustomtimerstage"],2],
			[0,"setframe","deatheffectoffsety"],
			[0,["if",["property","quad"],"exists",""],["set","deoffy"],["property","quad"]],


		[0,["set","quadgroup"],["property","deathprops"]],
		[0,"setframe","nodeaththrow"],
		[0,["if","old","==",true],["set","quad"],true],
		[0,["if","canfreeze","==",true],["set","quad"],true],
		[0,["if","quad","==",true],["add","currentcustomtimerstage"],8],
			[0,["if","hitdamage","<",8],["add","currentcustomtimerstage"],3],
				[0,["set","spawnsenemy"],"k big hit sound"],
				[0,"spawnenemy"],
				[0,["add","currentcustomtimerstage"],1],
			[0,"playsound",["property","t"]],
			[0,["set","spawnsenemy"],"k death throw mimic"],
			[0,"spawnenemy"],
			[0,["add","currentcustomtimerstage"],3],

		[0,["set","spawnsenemy"],["property","deatheffect"]],
		[0,["set","spawnenemyoffsety"],["property","deoffy"]],
		[0,"spawnenemy"],

		[0,["set","spawnenemy"],["property","releasefunc"]],
		[0,["set","b"],["property","enemy"]],
		[0,["set","oldb"],["property","deathprops"]],
		[0,"spawnenemy"],

		[0,["set","quadgroup"],["property","spawner"]],
		[0,["set","customtimertimer"],0],
		[0,""],
		[0,"setframe","idle"],
		[0,["if","quad","~=",true],["subtract","currentcustomtimerstage"],4],

		[0,["set","kill"],true],
		[0,["set","enemy"]],
		[0,["set","b"]],
		[0,["set","spawnedenemies"],["property","outtable"]],
		[1,""]
	]
}