{
	"hidden":true,

	"width":0,
	"height":0,
	"hollow":true,
	"NOEXTERNALHORCOLLISIONS":true,
	"NOEXTERNALVERCOLLISIONS":true,
	"active":false,
	"activestatic":true,
	"static":true,
	"regiontriggerexclude":true,
	"doesntpressbuttons":true,
	"ignorefaithplates":true,
	"dontenterclearpipes":true,
	"dontstoplasers":true,
	"notkilledfromblocksbelow":true,
	"nointernalplatform":true,
	"portalable":false,

	"nokilltable":{
		"tile":true,
		"pixeltile":true,
		"tilemoving":true,
		"portalwall":true,
		"screenboundary":true,
		"ceilblocker":true,
		"edgewrap":true,
		"platform":true,
		"seesawplatform":true,
		"redseesaw":true,
		"spring":true,
		"skewer":true,
		"snakeblock":true,
		"grinder":true,
		"kingbill":true,
		"cannonballcannon":true,
		"clearpipesegment":true,
		"blocktogglebutton":true,
		"pbutton":true,
		"buttonblock":true,
		"pedestal":true,
		"longfire":true,
		"castlefirefire":true,
		"donut":true,
		"ice":true,
		"vine":true,
		"checkpointflag":true,
		"flipblock":true,
		"door":true,
		"plantcreepersegment":true,
		"box":true,
		"energycatcher":true,
		"energylauncher":true,
		"yoshi":true,
		"frozencoin":true,
		"lightbridgebody":true,
		"cubedispenser":true,
		"geldispenser":true,
		"gel":true,
		"belt":true,
		"torpedolauncher":true,
		"faithplate":true,
		"smallspring":true,
		"player":true,

		"poisonmush":true,
		"mushroom":true,
		"flower":true,
		"star":true,
		"threeup":true,
		"smbsitem":true,
	},
	"reflectable":{
		"fire":true,
		"plantfire":true,
		"hammer":true,
		"boomerang":true,
		"brofireball":true,
		"turretrocket":true,
		"wrench":true,
		"cannonball":true,
	},

	"-category":3,
	"mask":[	true, 
			true, true, false, false, true,
			false, false, false, false, false,
			false, false, false, false, false,
			false, false, false, false, false,
			false, false, false, false, false,
			false, false, false, false, false,
			false],
	"ignoreplatform":true,
	"blowable":false,
	"resistseverything":true,
	"freezable":false,

	"spawnsenemy":"k hitbox bricks",
	"spawnenemydelays":[99e99],
	"spawnpassedparameters":["host","id"],

	"in case I feel like adding ellipses":
	"y dist to point = sin(a) * height
	 x dist to point = cos(a) * width",

	"id":true,
	"damage":0.5,
	"iframe":0.1,
	"playerno":1,
	"outi":1,
	"thewordenemy":"enemy",
	"customtimer":[
		[0,["set","host"],["property","spawner"]],
		[0,["if",["property","host"],"notexists",""],["set","host"],["property","parent"]],
		[0,["if",["property","host"],"exists",""],["add","currentcustomtimerstage"],2],
			[0,["set","instantdelete"],true],
			[0,["set","customtimertimer"],0],

		[0,["set","passivecollide"],["property","addoutput"]],
		[0,["set","playsound"],["property","spawnenemy"]],
		[0,["set","active"],true],
		[0,["set","ogspawns"],["property","spawnedenemies"]],

		[0,["set","quadgroup"],["property","host"]],
		[0,"setframe","damagetype"],
		[0,["if","quad","==","fire"],["add","currentcustomtimerstage"],3],
		[0,"setframe","hitboxbricks"],
		[0,["set","hitboxbricks"],["property","quad"]],
		[0,["if","quad","~=",true],["add","currentcustomtimerstage"],4],
			[0,"spawnenemy"],
			[0,["set","quadgroup"],["property","spawnedenemies"]],
			[0,"setframe",1],
			[0,["set","brickobj"],["property","quad"]],
		[0,["set","spawnsenemy"],"k messenger"],
		[0,["set","spawnpassedparameters"],["enemy","enemyname","damagetype","damage","iframe","knockx","knocky","playerno"]],

		[0,["set","quadgroup"],["property","host"]],
		[0,"setframe","externalhitbox"],
		[0,["if","quad","==",true],["add","currentcustomtimerstage"],21],
			[0,["add","currentcustomtimerstage"],3],
			[0,"setframe","spawner"],
			[0,["if",["property","quad"],"notexists",""],"setframe","parent"],
			[0,["set","quadgroup"],["property","quad"]],
			[0,"setframe","playerobj"],
			[0,["if",["property","quad"],"notexists",""],["add","currentcustomtimerstage"],6],
				[0,["set","qs"],["property","quadgroup"]],
				[0,["set","playerobj"],["property","quad"]],
				[0,["set","quadgroup"],["property","quad"]],
				[0,"setframe","playernumber"],
				[0,["set","playerno"],["property","quad"]],
				[0,["set","quadgroup"],["property","qs"]],
			[0,"setframe","dmgindx"],
			[0,["if",["property","quad"],"notexists",""],["subtract","currentcustomtimerstage"],13],
			[0,["set","quadgroup"],["property","quad"]],
			[0,["set","dmgindx"],["property","quad"]],
			[0,"setframe","outtable"],
			[0,["set","spawnedenemies"],["property","quad"]],
			[0,["set","newspawns"],["property","quad"]],
			[0,["set","externalhitbox"],false],
			[0,["set","spawnsenemy"],"nil"],

		[0,["set","bknockx"],["property","knockx"]],
		[0,["set","bknocky"],["property","knocky"]],

		[0,["set","rplayerno"],["property","playerno"]],

		[0,["set","speedx"],0],
		[0,["set","speedy"],0],

		[0,["set","sn"],["property","currentcustomtimerstage"]],
		[0,["add","sn"],2],
		[0,["add","currentcustomtimerstage"],2],
			[0,["set","customtimertimer"],0],
			[0,["set","hitobj"]],

		[0,["if",["property","externalhitbox"],"~=",false],["add","currentcustomtimerstage"],3],
			[0,["set","quadgroup"],["property","dmgindx"]],
			[0,"setframe","outtable"],
			[0,["set","spawnedenemies"],["property","quad"]],

		[0,["set","quadgroup"],["property","host"]],

		[0,"setframe","x"],
		[0,["set","x"],["property","quad"]],
		[0,"setframe","y"],
		[0,["set","y"],["property","quad"]],
		[0,"setframe","hitoffx"],
		[0,["add","x"],["property","quad"]],
		[0,"setframe","hitoffy"],
		[0,["add","y"],["property","quad"]],
		[0,"setframe","hitactive"],
		[0,["if",["property","quad"],"notexists",""],["set","quad"],true],
		[0,["set","active"],["property","quad"]],

		[0,"setframe","hitoptimize"],
		[0,["if","start","~=",true],["set","quad"]],
		[0,["if","quad","==",true],["add","currentcustomtimerstage"],65],
			[0,["set","start"],true],
			[0,"setframe","width"],
			[0,["set","width"],["property","quad"]],
			[0,"setframe","height"],
			[0,["set","height"],["property","quad"]],
			[0,"setframe","hitoffwidth"],
			[0,["add","width"],["property","quad"]],
			[0,"setframe","hitoffheight"],
			[0,["add","height"],["property","quad"]],

			[0,"setframe","speedx"],
			[0,["multiply","quad"],["property","customtimertimer"]],
			[0,["add","x"],["property","quad"]],
			[0,"setframe","speedy"],
			[0,["multiply","quad"],["property","customtimertimer"]],
			[0,["add","y"],["property","quad"]],


			[0,"setframe","multihitbox"],
			[0,["if",["property","quad"],"notexists",""],["add","currentcustomtimerstage"],3],
				[0,["set","quadgroup"],["property","quad"]],
				[0,"setframe",["property","id"]],
				[0,["set","quadgroup"],["property","quad"]],


			[0,"setframe","hitdetect"],
			[0,["set","hitdetect"],["property","quad"]],
			[0,"setframe","damagetype"],
			[0,["if",["property","quad"],"notexists",""],["set","quad"],"physical"],
			[0,["set","damagetype"],["property","quad"]],
			[0,["set","meltsice"]],
			[0,["if","quad","==","fire"],["set","meltsice"],true],
			[0,"setframe","useiframe"],
			[0,["if",["property","quad"],"==",false],["add","currentcustomtimerstage"],5],
			[0,["if",["property","quad"],"notexists",""],["add","currentcustomtimerstage"],4],
				[0,["if","quad","~=",1],["add","currentcustomtimerstage"],2],
					[0,["set","quad"],["property","rplayerno"]],
					[0,["add","quad"],2],
				[0,["set","playerno"],["property","quad"]],

			[0,"setframe","hitradius"],
			[0,["set","hitradius"],["property","quad"]],
			[0,["if",["property","hitradius"],"==",false],["set","hitradius"]],
			[0,"setframe","hitcenterx"],
			[0,["set","hitcenterx"],["property","quad"]],
			[0,"setframe","hitcentery"],
			[0,["set","hitcentery"],["property","quad"]],
			[0,"setframe","knockangular"],
			[0,["set","knockangular"],["property","quad"]],
			[0,"setframe","mirrorknockx"],
			[0,["set","mirrorknockx"],["property","quad"]],

			[0,"setframe","singleuse"],
			[0,["set","singleuse"],["property","quad"]],
			[0,"setframe","damage"],
			[0,["set","damage"],["property","quad"]],
			[0,"setframe","iframe"],
			[0,["set","iframe"],["property","quad"]],
			[0,"setframe","knockx"],
			[0,["set","knockx"],["property","quad"]],
			[0,"setframe","knocky"],
			[0,["set","knocky"],["property","quad"]],

			[0,["if",["property","hitradius"],"notexists",""],["add","currentcustomtimerstage"],4],
				[0,["set","killzonex"],["property","hitcenterx"]],
				[0,["set","killzoney"],["property","hitcentery"]],
				[0,["set","killzoner"],["property","hitradius"]],
				[0,["pow","killzoner"],2],

			[0,["-set","quadgroup"],["property","host"]],
			[0,"-setframe","knockdir"],
			[0,["-if",["property","knockdir"],"exists",""],["multiply","knockx"],["property","quad"]],

			[0,["set","bknockx"],["property","knockx"]],
			[0,["set","bknocky"],["property","knocky"]],



		[0,["if","hitboxbricks","~=",true],["add","currentcustomtimerstage"],5],
			[0,["if","singleuse","~=",true],["add","currentcustomtimerstage"],4],
				[0,["set","quadgroup"],["property","brickobj"]],
				[0,"setframe","transformkill"],
				[0,["if","quad","==",true],["set","instantdelete"],true],
				[0,["if","quad","==",true],["set","hitabrick"],true],

		[0,["set","quadgroup"],["property","host"]],
		[0,"setframe","transformkill"],
		[0,["if","quad","==",true],["set","instantdelete"],true],
		[0,"setframe","delete"],
		[0,["if","quad","==",true],["set","instantdelete"],true],
		[0,"setframe","instantdelete"],
		[0,["if","quad","==",true],["set","instantdelete"],true],
		[0,"setframe","removehitbox"],
		[0,["if","quad","==",true],["set","instantdelete"],true],
		[0,["if","instantdelete","==",true],["set","active"],false],
		[0,["-if","instantdelete","==",true],["set","customtimertimer"],0],


		[0,["set","ln"],["property","currentcustomtimerstage"]],

		[0,["set","quadgroup"],["property","outtable"]],
		[0,"setframe",["property","outi"]],
		[0,["if",["property","quad"],"notexists",""],["set","currentcustomtimerstage"],["property","sn"]],
		[0,["add","outi"],1],
		[0,["set","quadgroup"],["property","quad"]],
		[0,["set","outtabletable"],["property","quad"]],

		[0,"setframe",2],
		[0,["set","enemy"],["property","quad"]],

		[0,["set","quadgroup"],["property","outtable"]],
		[0,"setframe",["property","outi"]],
		[0,["if",["property","quad"],"notexists",""],["add","currentcustomtimerstage"],3],
		[0,["set","quadgroup"],["property","quad"]],
		[0,"setframe",2],
		[0,["if","quad","==","enemy"],["add","outi"],1],

		[0,["set","quadgroup"],["property","outtabletable"]],
		[0,"setframe",1],
		[0,["set","enemyname"],["property","quad"]],
		[0,["set","quadgroup"],["property","nokilltable"]],
		[0,"setframe",["property","quad"]],
		[0,["if","quad","==",true],["set","currentcustomtimerstage"],["property","ln"]],


		[0,["if","enemy","==","host"],["set","currentcustomtimerstage"],["property","ln"]],
		[0,["set","quadgroup"],["property","enemy"]],


		[0,"setframe","pvpid"],
		[0,["if",["property","quad"],"notexists",""],["add","currentcustomtimerstage"],3],
			[0,["if","quad","==","playerno"],["set","currentcustomtimerstage"],["property","ln"]],
			[0,["add","quad"],2],
			[0,["if","quad","==","playerno"],["set","currentcustomtimerstage"],["property","ln"]],
		[0,["if","damagetype","~=","mirror"],["add","currentcustomtimerstage"],2],
			[0,"setframe","mirrorprojectile"],
			[0,["if","quad","==",true],["add","currentcustomtimerstage"],17],
		[0,"setframe","wcdvulnerable"],
		[0,["if","enemyname","==","glados"],["set","quad"],true],
		[0,["if","quad","==",true],["add","currentcustomtimerstage"],14],
			[0,"setframe","removeonmariocontact"],
			[0,["if","quad","~=",true],["add","currentcustomtimerstage"],3],
				[0,"setframe","givecoinondeath"],
				[0,["if","quad","==",false],["set","quad"]],
				[0,["if",["property","quad"],"exists",""],["set","currentcustomtimerstage"],["property","ln"]],
			[0,"setframe","resistseverything"],
			[0,["if","quad","==",true],["set","currentcustomtimerstage"],["property","ln"]],
			[0,"setframe","nowcddamage"],
			[0,["if","quad","==",true],["set","currentcustomtimerstage"],["property","ln"]],
			[0,"setframe","mask"],
			[0,["if",["property","quad"],"notexists",""],["set","quad"],[]],
			[0,["set","quadgroup"],["property","quad"]],
			[0,"setframe",3],
			[0,["if","quad","==",true],["set","currentcustomtimerstage"],["property","ln"]],


		[0,["set","quadgroup"],["property","enemy"]],
		[0,"setframe","wcddamageresistances"],
		[0,["if",["property","quad"],"notexists",""],["add","currentcustomtimerstage"],6],
			[0,["set","quadgroup"],["property","quad"]],
			[0,"setframe","solidresist"],
			[0,["if","quad","==",true],["add","currentcustomtimerstage"],3],
			[0,"setframe",["property","damagetype"]],
			[0,["if",["property","quad"],"notexists",""],"setframe","default"],
			[0,["if","quad","==",0],["set","currentcustomtimerstage"],["property","ln"]],
		

		[0,["if","mirrorknockx","~=",true],["add","currentcustomtimerstage"],10],
			[0,["set","cx"],["property","x"]],
			[0,["add","cx"],["property","hitcenterx"]],
			[0,["set","quadgroup"],["property","enemy"]],
			[0,"setframe","x"],
			[0,["set","ex"],["property","quad"]],
			[0,"setframe","width"],
			[0,["divide","quad"],2],
			[0,["add","ex"],["property","quad"]],
			[0,["set","knockx"],["property","bknockx"]],
			[0,["if","ex","<","cx"],["reverse","knockx"]],

		[0,["if",["property","hitradius"],"notexists",""],["add","currentcustomtimerstage"],41],
			[0,["set","cx"],["property","x"]],
			[0,["add","cx"],["property","hitcenterx"]],
			[0,["set","cy"],["property","y"]],
			[0,["add","cy"],["property","hitcentery"]],
			[0,["set","vx"],["property","cx"]],
			[0,["set","vy"],["property","cy"]],

			[0,["set","quadgroup"],["property","enemy"]],
			[0,"setframe","x"],
			[0,["set","ecx"],["property","quad"]],
			[0,["set","ex"],["property","quad"]],
			[0,["max","vx"],["property","ex"]],
			[0,"setframe","width"],
			[0,["add","ex"],["property","quad"]],
			[0,["min","vx"],["property","ex"]],
			[0,["divide","quad"],2],
			[0,["add","ecx"],["property","quad"]],

			[0,"setframe","y"],
			[0,["set","ecy"],["property","quad"]],
			[0,["set","ey"],["property","quad"]],
			[0,["max","vy"],["property","ey"]],
			[0,"setframe","height"],
			[0,["add","ey"],["property","quad"]],
			[0,["min","vy"],["property","ey"]],
			[0,["divide","quad"],2],
			[0,["add","ecy"],["property","quad"]],

			[0,["subtract","vx"],["property","cx"]],
			[0,["subtract","vy"],["property","cy"]],

			[0,["-print","vy"]],

			[0,["if","knockangular","~=",true],["add","currentcustomtimerstage"],7],
				[0,["subtract","ecx"],["property","cx"]],
				[0,["subtract","ecy"],["property","cy"]],
				[0,["atan2","angle"],[["property","ecy"],["property","ecx"]]],
				[0,["cos","knockx"],["property","angle"]],
				[0,["multiply","knockx"],["property","bknockx"]],
				[0,["sin","knocky"],["property","angle"]],
				[0,["multiply","knocky"],["property","bknocky"]],
			[0,["pow","vx"],2],
			[0,["pow","vy"],2],
			[0,["add","vx"],["property","vy"]],
			[0,["sqrt","vx"]],
			[0,["if","vx",">","hitradius"],["set","currentcustomtimerstage"],["property","ln"]],


		[0,["if","damagetype","~=","mirror"],["add","currentcustomtimerstage"],43],
			[0,["if","enemyname","==","thewordenemy"],["add","currentcustomtimerstage"],4],
				[0,["set","quadgroup"],["property","reflectable"]],
				[0,"setframe",["property","enemyname"]],
				[0,["if","quad","==",true],["add","currentcustomtimerstage"],29],
				[0,["add","currentcustomtimerstage"],38],
			[0,["set","quadgroup"],["property","enemy"]],
			[0,["set","pass"],true],
			[0,"setframe","width"],
			[0,["if","quad",">",1],["set","pass"],false],
			[0,"setframe","height"],
			[0,["if","quad",">",1],["set","pass"],false],
			[0,"setframe","spawner"],
			[0,["if",["property","quad"],"notexists",""],["set","pass"],false],
			[0,"setframe","movement"],
			[0,["if","quad","==","truffleshuffle"],["set","pass"],false],
			[0,"setframe","platform"],
			[0,["if","quad","==",true],["set","pass"],false],
			[0,"setframe","boss"],
			[0,["if","quad","==",true],["set","pass"],false],
			[0,"setframe","t"],
			[0,["if","quad","==","spikeyfall"],["set","pass"],false],
			[0,"setframe","kills"],
			[0,["if","quad","~=",true],"setframe","killsonsides"],
			[0,["if","quad","~=",true],"setframe","killsonleft"],
			[0,["if","quad","~=",true],"setframe","killsonright"],
			[0,["if","quad","~=",true],"setframe","killsontop"],
			[0,["if","quad","~=",true],"setframe","killsonbottom"],
			[0,["if","quad","~=",true],"setframe","killsonpassive"],
			[0,["if","quad","~=",true],["set","pass"],false],
			[0,"setframe","mirrorprojectile"],
			[0,["if","quad","==","default"],["set","pass"]],
			[0,["if",["property","quad"],"exists",""],["set","pass"],["property","quad"]],
			[0,["if","pass","~=",true],["add","currentcustomtimerstage"],10],
				[0,["abs","ecy"]],
				[0,["if","ecy",">",0.25],["add","currentcustomtimerstage"],3],
					[0,["set","knocky"],0],
					[0,["set","knockx"],["property","bknockx"]],
					[0,["if","ecx","<",0],["reverse","knockx"]],
				[0,["set","spawnedenemies"],["property","ogspawns"]],
				[0,"playsound","k reflect star"],
				[0,["set","spawnedenemies"],["property","newspawns"]],
				[0,["set","customtimertimer"],0],
				[0,["add","currentcustomtimerstage"],2],

		[0,["if","hitdetect","==",true],["add","currentcustomtimerstage"],1],
		[0,"spawnenemy"],
		[0,["set","hitobj"],true],
		[0,["set","actuallyhitenemy"],["property","enemy"]],

		[0,["if","singleuse","~=",true],["add","currentcustomtimerstage"],3],
			[0,["set","instantdelete"],true],
			[0,["set","active"],false],
			[1,""],


		[0,["set","currentcustomtimerstage"],["property","ln"]]
	],
}