{
	"quadcount":4,
	"nospritesets":true,
	"hidden":true,

	"animationtype":"frames",
	"animationstart":1,
	"animationframes":4,
	"animationspeed":0.05,

	"spawnsound":"k kill effect",

	"spawnoffsety":0.5,

	"active":false,
	"width":1,
	"height":1,
	"ignoreplatform":true,
	"resistseverything":true,
	"blowable":false,

	"spawnsenemy":"k starticle",
	"spawnenemydelays":[99e99],
	"spawnsetparameters":[
		["lifetime",0.2],
		["customtimer",[
			[0,["cos","speedx"],["property","angle"]],
			[0,["sin","speedy"],["property","angle"]],
			[0,["multiply","speedx"],6],
			[0,["multiply","speedy"],6]
		]],
		["dontloopcustomtimer",true]
	],
	"spawnsetparametersbeforespawn":true,
	"spawnpassedparameters":["angle"],
	"spawnenemyoffsety":-0.25,

	"customtimer":[
		[0,["random","style"],[1,2,3]],
		[0,["if","style","~=",1],["add","currentcustomtimerstage"],12],
			[0,["set","drawable"],false],
			[0,["set","angle"],0],
			[0,"spawnenemy"],
			[0,["add","angle"],1.57079633],
			[0,"spawnenemy"],
			[0,["add","angle"],1.57079633],
			[0,"spawnenemy"],
			[0,["add","angle"],1.57079633],
			[0,"spawnenemy"],
			[0.2,["add","angle"],0.785398163],
			[0,["set","instantdelete"],true],
			[0,["subtract","currentcustomtimerstage"],10],
		[0,["if","style","~=",2],["add","currentcustomtimerstage"],7],
			[0,["set","lifetimer"],0.3],
			[0,["set","angle"],-0.785398163],
			[0,"spawnenemy"],
			[0,["add","angle"],3.14159265],
			[0,"spawnenemy"],
			[0.2,["add","angle"],1.57079633],
			[0,["subtract","currentcustomtimerstage"],5],


		[0,["set","drawable"],false],
		[0,["set","varadd"],0.628318531],
		[0,["if",["property","knockx"],"notexists",""],["set","knockx"],0],
		[0,["if","knockx","<",0],["reverse","varadd"]],
		[0,["set","angle"],-1.57079633],
		[0,["add","angle"],["property","varadd"]],
		[0,"spawnenemy"],
		[0,["add","angle"],["property","varadd"]],
		[0,"spawnenemy"],
		[0,["add","angle"],["property","varadd"]],
		[0,"spawnenemy"],
		[0,["add","angle"],["property","varadd"]],
		[0,"spawnenemy"],
		[0,["set","instantdelete"],true]
	],
	"dontloopcustomtimer":true,

	"offsetX":8,
	"offsetY":0,
	"quadcenterX":8,
	"quadcenterY":8
}