{
    "hidden": true,
	
	"width": 0,
	"height": 0,	
	"spawnsound": "hurt1",

	"transforms":false,
	"transformsinto":"",
	"transformtrigger":"animation",
	"transformanimation":"shutup",
	"transformenemyanimationonspawn":"shutup",
	"treattransformasdeath":true,
	"stopsoundondeath":true,
	
	"static": true,
	"active": false,
	"autodelete": false,
	"resistseverything":true,

	"customtimer":[
        [0,["if","disablesubtitles","==",true],["set","spawnsenemy"],false],
		[0,"spawnenemy"],
		[0,["set","customtimertimer"],0],
		[0,["set","transforms"],true]
	],
	"dontloopcustomtimer":true,

	"spawnsenemy":"subtitle_hurt1",
	"spawnenemydelays": [0],
	"spawnmax":0,
	
	"catogory": 1,
	"mask": [ true, 
			true, true, true, true, true,
			true, true, true, true, true,
			true, true, true, true, true,
			true, true, true, true, true,
			true, true, true, true, true,
			true, true, true, true, true]
}
