{
	"quadcount":1,
	"nospritesets":true,
	"hidden":true,

	"width":5,
	"height":5,
	"active":false,
	"drawback":true,

	"spawnchildrenoffsety":[-3.5],

	"active":false,

	"transforms":true,
	"transformsinto":"castle enemy",
	"transformtrigger":"animation",
	"transformanimation":"castleenter",
	"transformsetparameters":[
		["drawback",false],
		["transforms",false],
		["spawnchildren",["castle flag"]]
	],
	"transformsetparametersbeforespawn":true,

	"offsetX":40,
	"offsetY":-32,
	"quadcenterX":40,
	"quadcenterY":40,
}