{
	"quadcount": 1,
	"nospritesets":true,
	"graphiccolor":[0,0,0,0],
	"hidden":true,

	"^_comment":"Made by WilliamFrog",

	"spawnchildren":["fake screenboundary","flagpole 1up","flag 100","flag 400","flag 800","flag 2000","flag base stop","skull flag","height check"],
	"spawnchildrenoffsetx":[0.125,0,0,0,0,0,0, -0.5, 1],
	"spawnchildrenoffsety":[-10,-9.995,-1,-3,-5,-7,-1, -9, -1],
	
	"width": 1,
	"height": 1,

	"instantdelete":true,
	"active": false,
	"resistseverything":true,

	"spawnonload":true,

	"offsetX": 8,
	"offsetY": 0,
	"quadcenterX": 8,
	"quadcenterY": 8
}