{
	"drawable":false,
	"hidden":true,

	"width": 0.125,
	"height": 9,

	"static":true,
	"resistseverything":true,

	"removeonmariocontact":true,

	"animationtriggerondeath":"flag100",
	"transformenemyanimationondeath":"removemarkers",

	"transforms":true,
	"transformsinto":"",
	"transformtrigger":"animation",
	"transformanimation":"removemarkers",

	"active": true,

	"caregory":6,
	"mask": [	true, 
			true, false, true, true, true,
			true, true, true, true, true,
			true, true, true, true, true,
			true, true, true, true, true,
			true, true, true, true, true,
			true, true, true, true, true,
			true, true],
}