{	
	"hidden": false,

	"quadcount": 6,
	"nospritesets": true,
	"spawnonload": true,

	"width": 5,
	"height": 1.1875,
	
	"offsetX": 0,
	"offsetY": 3,
	"quadcenterX": 0,
	"quadcenterY": 80,

	"doesntunrotate": true,
	"rotation": 1.5707963,

	"static": true,
	"active": false,

	"xrelativetocamera": 0.5,
	"yrelativetocamera": 0.5,

	"spawnsenemy": "himweak",
	"spawnenemydelays": [99e9],

	"frame": 0,
	"customtimer": [
		[0, ["add", "frame"], 1],
		[0, "setframe", ["property", "frame"]],
		[0,["if","frame","~=",5],["add","currentcustomtimerstage"],2],
			[0,["set","spawnenemy"],["property","triggeranimation"]],
			[0,"spawnenemy"]
	],
	"dontloopcustomtimer": true,

	"transforms": true,
	"transformsinto": "himleftbar",
	"transformtrigger": "animation",
	"transformanimation": "himhit",
	"transformpassedparameters": ["frame"]
}