{	
	"hidden": false,

	"quadcount": 10,
	"nospritesets": true,
	"spawnonload": true,
	
	"width": 2.875,
	"height": 0.375,
	
	"offsetX": 0,
	"offsetY": 8,
	"quadcenterX": 0,
	"quadcenterY": 46,

	"doesntunrotate": true,
	"rotation": 1.5707963,

	"static": true,
	"active": false,

	"xrelativetocamera": 0.5,
	"yrelativetocamera": 1,

	"frame": -2,
	"customtimer": [
		[0, ["add", "frame"], 3],
		[0, ["min", "frame"], 10],
		[0, "setframe", ["property", "frame"]]
	],
	"dontloopcustomtimer": true,

	"transforms": true,
	"transformsinto": ["rockbar", "rockbar shoot"],
	"transformtrigger": ["animation", "animation"],
	"transformanimation": ["slingget", "slingfire"],
	"transformpassedparameters": ["frame"]
}