{	
	"hidden": false,

	"quadcount": 9,
	"nospritesets": true,
	"spawnonload": true,

	"width": 4.5625,
	"height": 0.625,
	
	"offsetX": 0,
	"offsetY": 8,
	"quadcenterX": 0,
	"quadcenterY": 73,

	"doesntunrotate": true,
	"rotation": 1.5707963,

	"static": true,
	"active": false,

	"xrelativetocamera": 19.9375,
	"yrelativetocamera": 1,

	"frame": 0,
	"customtimer": [
		[0, ["add", "frame"], 1],
		[0, "setframe", ["property", "frame"]]
	],
	"dontloopcustomtimer": true,

	"transforms": true,
	"transformsinto": "shroombar",
	"transformtrigger": "animation",
	"transformanimation": "mush",
	"transformpassedparameters": ["frame"]
}