{	
	"hidden": false,
	
	"quadcount":2,
	"nospritesets":true,
	"spawnonload":true,

	"spawnchildren":["super jump hud bg"],

	"xrelativetocamera":0.5,
	"yrelativetocamera":1.5,
	"nolatecamerastick":true,

	"quadno":2,

	"width":1,
	"height":0.8125,

	"active":false,

	"spawnsenemy":"super jump hud helper",
	"spawnenemydelays":[99e99],

	"counter":0,
	"customtimer":[
		[0,["set","quadstore"],["property","quad"]],

		[0,"spawnenemy"],
		[0,["set","quadgroup"],["property","spawnedenemies"]],
		[0,"setframe",1],
		[0,["set","customscissor"],["property","quad"]],
		[0,["set","helperstore"],["property","quad"]],


		[0,["set","loopline"],["property","currentcustomtimerstage"]],


		[0,["set","quadgroup"],["property","helperstore"]],
		[0,"setframe","timer"],
		[0,["if","quad","<",13],["add","currentcustomtimerstage"],2],
			[0,["set","transformtrigger"],["animation","animation","animation"]],
			[0,["set","customscissor"],false],

		[0,["set","quad"],["property","quadstore"]],
		[0,["set","customtimertimer"],0],
		[0,["set","currentcustomtimerstage"],["property","loopline"]]
	],

	"transforms":true,
	"transformsinto":["super jump","super jump hud 2","super jump hud 3"],
	"transformtrigger":["no","animation","animation"],
	"transformanimation":["superjump","stun","refill"],

	"offsetX":8,
	"offsetY":0,
	"quadcenterX":8,
	"quadcenterY":8
}