{
	"hidden":true,

	"width":0,
	"height":0,

	"spawnchildren":["super jump hud"],

	"spawnsound":"boom",
	"sticktoplayer":1,

	"active":false,

	"blowchecktable":["player"],
	"blowrange":[0,0,0,0],
	"blowmaxspeedy":-22.5,

	"spawnsenemy":"jump poof",
	"spawnenemydelays":[99e99],
	"spawnenemyspeedx":-12,
	"spawnenemyoffsety":0.5,

	"customtimer":[
		[0,"playsound","jumpbig"],
		[0,"spawnenemy"],
		[0,["reverse","spawnenemyspeedx"]],
		[0,"spawnenemy"],
		[0,["set","instantdelete"],true]
	],
	"dontloopcustomtimer":true
}