{	
	"hidden":true,
	"active":false,
	"width":0,
	"height":0,

	"timer":0,
	"customtimer":[
		[0,["set",3],1],

		[0,["add","timer"],["property","customtimertimer"]],
		[0,["set","var1"],["property","timer"]],


		[0,["floor","var1"]],
		[0,["divide","var1"],16],

		[0,["set","quadgroup"],["property","spawner"]],
		[0,"setframe","x"],
		[0,["set",1],["property","quad"]],
		[0,"setframe","y"],
		[0,["add","quad"],0.8125],
		[0,["subtract","quad"],["property","var1"]],
		[0,["set",2],["property","quad"]],
		[0,["set",4],["property","var1"]],

		[0,["if","timer",">=",13],["set","instantdelete"],true],

		[0,["set","customtimertimer"],0],
		[0,["set","currentcustomtimerstage"],1]
	]
}