{
	"^_comment": "Made by WilliamFrog",

	"quadcount": 1,
	"nospritesets":true,
	"spawnonload":true,
	"showicononeditor": true,

	"width": 1,
	"height": 1,

	"offsetX": 8,
	"offsetY": 8,
	"quadcenterX": 8,
	"quadcenterY": 16,
	"spawnoffsety":1,

	"static": true,
	"activestatic":true,
	"active": true,

	"category": 2,
	"ignoreceilcollide":true,
	"ignoreleftcollide":true,
	"ignorerightcollide":true,
	"ignorefloorcollide":true,
	"mask": [true, 
		true, true, false, true, true,
		true, true, true, true, true,
		true, true, true, true, true,
		true, true, true, true, true,
		true, true, true, true, true,
		true, true, true, true, true,
		true],

	"transformpassedparameters":["draw","timer"],

	"customtimer":[
		[0,["set","collidestore"],["property","passivecollide"]],
		[0,["set","passivecollide"],["property","addoutput"]],

		[0,["set","customtimertimer"],0],

		[0,["set","quadgroup"],["property","outtable"]],
		[0,"setframe",1],
		[0,["set","quadgroup"],["property","quad"]],
		[0,"setframe",2],
		[0,["set","quadgroup"],["property","quad"]],

		[0,"setframe","outtable"],
		[0,["set","quadgroup"],["property","quad"]],
		[0,"setframe",1],
		[0,["set","quadgroup"],["property","quad"]],
		[0,"setframe",1],
		[0,["set","quadgroup"],["property","quad"]],

		[0,"setframe","draw"],
		[0,["set","draw"],["property","quad"]],

		[0,["set","customtimeraction"],["property","transform"]],
		[0,"timer main"]
	],
	"dontloopcustomtimer":true,

	"rightclickmenu": ["timer", 10, 120, 180]
}