{
	"hidden": true,

	"quadcount": 1,
	"nospritesets":true,

	"width": 0,
	"height": 0,

	"offsetX": -27,
	"offsetY": 14,
	"quadcenterX": 0,
	"quadcenterY": 0,

	"active": false,

	"xrelativetocamera": 21.75,
	"yrelativetocamera": 1.375,

	"text": "i love williamfrog so much uwu",
	"outline": true,
	"centered": true,
	"showtext": true,
	"color": [255,255,255],

	"spawnsenemy": "clonedraw",
	"spawnenemydelays": [99e99],
	
	"timer": 10,
	"customtimer":[
		[0,["set","quadstore"],["property","quad"]],
		[0,"spawnenemy"],
		[0,["set","quadgroup"],["property","spawnedenemies"]],
		[0,"setframe",1],
		[0,["set","spawnsenemy"],["property","quad"]],
		[0,["set","spawnenemy"],["property","addoutput"]],
		[0,"spawnenemy"],

		[0,["set","loopline"],["property","currentcustomtimerstage"]],

		[0,["subtract","timer"],["property","customtimertimer"]],
		[0,["set","text"],["property","timer"]],
		[0,["ceil","text"]],
		[0,["if","text",">",30],["add","currentcustomtimerstage"],2],
			[0,["set","color"],[155,255,155]],
			[0,["set","graphiccolor"],[155,255,155]],
		[0,["if","text",">",0],["add","currentcustomtimerstage"],6],
			[0,["set","spawnsenemy"],"timeup"],
			[0,["set","spawnenemy"],["property","triggeranimation"]],
			[0,"spawnenemy"],
			[0,["abs","text"]],
			[0,["tostring","text"]],
			[999,"wait"],
		[0,["tostring","text"]],

		[0,["set","quad"],["property","quadstore"]],
		[0,["set","customtimertimer"],0],

		[0,["set","currentcustomtimerstage"],["property","loopline"]]
	]
}