{
	"hidden": true,
	"width": 0,
	"height": 0,

	"active": false,

	"xrelativetocamera": 12,
	"yrelativetocamera": 25,

	"texts": [ "ded'd","bruh.","dyn fo","haaa n00b!","mini him would be proud","you dun screw'd up","don't touch cursed goomba","welcome to death",
		">:D get rekt","dead mario xd","keep trying, you can do it!","just don't die, ez","your free trial of 'us' has ended","connection terminated.",
		"thou has perished", "smooth moves butterfingers." ],

	"text": "aaaaaaaaaaaaaaaaaaaaaaa",
	"outline": true,
	"centered": true,
	"showtext": true,
	"big": false,
	"color": [255,155,155,255],

	"spawnsenemy": "clonedraw",
	"spawnenemydelays": [99e99],
	
	"customtimer":[
		[0,["set","drawable"],false],
		[0,"spawnenemy"],
		[0,["set","quadgroup"],["property","spawnedenemies"]],
		[0,"setframe",1],
		[0,["set","spawnsenemy"],["property","quad"]],
		[0,["set","spawnenemystore"],["property","spawnenemy"]],
		[0,["set","spawnenemy"],["property","addoutput"]],
		[0,"spawnenemy"],

		[0,["set","spawnenemy"],["property","spawnenemystore"]],
		[0,["set","spawnsenemy"],"deathscreen color"],
		[0,"spawnenemy"],
		[0,["set","quadgroup"],["property","spawnedenemies"]],
		[0,"setframe",2],
		[0,["set","color"],["property","quad"]],

		[0,["random","text"],["property","texts"]],
		[4,["set","yrelativetocamera"],7]
	],
	"dontloopcustomtimer": true
}