{
	"hidden": true,

	"quadcount": 20,
	"nospritesets": true,
	"spawnonload": true,
	
	"width": 16,
	"height": 16,
	
	"offsetX": 128.5,
	"offsetY": -124.5,
	"quadcenterX": 132.5,
	"quadcenterY": 132.5,
	"spawnoffsety": 17,

	"static": true,
	"active": true,
	"autodelete": true,

	"category": 1,
	"mask": [true,
		true, true, true, true, true,
		true, true, true, true, true,
		true, true, true, true, true,
		true, true, true, true, true,
		true, true, true, true, true,
		true, true, true, true, true],

	"spawnsenemy": "him jumpscare color",
	"spawnenemydelays": [999],

	"animationtype": "frames",
	"animationstart": 1,
	"animationframes": 20,
	"animationspeed": 0.03,

	"movement": "flyvertical",
	"flyingtime": 2,
	"flyingdistance": -16,

	"customscale": 0.5,

	"timer": 0,
	"state": "none",
	"played": false,
	"customtimer": [
		[0, ["set", "savedquadgroup"], ["property", "quadgroup"]],
		[0, ["set", "savedquad"], ["property", "quad"]],
		[0, "spawnenemy"],
		[0, ["set", "quadgroup"], ["property", "spawnedenemies"]],
		[0, "setframe", 1],
		[0, ["set", "graphiccolor"], ["property", "quad"]],
		[0, ["set", "quadgroup"], ["property", "savedquadgroup"]],
		[0, ["set", "quad"], ["property", "savedquad"]],

		[0,["set","loopline"],["property","currentcustomtimerstage"]],

		[0,["set","customtimertimer"],0],
		[0,["add","timer"],["property","customtimertimer"]],

		[0,["if","state","~=","none"],["add","currentcustomtimerstage"],2],
			[0,["if","timer","<",0.2],["add","currentcustomtimerstage"],1],
				[0,["set","state"],"grow"],
				
		[0,["if","state","~=","grow"],["add","currentcustomtimerstage"],2],
			[0,["if","timer","<",1.2],["add","currentcustomtimerstage"],1],
				[0,["set","state"],"notmove"],

		[0,["if","state","~=","notmove"],["add","currentcustomtimerstage"],2],
			[0,["if","timer","<",3.2],["add","currentcustomtimerstage"],1],
				[0,["set","state"],"fall"],

		[0,["if","state","~=","grow"],["add","currentcustomtimerstage"],3],
			[0,["set","half"],["property","customtimertimer"]],
			[0,["divide","half"],2],
			[0,["add","customscale"],["property","half"]],

		[0,["if","state","~=","notmove"],["add","currentcustomtimerstage"],2],
			[0,["set","movement"],false],
			[0,["set","customscale"],1],
		
		[0,["if","state","~=","fall"],["add","currentcustomtimerstage"],2],
			[0,["set","static"],false],
			[999,"wait"],

		[0,["if","timer","<",0.4],["add","currentcustomtimerstage"],3],
			[0,["if",["property","played"],"==",true],["add","currentcustomtimerstage"],2],
				[0,"playsound","him jumpscare"],
				[0,["set","played"],true],

		[0,["set","currentcustomtimerstage"],["property","loopline"]]
	]
}