{	
	"hidden": true,
	"drawable": false,

	"active": false,

	"width": 0,
	"height": 0,

	"timer": 0,
	"customtimer": [
		[0, ["set", 1], 0],
		[0, ["set", 2], 0],
		[0, ["set", 3], 0],
		[0.4, ["set", 4], 255],

		[0, ["set", "customtimertimer"], 0],
		[0, ["add", "timer"], ["property", "customtimertimer"]],
		[0, ["set", "dt"], ["property", "customtimertimer"]],

		[0, ["multiply", "dt"], 255],
		[0, ["add", 1], ["property", "dt"]],
		[0, ["add", 2], ["property", "dt"]],
		[0, ["add", 3], ["property", "dt"]],

		[0, ["if", "timer", ">=", 1], ["add", "currentcustomtimerstage"], 1],
		[0, ["subtract", "currentcustomtimerstage"], 9],

		[0, ["set", 1], 255],
		[0, ["set", 2], 255],
		[0.6, ["set", 3], 255],

		[0, ["set", "customtimertimer"], 0],
		[0, ["set", "dt"], ["property", "customtimertimer"]],

		[0, ["multiply", "dt"], 225],
		[0, ["subtract", 1], ["property", "dt"]],
		[0, ["subtract", 2], ["property", "dt"]],
		[0, ["subtract", 3], ["property", "dt"]],

		[0, ["subtract", "currentcustomtimerstage"], 7]
	],

	"lifetime": 3
}