{
	"quadcount": 1,
	"nospritesets": true,
	
	"spawnoffsety": 0,

	"movement": "none",
	"friction": 40,
	
	"spawnsound": "costume_appeal",
	
	"notkilledfromblocksbelow": true,
	
	"quadno": 1,
	
	"width": 0.75,
	"height": 0.75,
	
	"static": false,
	"active": true,
	
	"category": 3,
	
	"mask": [	true, 
				false, true, true, true, true,
				true, true, true, true, true,
				true, true, true, true, true,
				true, true, true, true, true,
				true, true, true, true, true,
				true, true, true, true, true],
	
	"resistseverything": true,
					
	"emancipatecheck": true,
	"autodelete": true,
	
	"lifetime": 1,
	
	"offsetX": 8,
	"offsetY": 0,
	"quadcenterX": 8,
	"quadcenterY": 8,

	"hidden": true
}