{
	"hidden":true,
	"width":0,
	"height":1,

	"active":false,
	"resistseverything":true,
	"ignoreplatform":true,
	"blowable":false,



	"spawnsenemy":"k hitbox",
	"spawnenemydelays":[99e99],
	"damage":1,
	"damagetype":"ice",
	"iframe":0.2,
	"knockx":0.1,
	"knocky":-1,
	"hitoffx":0,
	"hitoffy":0,
	"hitoffwidth":0,
	"hitoffheight":0,

	"deletimer":0,
	"timer":0,
	"customtimer":[
		[0,["set","speedx"],0],
		[0,["set","speedy"],0],
		[0,"spawnenemy"],

		[0,["set","quadgroup"],["property","spawner"]],
		[0,"setframe","dir"],
		[0,["set","dir"],["property","quad"]],
		[0,["multiply","knockx"],["property","dir"]],

		[0,["set","loopline"],["property","currentcustomtimerstage"]],

		[0,["if","pvp","~=",true],["add","currentcustomtimerstage"],2],
			[0,["add","timer"],["property","customtimertimer"]],
			[0,["if","timer",">",0.8],["set","iframe"],0.5],

		[0,["set","vartime"],["property","customtimertimer"]],
		[0,["multiply","vartime"],12],
		[0,["add","width"],["property","vartime"]],
		[0,["min","width"],3],

		[0,["set","offx"],["property","width"]],
		[0,["divide","offx"],2],
		[0,["add","offx"],0.375],
		[0,["set","var1"],["property","offx"]],
		[0,["multiply","offx"],["property","dir"]],
		[0,["subtract","var1"],0.75],
		[0,["subtract","offx"],["property","var1"]],

		[0,["set","quadgroup"],["property","spawner"]],
		[0,"setframe","x"],
		[0,["set","x"],["property","quad"]],
		[0,["add","x"],["property","offx"]],
		[0,"setframe","y"],
		[0,["subtract","quad"],0.125],
		[0,["set","y"],["property","quad"]],

		[0,"setframe","speedx"],
		[0,["multiply","quad"],["property","customtimertimer"]],
		[0,["add","x"],["property","quad"]],
		[0,"setframe","speedy"],
		[0,["multiply","quad"],["property","customtimertimer"]],
		[0,["add","y"],["property","quad"]],

		[0,["set","quadgroup"],["property","spawner"]],
		[0,"setframe","delete"],
		[0,["if","quad","~=",true],["add","currentcustomtimerstage"],22],
			[0,["set","quadgroup"],["property","spawner"]],
			[0,"setframe","x"],
			[0,["subtract","quad"],3],
			[0,["set","minx"],["property","quad"]],
			[0,["add","quad"],6.75],
			[0,["set","maxx"],["property","quad"]],
			[0,["set","varx"],["property","x"]],
			[0,["set","varw"],["property","x"]],
			[0,["add","varw"],["property","width"]],

			[0,["set","loopline"],["property","currentcustomtimerstage"]],

			[0,["set","vartime"],["property","customtimertimer"]],
			[0,["multiply","vartime"],12],
			[0,["multiply","vartime"],["property","dir"]],

			[0,["add","varx"],["property","vartime"]],
			[0,["add","varw"],["property","vartime"]],
			[0,["max","varx"],["property","minx"]],
			[0,["min","varw"],["property","maxx"]],
			[0,["set","x"],["property","varx"]],
			[0,["set","width"],["property","varw"]],
			[0,["subtract","width"],["property","x"]],

			[0,["add","deletimer"],["property","customtimertimer"]],
			[0,["if","deletimer",">",0.25],["set","instantdelete"],true],
			

		[0,["set","customtimertimer"],0],
		[0,["set","currentcustomtimerstage"],["property","loopline"]]
	],
	"dontloopcustomtimer":true,
}