{	
	"width":0,
	"height":0,
	"hidden":true,

	"category": 6,
	"mask": [true, 
		true, false, true, true, true,
		true, true, true, true, true,
		true, true, true, true, true,
		true, true, true, true, true,
		true, true, true, true, true,
		true, true, true, true, true,
		true],

	"resistseverything":true,
	"nocollidestops":true,
	"sticktoplayer":1,
	"dontstopmario":true,

	"spawnsenemy":"start builder",
	"spawnenemydelays":[99e99],
	"spawnpassedparameters":["trigger","action","updateranges"],

	"customtimer": [
		[0,["set","drawable"],false],
		[0,["set","passivecollide"],["property","addoutput"]],
		[0,["set","customtimertimer"],0],
		[0,["set","quadgroup"],["property","outtable"]],
		[0,"setframe",1],
		[0,["set","quadgroup"],["property","quad"]],
		[0,"setframe",2],
		[0,["set","quadgroup"],["property","quad"]],
		[0,"setframe","pipetravel"],
		[0,["set","spawnstore"],["property","spawnenemy"]],
		[0,["set","spawnenemy"],["property","quad"]],
		[0,["set","animationmisc"],["level", 1, 2]],
		[0,"spawnenemy"],
		[0,["-set","animationmisc"],["sub", 1, 1]],
		[0,"-spawnenemy"],
		[0,["set","x"],["property","startx"]],
		[0,["set","y"],["property","starty"]],
		[0,["set","spawnenemy"],["property","spawnstore"]],
		[0,"spawnenemy"]
	],
	"dontloopcustomtimer":true,
}