{
	"hidden":true,
	"drawable":false,

	"width":1,
	"height":2,

	"active":true,
	"static":true,
	"activestatic":true,

	"func":"set back to 88",
	"regionwidth":1,
	"regionheight":1,

	"transforms":true,
	"transformtrigger":"collide",
	"transformsinto":"",

	"category": 17,
	"mask": [	true, 
				true, true, true, true, true,
				true, true, true, true, true,
				true, true, true, true, true,
				false, true, true, true, true,
				true, true, true, true, true,
				true, true, true, true, true,
				true],

	"spawnenemydelays":[99999],
	"spawnenemydelay":99999,
	"spawnenemytimer":0,

	"customtimer":[
		[0,["set","customtimertimer"],0],

		[0,["set","regionX"],["property","x"]],
		[0,["add","regionX"],1],
		[0,["set","regionY"],["property","y"]],
		[0,["add","regionY"],2],

		[0,["set","spawnenemy"],["property","trigger"]],
		[0,"spawnenemy"],
		[0,["set","func"],"set back to 87"],
		[0,["subtract","regionY"],1],
		[0,"spawnenemy"],
		[0,["set","instantdelete"],true]
	],
	"dontloopcustomtimer":true
}