{
	"^":
	"The number of sections long to generate the level, Default: 50",
	"chunksleft":50,

	"^":
	"If clouds and the goal should change altitude with the level, 1 or 0. Default: 0",
	"talltweaks":0,

	"^":
	"Randomized starting altitudes. Default: [0,1,2,3,4]",
	"altituderandoms":[0,1,2,3,4],


"^":"Don't change anything below here----------------------------------",


	"hidden":true,

	"width":1,
	"height":1,

	"active":false,

	"altitude":0,
	"func":"change to 2",
	"regionwidth":1,
	"regionheight":2,

	"snapxtogrid":true,
	"snapytogrid":true,

	"rangetable":[
		[1,2,3,4,5,6],
		[1,2,3,4,5,6,7],
		[1,2,3,4,5,6,7,8],
		[1,2,3,4,5,6,7,8,9],
		[1,2,3,4,5,6,7,8,9,10],
		[1,2,3,4,5,6,7,8,9,10,11],
		[1,2,3,4,5,6,7,8,9,10,11,12],
		[1,2,3,4,5,6,7,8,9,10,11,12,13],
		[1,2,3,4,5,6,7,8,9,10,11,12,13,14]
	],

	"transforms":true,
	"transformsinto":"builder choose",
	"transformpassedparameters":["talltweaks","startheight","chunksleft","altitude","trigger","action","updateranges","spawnstore"],
	"transformsetparameters":[
		["transformsintorandoms",["blocks builder"]]
	],
	"transformtrigger":"lifetime",

	"spawnsenemyrandoms":["bgo choose"],
	"spawnpassedparameters":["trigger","action","updateranges"],
	"spawnenemyoffsety":-2,
	"spawnenemydelays":[99999],
	"spawnenemydelay":99999,
	"spawnenemytimer":0,

	"customtimer":[
		[0,["set","startheight"],["property","y"]],
		[0,["set","spawnstore"],["property","spawnenemy"]],
		[0,["set","blowrange"],false],

		[0,["random","altitude"],["property","altituderandoms"]],
		[0,["random","areasize"],[10,11,12,13,14,15,16,17,18]],
		[0,["set","regionwidth"],["property","areasize"]],
		[0,["set","transformsoffsetx"],["property","areasize"]],

		[0,["subtract","y"],["property","altitude"]],
		[0,["set","regionX"],["property","x"]],
		[0,["set","regionY"],["property","y"]],
		[0,["add","regionheight"],["property","altitude"]],

		[0,["set","spawnenemy"],["property","trigger"]],
		[0,"spawnenemy"],
		[0,["set","spawnenemy"],["property","spawnstore"]],

		[0,["set","range"],["property","areasize"]],
		[0,["subtract","range"],9],
		[0,["set","quadgroup"],["property","rangetable"]],
		[0,"setframe",["property","range"]],

		[0,["random","spawnenemyoffsetx"],["property","quad"]],
		[0,"spawnenemy"],
		[0,["random","spawnenemyoffsetx"],["property","quad"]],
		[0,"spawnenemy"],
		[0,["random","spawnenemyoffsetx"],["property","quad"]],
		[0,"spawnenemy"],

		[0,["set","spawnsenemyrandoms"],["mario spawn"]],
		[0,["set","spawnenemyoffsetx"],0.5],
		[0,"spawnenemy"],

		[0,["set","spawnsenemyrandoms"],["cloud choose"]],
		[0,["random","spawnenemyoffsetx"],["property","quad"]],
		[0,["random","spawnenemyoffsety"],[-6,-7,-8,-9]],
		[0,"spawnenemy"],

		[0,["set","customtimeraction"],["property","transform"]],
		[0,"builder choose"]
	],
	"dontloopcustomtimer":true,

	"blowrange":[0,0,1,1],
	"blowchecktable":["energycatcher"],
	"blowstaticenemies":true,
	"blowstrong":true,
	"blowspeedy":999999
}