{
	"hidden":true,
	"width":25,
	"height":14,

	"xrelativetocamera":0,
	"yrelativetocamera":0.5,
	"animationtriggeronspawn":"kshake3",

	"active":false,
	"resistseverything":true,
	"ignoreplatform":true,

	"spawnsenemy":"k hitbox",
	"spawnenemydelays":[99e99],
	"spawnpassedparameters":["dustno"],
	"damage":30,
	"iframe":1,
	"knockx":20,
	"knocky":20,
	"hitoffx":0,
	"hitoffy":0,
	"hitoffwidth":0,
	"hitoffheight":0,
	"hitactive":true,

	"knockangular":true,
	"hitradius":0,
	"hitcenterx":0,
	"hitcentery":0,

	"light":100,

	"lifetime":1,

	"boomtimer":0,
	"dustno":0,
	"customtimer":[
		[0,"spawnenemy"],

		[0,["set","playsound"],["property","spawnenemy"]],

		[0,["set","quadgroup"],["property","spawner"]],
		[0,"setframe","x"],
		[0,["add","quad"],0.375],
		[0,["set","px"],["property","quad"]],
		[0,"setframe","y"],
		[0,["add","quad"],0.375],
		[0,["set","py"],["property","quad"]],

		[0,["set","quadgroup"],["property","chardata"]],
		[0,"setframe","pvp"],
		[0,["set","pvp"],["property","quad"]],

		[0,["set","loopline"],["property","currentcustomtimerstage"]],

		[0,["add","boomtimer"],["property","customtimertimer"]],

		[0,["multiply","customtimertimer"],30],
		[0,["if","pvp","==",true],["divide","customtimertimer"],3],
		[0,["add","hitradius"],["property","customtimertimer"]],

		[0,["set","hitcenterx"],["property","px"]],
		[0,["subtract","hitcenterx"],["property","x"]],
		[0,["set","hitcentery"],["property","py"]],
		[0,["subtract","hitcentery"],["property","y"]],

		[0,["set","var1"],["property","hitradius"]],
		[0,["multiply","var1"],3.14159265359],
		[0,["if","var1","<","dustno"],["add","currentcustomtimerstage"],3],
			[0,"playsound","k crash dust"],
			[0,["add","dustno"],1],
			[0,["subtract","currentcustomtimerstage"],4],

		[0,["if","boomtimer","<",0],["add","currentcustomtimerstage"],24],
			[0,["subtract","boomtimer"],0.04],
			[0,["set","tries"],0],
			[0,["set","ln"],["property","currentcustomtimerstage"]],
			[0,["add","tries"],1],
			[0,["if","tries",">",20],["set","boomtimer"],-0.25],
			[0,["if","tries",">",20],["add","currentcustomtimerstage"],18],
			[0,["random","angle"],6.28318530718],
			[0,["random","rad"],1],
			[0,["pow","rad"],0.2],
			[0,["multiply","rad"],["property","hitradius"]],
			[0,["cos","spawnenemyoffsetx"],["property","angle"]],
			[0,["sin","spawnenemyoffsety"],["property","angle"]],
			[0,["multiply","spawnenemyoffsetx"],["property","rad"]],
			[0,["multiply","spawnenemyoffsety"],["property","rad"]],
			[0,["subtract","spawnenemyoffsetx"],12.5],
			[0,["subtract","spawnenemyoffsety"],14],
			[0,["add","spawnenemyoffsetx"],["property","hitcenterx"]],
			[0,["add","spawnenemyoffsety"],["property","hitcentery"]],

			[0,["if","spawnenemyoffsetx","<",-12.5],["set","currentcustomtimerstage"],["property","ln"]],
			[0,["if","spawnenemyoffsetx",">",12.5],["set","currentcustomtimerstage"],["property","ln"]],
			[0,["if","spawnenemyoffsety","<",-14],["set","currentcustomtimerstage"],["property","ln"]],
			[0,["if","spawnenemyoffsety",">",0],["set","currentcustomtimerstage"],["property","ln"]],
			[0,["add","spawnenemyoffsety"],0.375],
			[0,"playsound","k crash particle"],

		[0,["reverse","hitactive"]],
		[0,["set","customtimertimer"],0],
		[0,["set","currentcustomtimerstage"],["property","loopline"]]
	]
}