{
	"quadcount": 1,
	"nospritesets":true,
	"drawable":false,

	"x":0,
	"spawnoffsety":1,
	
	"width": 999,
	"height": 1,
	
	"static": true,
	"active": true,
	
	"category": 34,
	
	"mask": [	false, 
				true, false, true, true, true,
				true, true, true, true, true,
				true, true, true, true, true,
				true, true, true, true, true,
				true, true, true, true, true,
				true, true, true, true, true,
				true, true, false, false, false],
	"dontstopmario":true,
	
	"emancipatecheck": false,
	"autodelete": false,
	"dontspawnnearcheckpoint": false,
	"spawnonload":true,

	"rightclickmenu":["spawnoffsety",1,-1],
	"rightclickmenudisplay":["side","bottom","top"],

	"offsetX":0,
	"offsetY":0,
	"quadcenterX":0,
	"quadcenterY":0
}