{
	"quadcount": 8,
	"nospritesets":true,

	"animationtype":"frames",
	"animationstart":1,
	"animationspeed":0.05,
	"animationframes":8,
	"quadno": 1,
	
	"width": 0.25,
	"height": 1,
	
	"static": true,
	"active": true,
	
	"category": 35,
	
	"mask": [	false, 
				true, false, true, true, true,
				true, true, true, true, true,
				true, true, true, true, true,
				true, true, true, true, true,
				true, true, true, true, true,
				true, true, true, true, true,
				true, true, false, false, false],
	"dontstopmario":true,
	
	"emancipatecheck": false,
	"autodelete": false,
	"dontspawnnearcheckpoint": false,
	"spawnonload":true,
	"resistseverything":true,

	"ignoreplatform":true,
	"blowable":false,
	"ignorefunnel":true,
	"dontstoplasers":true,

	"rightclickmenu":["spawnoffsetx",0,-0.5,0.5,-0.375,0.375],
	"rightclickmenudisplay":["position","center","left border", "right border", "left edge", "right edge"],
	
	"offsetX": 2,
	"offsetY": 0,
	"quadcenterX": 8,
	"quadcenterY": 8
}