{
	"quadcount": 8,
	"nospritesets":true,

	"animationtype":"frames",
	"animationstart":1,
	"animationspeed":0.05,
	"animationframes":8,
	"quadno": 1,
	
	"width": 1,
	"height": 0.25,

	"spawnoffsety":-0.375,
	
	"static": true,
	"active": true,
	
	"category": 35,
	
	"mask": [	false, 
				true, false, true, true, true,
				true, true, true, true, true,
				true, true, true, true, true,
				true, true, true, true, true,
				true, true, true, true, true,
				true, true, true, true, true,
				true, true, false, true, true],
	"dontstopmario":true,
	
	"emancipatecheck": false,
	"autodelete": false,
	"dontspawnnearcheckpoint": false,
	"resistseverything":true,

	"ignoreplatform":true,
	"blowable":false,
	"ignorefunnel":true,
	"dontstoplasers":true,

	"spawnonload":true,

	"rightclickmenu":["spawnoffsety",-0.375,-0.875,0.125,-0.75,0],
	"rightclickmenudisplay":["position","center","top border", "bottom border", "top edge", "bottom edge"],
	
	"offsetX": 8,
	"offsetY": 6,
	"quadcenterX": 8,
	"quadcenterY": 8
}