{
	"hidden":true,
	"nospritesets":true,

	"width": 0.4375,
	"height": 0.4375,

	"active": false,
	"autodelete": false,

	"sticktonearestplayer":true,
	"sticktoplayeroffsety":-3.1875,

	"transforms":true,
	"transformsinto":["","number 0"],
	"transformtrigger":["animation","animation"],
	"transformanimation":["invnumdelete","invdropfail"],
	"transformsetparameters":[["spawnsound","blockhit"],["customtimer",[
		[0.1,["set","graphiccolor"],[255, 0, 0]],
		[0.1,["set","graphiccolor"],[255, 255, 255]],
		[0.1,["set","graphiccolor"],[255, 0, 0]],
		[0.1,["set","graphiccolor"],[255, 255, 255]],
		[0.1,["set","graphiccolor"],[255, 0, 0]],
		[0.1,["set","graphiccolor"],[255, 255, 255]]
	]]],
	"transformsetparametersbeforespawn":true,
	"dontloopcustomtimer":true,

	"offsetX":3,
	"offsetY":5,
	"quadcenterX":4,
	"quadcenterY":3
}