{
	"hidden":true,
	"width":1.75,
	"height":1.75,

	"active":false,
	"resistseverything":true,
	"ignoreplatform":true,

	"spawnoffsety":0.5,
	"light":3,

	"spawnsenemy":"k hitbox",
	"spawnenemydelays":[99e99],
	"damage":2,
	"iframe":0.25,
	"knockx":8,
	"knocky":8,
	"hitoffx":0,
	"hitoffy":0,
	"hitoffwidth":0,
	"hitoffheight":0,
	"hitboxbricks":true,
	"knockangular":true,

	"hitradius":0.875,
	"hitcenterx":0.875,
	"hitcentery":0.875,

	"inedible":true,
	"lifetime":0.25,
	"spawnchildren":["k explosion sound"],
	"spawnenemyoffsety":-0.5,

	"customtimer":[
		[0,"spawnenemy"],
		[0,["set","spawnsenemy"],"k explosion dust"],
		[0,"spawnenemy"],
		[0,["set","spawnsetparameters"],[["timer",3.14159265]]],
		[0,"spawnenemy"],
		[0,["set","customtimertimer"],0],
		[0,["set","hitboxbricksactive"],false],

		[0.2,["if","t","==","k tank explosion"],["set","removehitbox"],true]
	],
	"dontloopcustomtimer":true,
}