{
	"quadcount":2,
	"nospritesets":true,
	"hidden":true,

	"animationtype":"frames",
	"animationstart":1,
	"animationframes":2,
	"animationspeed":0.06666,

	"light":2,

	"width":0.5,
	"height":0.5,

	"active":true,
	"category":13,
	"mask":[	true, 
			false, true, true, true, true,
			false, true, false, false, true,
			false, true, true, false, true,
			true, true, false, true, true,
			true, true, true, false, true,
			true, false, true, true, true,
			false],
	"resistseverything":true,
	"freezable":false,
	"regiontriggerexclude":true,
	"notkilledfromblocksbelow":true,
	"resistsspikes":true,
	"dontenterclearpipes":true,
	"trackable":false,
	"inedible":true,
	"gravity":40,

	"spawnchildren":["k throw sound"],
	"lifetime":1.25,

	"transforms":true,
	"transformsinto":"k bomb explosion",
	"transformtrigger":["collide","lifetime"],
	"transformpassedparameters":["spawner"],
	"transformsoffsety":0.0625,

	"NOEXTERNALHORCOLLISIONS":true,
	"NOEXTERNALVERCOLLISIONS":true,
	"mirrorprojectile":true,

	"spawnsenemy":"k hitbox",
	"spawnenemydelays":[99e99],
	"damage":2,
	"hitoffx":0,
	"hitoffy":0,
	"hitoffwidth":0,
	"hitoffheight":0,
	"hitdetect":true,
	"singleuse":true,


	"customtimer":[
		[0,["set","qs"],["property","quadgroup"]],
		[0,"spawnenemy"],
		[0,["set","quadgroup"],["property","spawnedenemies"]],
		[0,"setframe",1],
		[0,["set","hitbox"],["property","quad"]],

		[0,["set","quadgroup"],["property","spawner"]],
		[0,"setframe","spawner"],
		[0,["set","quadgroup"],["property","quad"]],
		[0,"setframe","gfx"],
		[0,["set","graphiccolor"],["property","quad"]],

		[0,["set","loopline"],["property","currentcustomtimerstage"]],

		[0,["set","quadgroup"],["property","hitbox"]],
		[0,"setframe","hitobj"],
		[0,["if","quad","~=",true],["add","currentcustomtimerstage"],3],
			[0,["set","customtimeraction"],["property","transform"]],
			[0,"k bomb explosion"],
			[1,""],

		[0,["set","quadgroup"],["property","qs"]],
		[0,"setframe",["property","quadi"]],
		[0,["set","customtimertimer"],0],
		[0,["set","currentcustomtimerstage"],["property","loopline"]]
	],
	"dontloopcustomtimer":true,

	"offsetX":4,
	"offsetY":5,
	"quadcenterX":6,
	"quadcenterY":10
}