{
	"width":25,
	"height":1,
	"hidden":true,

	"yrelativetocamera":14.5,
	"xrelativetocamera":0,

	"solidkill":true,
	"static":true,

	"category":10,
	"mask":[true],
	"resistseverything":true,
	"freezable":false,

	"animationtriggerondeath":"killplayer",

	"customtimer":[
		[0,["set","removeonmariocontact"],["property","dokill"]],

		[0,["add","yrelativetocamera"],["property","barrieroffset"]],

		[0,["set","quadgroup"],["property","spawner"]],
		[0,"setframe","transformkill"],
		[0,["set","instantdelete"],["property","quad"]],
		[0,["set","customtimertimer"],0],
		[0,["set","currentcustomtimerstage"],2]
	],
}