{
	"quadcount": 1,
	"nospritesets":true,
	"trackable":false,

	"spawnonload":true,
	"spawnoffsety":1,
	"width": 1,
	"height": 1,

	"rightclickmenu":["transformsinto","mouselook 1 frame","mouselook 2 frame","true center frame","freecam frame","up only frame","down only frame","right only frame","left only frame"],
	"rightclickmenudisplay":["setting","mouselook v1", "mouselook v2","true centered","freecam","no down","no up","no left","no right"],

	"static": true,
	"activestatic":true,
	"active": true,

	"category": 2,
	"ignoreceilcollide":true,
	"ignoreleftcollide":true,
	"ignorerightcollide":true,
	"ignorefloorcollide":true,
	"mask": [	true, 
				true, true, false, true, true,
				true, true, true, true, true,
				true, true, true, true, true,
				true, true, true, true, true,
				true, true, true, true, true,
				true, true, true, true, true,
				true],

	"description":"place above an energycatcher - camera cloner - link a tile tool and cam stop",

	"transformpassedparameters":["collide","trigger","ttoolobj","transformsinto"],

	"customtimer":[
		[0,["set","collidestore"],["property","passivecollide"]],
		[0,["set","passivecollide"],["property","addoutput"]],

		[0,["set","customtimertimer"],0],

		[0,"setframe",1],
		[0,["set","quadstore"],["property","quad"]],
		[0,["set","quadgroupstore"],["property","quadgroup"]],

		[0,["set","quadgroup"],["property","outtable"]],
		[0,"setframe",1],
		[0,["set","quadgroup"],["property","quad"]],
		[0,"setframe",2],
		[0,["set","quadgroup"],["property","quad"]],

		[0,"setframe","outtable"],
		[0,["set","outtablestore"],["property","quad"]],
		[0,["set","quadgroup"],["property","quad"]],
		[0,"setframe",2],
		[0,["set","quadgroup"],["property","quad"]],
		[0,"setframe",1],
		[0,["set","quadgroup"],["property","quad"]],
		[0,"setframe","collide"],
		[0,["set","collide"],["property","quad"]],

		[0,["set","quadgroup"],["property","outtablestore"]],
		[0,"setframe",1],
		[0,["set","quadgroup"],["property","quad"]],
		[0,"setframe",1],
		[0,["set","quadgroup"],["property","quad"]],
		[0,["set","ttoolobj"],["property","quad"]],
		[0,"setframe","trigger"],
		[0,["set","trigger"],["property","quad"]],


		[0,["set","customtimeraction"],["property","transform"]],
		[0,"screen player cloner"]
	],
	"dontloopcustomtimer":true,

	"offsetX": 8,
	"offsetY": 8,
	"quadcenterX": 8,
	"quadcenterY": 16
}