{
"^":"--------------------------------------- variables ---------------------------------------------------",
	"^":"Distance to scroll to",
	"viewrangeX":5,
	"viewrangeY":5,

	"^":"Speed to do it at",
	"viewspeedX":3,
	"viewspeedY":3,

	"^":"Raw offsets if you want them. It doesn't feel good when changed but here they are anyway",
	"viewoffsetX":0,
	"viewoffsetY":-0.75,

	"^":"1 or 0, constrain camera within cloned Tile Tool's range",
	"constrain":0,

	"^":"1 or 0, if the camera should follow the bottom of Mario instead of his centerpoint",
	"centeronbottom":1,

"^":"---------------------------- dont change anything below here ----------------------------------------",

	"hidden":true,

	"width":0,
	"height":0,

	"gravity":0,

	"xrelativetocamera":0,
	"yrelativetocamera":0.5,

	"transforms":true,
	"transformtrigger":"animation",
	"transformsinto":"ml1 idle",
	"transformanimation":"ml1toggle",
	"transformpassedparameters":["collide","ttoolobj","trigger","playerobj","transformanimation",
	"viewrangeX","viwerangeY","viewspeedX","viewspeedY","viewoffsetX","viewoffsetY","constrain","centeronbottom"],

	"category":1,
	"mask": [	true, 
			true, true, true, true, true,
			true, true, true, false, true,
			true, true, true, true, true,
			true, true, true, true, true,
			true, true, true, true, true,
			true, true, true, true, true,
			true, true],
	"ignorequicksand":true,
	"ignorefaithplates":true,
	"ignorefunnel":true,
	"dontstoplasers":true,
	"portalable":false,
	"resistseverything":true,
	"dontenterclearpipes":true,
	"ignoregravity":true,
	"blowable":false,
	"doesntpressbuttons":true,

	"spawnsenemy":"screen grab up",
	"spawnpassedparameters":["collide","trigger"],
	"spawnenemydelays":[999],

	"customtimer":[
		[0,["set","xrelativetocamera"],false],
		[0,["set","yrelativetocamera"],false],
		[0,"spawnenemy"],
		[0,["set","spawnsenemy"],"screen grab down"],
		[0,"spawnenemy"],
		[0,["set","spawnsenemy"],"screen grab left"],
		[0,"spawnenemy"],
		[0,["set","spawnsenemy"],"screen grab right"],
		[0,"spawnenemy"],

			[0,["set","quadgroup"],["property","playerobj"]],
			[0,"setframe","pointingangle"],
			[0,["reverse","quad"]],
			[0,["subtract","quad"],1.57079633],
			[0,["set","goangle"],["property","quad"]],

		[0,"setframe","x"],
			[0,["add","quad"],["property","viewoffsetX"]],
		[0,["cos","var1"],["property","goangle"]],
		[0,["multiply","var1"],["property","viewrangeX"]],
		[0,["add","quad"],["property","var1"]],
			[0,["set","var1"],["property","quad"]],
			[0,"setframe","width"],
			[0,["divide","quad"],2],
			[0,["add","quad"],["property","var1"]],
				[0,["subtract","quad"],12.5],
		[0,["subtract","quad"],["property","x"]],
		[0,["set","speedx"],["property","quad"]],
		[0,["multiply","speedx"],["property","viewspeedX"]],

		[0,"setframe","y"],
			[0,["add","quad"],["property","viewoffsetY"]],
		[0,["sin","var1"],["property","goangle"]],
		[0,["multiply","var1"],["property","viewrangeY"]],
		[0,["add","quad"],["property","var1"]],
			[0,["set","var1"],["property","quad"]],
			[0,"setframe","height"],
				[0,["set","vardivide"],2],
				[0,["subtract","vardivide"],["property","centeronbottom"]],
			[0,["divide","quad"],["property","vardivide"]],
			[0,["add","quad"],["property","var1"]],
				[0,["subtract","quad"],7],
		[0,["subtract","quad"],["property","y"]],
		[0,["set","speedy"],["property","quad"]],
		[0,["multiply","speedy"],["property","viewspeedY"]],

			[0,"setframe","x"],
			[0,["set","varx"],["property","quad"]],
			[0,"setframe","y"],
			[0,["set","vary"],["property","quad"]],
			[0,"setframe","height"],
			[0,["multiply","quad"],["property","centeronbottom"]],
			[0,["add","vary"],["property","quad"]],

		[0,["set","customtimertimer"],0],

		[0,"setframe","x"],
		[0,["subtract","varx"],["property","quad"]],
		[0,["subtract","x"],["property","varx"]],

		[0,"setframe","y"],
		[0,["subtract","vary"],["property","quad"]],
			[0,"setframe","height"],
			[0,["multiply","quad"],["property","centeronbottom"]],
			[0,["subtract","vary"],["property","quad"]],
		[0,["subtract","y"],["property","vary"]],



		[0,["set","var1"],["property","constrain"]],
		[0,["subtract","var1"],1],
		[0,["multiply","var1"],-15],
		[0,["add","currentcustomtimerstage"],["property","var1"]],

		[0,["set","quadgroup"],["property","ttoolobj"]],
		[0,"setframe","regionX"],
		[0,["max","x"],["property","quad"]],
		[0,["set","var1"],["property","quad"]],
		[0,"setframe","regionwidth"],
		[0,["add","var1"],["property","quad"]],
		[0,["subtract","var1"],25],
		[0,["min","x"],["property","var1"]],

		[0,"setframe","regionY"],
		[0,["max","y"],["property","quad"]],
		[0,["set","var1"],["property","quad"]],
		[0,"setframe","regionheight"],
		[0,["add","var1"],["property","quad"]],
		[0,["subtract","var1"],15],
		[0,["min","y"],["property","var1"]],

		[0,["set","currentcustomtimerstage"],9]
	]
}