{
	"hidden":true,
	"width": 0.75,
	"height": 0.75,

	"sticktoplayer":1,

	"transformpassedparameters":["collide","trigger","ttoolobj","playerobj","updateangle"],

	"customtimer":[
		[0,["set","passivecollide"],["property","addoutput"]],
		[0,["set","customtimertimer"],0],
		[0,["set","quadgroup"],["property","outtable"]],
		[0,"setframe",1],
		[0,["set","quadgroup"],["property","quad"]],
		[0,"setframe",2],
		[0,["set","playerobj"],["property","quad"]],
		[0,["set","quadgroup"],["property","quad"]],
		[0,"setframe","updateangle"],
		[0,["set","updateangle"],["property","quad"]],

		[0,["set","spawnenemy"],["property","transform"]],
		[0,["set","spawnsenemy"],["property","transformsinto"]],
		[0,"spawnenemy"],
		[100,"wait"]
	]
}