{
	"hidden":true,

	"forcepush":true,
	"ignoreifoffscreen":false,
	"power":true,

	"width":0,
	"height":0,

	"category":1,
	"mask": [	true, 
			true, true, true, true, true,
			true, true, true, true, true,
			true, true, true, true, true,
			true, true, true, true, true,
			true, true, true, true, true,
			true, true, true, true, true,
			true, true],
	"gravity":0,
	"nocollidestops":true,
	"ignorefaithplates":true,
	"ignorefunnel":true,
	"dontstoplasers":true,
	"portalable":false,
	"dontenterclearpipes":true,
	"resistseverything":true,
	"blowable":false,
	"doesntpressbuttons":true,
	"ignorecheckrect":[true],

	"regionwidth":1,
	"regionheight":1,
	"hitboxcolor":[255,0,0],

	"customtimer":[
		[0,["set","dosounds"],true],
		[0,["set","quadgroup"],["property","spawner"]],
		[0,"setframe","x"],
		[0,["set","x"],["property","quad"]],
		[0,"setframe","y"],
		[0,["set","y"],["property","quad"]],
		[0,"setframe","transformkill"],
		[0,["set","instantdelete"],["property","quad"]],


		[0,["set","action"],["property","collide"]],

		[0,["set","rx"],0],
		[0,["set","ry"],["property","y"]],
		[0,["subtract","ry"],1000],
		[0,["set","rw"],999],
		[0,["set","rh"],1000],

		[0,["set","regionX"],1],
		[0,["set","regionY"],["property","y"]],
		[0,["add","regionY"],14],
		[0,["ceil","regionY"]],

		[0,["-print","y"]],

		[0,["set","startfall"],["property","trigger"]],
		[0,["set","customtimertimer"],0]
	]
}