{
	"quadcount": 1,

	"movement": "truffleshuffle",
	
	"truffleshufflespeed": 9,
	"truffleshuffleacceleration": 8,
	
	"notkilledfromblocksbelow": true,
	"jumpsfromblocksbelow": true,
	
	"quadno": 1,
	"nospritesets": true,
	
	"stickToNearestPlayer": true,

	"width": 0.75,
	"height": 0.75,
	
	"static": false,
	"active": true,
	
	"category": 2,
	
	"mask": [	true,
				false, true, true, true, true,
				true, true, true, true, true,
				true, true, true, true, true,
				true, true, true, true, true,
				true, true, true, true, true,
				true, true, true, true, true,
				true, false, false, false],

					
	"spawnsenemy": "moveup",
    "spawnEnemyDelays": [0.01],
    "spawnmax": 1,
    "spawnEnemySpeed": 2,
    "spawnEnemyTowardsPlayer": true,
	"emancipatecheck": true,
	"autodelete": true,
	"resistsspikes": true,
	"resistspowblock": true,
	
	"gravity": 0,
	"resistseverything": true,
	"emancipatecheck": true,

	"offsetX": 6,
	"offsetY": 3,
	"quadcenterX": 8,
	"quadcenterY": 8,

	"light": 1
}