{
	"quadcount": 1,

	"hidden": true,

	"resistseverything": true,
	"lifetime": 0.05,
	"width": 1,
	"height": 1,

	"category": 2,

	"mask": [	true,
				false, true, true, true, true,
				true, true, true, true, true,
				true, true, true, true, true,
				true, true, true, true, true,
				true, true, true, true, true,
				true, true, true, true, true,
				true, false, false, false],

	"gravity": 0,
	"emancipatecheck": true,

	"offsetx": 8,
	"offsety": 0,
	"quadcenterx": 8,
	"quadcentery": 8,
}