{
	"hidden":true,

	"width":0,
	"height":0,
	"active":false,
	"ignoreplatform":true,
	"resistseverything":true,
	"blowable":false,
	"nodebug":true,

	"format":"
		'ability':[
			[ground
				{not run
					'up':
					'down':
					'side':
					'mid':
				},
				{run
				},
			],
			[air
			]
		]
	",

"movestable":{
	"normal":{
		"move":"0ks inhale",
		"water":"0ks inhale"
	},

	"fire":[
		[
			{
				"move":"0ks fire breath",
			},
			{
				"move":"0ks fireball",
			}
		],
		[
			{
				"move":"0ks fire breath",
				"down":"0ks fireball spin",
			},
			{
				"down":"0ks fireball spin",
				"move":"0ks fireball",
			}
		]
	],

	"needle":[
		[
			{
				"move":"0ks needle",
				"up":"0ks mega needle"
			},{
				"move":"0ks rolling needle",
				"up":"0ks mega needle"
			}
		],
		{
		"move":"0ks air needle",
		"up":"0ks mega needle"
		},
		"0ks air needle"
	],
	"hammer":[
		[
			{
				"up":"0ks hammer flip",
				"move":"0ks hammer swing"
			}
		],
		{
			"move":"0ks hammer spin"
		},
		"0ks hammer spin"
	],
	"ice":[
		[
			{
			"move":"0ks ice breath"
			},
			{
			"move":"0ks ice storm"
			}
		],
		{
			"move":"0ks ice sprinkle"
		},
		"0ks ice storm"
	],
	"stone":[
		[
			{
				"move":"0ks stone"
			},
			{
				"move":"0ks rolling stone"
			}
		],
		{
			"move":"0ks stone",
			"up":"0ks thwomp stone",
		},
		"0ks stone"
	],
	"sleep":{"move":"0ks drop ability"},
	"spark":{
		"move":"0ks spark",
		"up":"0ks chain spark",
		"down":"0ks lightning strike",
		"water":"0ks chain spark"
	},
	"cutter":[
		[
			{
				"move":"0ks cutter throw"
			},
			{
				"move":"0ks cutter dash"
			}
		],
		{
			"move":"0ks cutter throw",
			"down":"0ks cutter drop"
		},
		"0ks cutter throw"
	],
	"bomb":[
		{
			"move":"0ks bomb throw",
			"down":"0ks bomb drop"
		},
		{
			"move":"0ks bomb throw",
			"down":"0ks bomb drop",
			"up":"0ks bomb suplex"
		},
		"0ks bomb throw"
	],
	"williamfrogisthebest":{
		"move":"0ks debug fly",
		"down":"0ks debug ability",
		"up":"0ks warpstar",
		"water":"0ks debug ability"
	},
	"magnet":[
		{
			"mid":"0ks magnet attract",
			"move":"0ks magnet throw"
		},
		{
			"move":"0ks magnet throw"
		},
		"0ks magnet throw"
	],
	"wheel":{
		"move":"0ks wheel",
		"water":"0ks wheel"
	},
	"ball":{
		"move":"0ks ball",
		"water":"0ks ball"
	},
	"impact":[
		[
			{
				"move":"0ks impact punch",
				"down":"0ks impact stomp",
			},{
				"move":"0ks impact punch",
				"sidedown":"0ks impact kick",
				"down":"0ks impact stomp",
			}
		],[
			{
				"move":"0ks impact punch",
				"down":"0ks impact stomp",
			},{
				"move":"0ks impact punch",
				"sidedown":"0ks impact kick",
				"down":"0ks impact stomp",
			}
		],
		"0ks impact punch"
	],
	"spear":[
		[
			{
				"move":"0ks spear stab"
			},{
				"move":"0ks spear throw"
			}
		],[
			{
				"move":"0ks spear stab"
			},{
				"move":"0ks spear throw"
			}
		],
		"0ks spear stab"
	],
	"tank":{
		"move":"0ks tank"
	},
	"sword":[
		{
			"move":"0ks sword slash",
			"up":"0ks sword rise"
		},[
			{
				"move":"0ks sword chop",
				"up":"0ks sword rise"
			},{
				"move":"0ks sword spin",
				"up":"0ks sword rise"
			}
		],
		"0ks sword spin"
	],
	"wing":[
		{
			"move":"0ks condor head",
		},[
			{
				"move":"0ks dive bomb"
			},{
				"move":"0ks condor head",
				"down":"0ks condor dive"
			}
		],
		"0ks condor head"
	],
	"light":[
		{
			"side":"0ks laser",
			"move":"0ks flashbang"
		},{
			"side":"0ks laser",
			"move":"0ks flashbang",
			"down":"0ks sunray"
		},
		"0ks flashbang"
	],
	"shadow":[
		[
			{
				"down":"0ks shadow duck",
				"move":"0ks shadow trail"
			},{
				"move":"0ks shadow trail",
				"down":"0ks shadow duck",
				"side":"0ks shadow dash"
			}
		],
		[
			{
				"move":"0ks shadow trail"
			},{
				"move":"0ks shadow dash",
				"down":"0ks shadow splash"
			}
		],
		"0ks shadow trail"
	],
	"mirror":[
		[
			{
				"move":"0ks reflect force"
			},{
				"move":"0ks mirror body",
				"down":"0ks mirror image"
			}
		],[
			{
				"move":"0ks reflect force"
			},{
				"move":"0ks mirror body"
			}
		],
		"0ks reflect force"
	],
	"shield":[
		[
			{
				"move":"0ks shield guard",
				"up":"0ks shield throw",
				"down":"0ks shield throw"
			},{
				"move":"0ks shield surf",
				"up":"0ks shield throw",
				"down":"0ks shield throw"
			}
		],[
			{
				"move":"0ks shield guard",
				"up":"0ks shield throw",
				"down":"0ks shield throw"
			},{
				"move":"0ks shield surf",
				"up":"0ks shield throw",
				"down":"0ks shield throw"
			}
		],
		"0ks shield throw"
	],
	"paper":[
		[
			{
				"move":"0ks paper fan",
				"down":"0ks paper toss",
				"up":"0ks paper crane"
			},{
				
				"move":"0ks paper plane",
				"down":"0ks paper toss",
				"up":"0ks paper crane"
			}
		],[
			{
				"move":"0ks paper fan",
				"down":"0ks paper toss",
				"up":"0ks paper crane"
			},{
				
				"move":"0ks paper plane",
				"down":"0ks paper toss",
				"up":"0ks paper crane"
			}
		]
	],
	"crash":{
		"move":"0ks crash",
		"water":"0ks crash"
	},
	"combo":[
		{
			"move":"0ks combo tackle"
		},[
			{
				"move":"0ks radial spin"
			},{
				"move":"0ks combo tackle"
			}
		],
		"0ks combo tackle",
	],
	"cosmos":{
		"move":"0ks planet ring",
		"down":"0ks shooting star",
		"up":"0ks black hole",
		"water":"0ks black hole"
	},
	"starrod":[
		{
			"down":"0ks star beam",
			"move":"0ks star slash"
		},[
			{
				"move":"0ks star slash"
			},{
				"move":"0ks rod spin"
			}
		],
		"0ks star slash"
	],
	"beam":[
		[
			{
				"move":"0ks beam whip"
			},{
				"move":"0ks cycle beam"
			}
		],[
			{
				"move":"0ks beam whip"
			},{

				"move":"0ks beam blast"
			}
		],
		"0ks beam whip"
	],
},

	"chaosmoves":["0ks inhale",
	"0ks fire breath","0ks fireball","0ks fireball spin",
	"0ks needle","0ks mega needle","0ks air needle","0ks rolling needle",
	"0ks hammer swing","0ks hammer flip","0ks hammer spin",
	"0ks ice breath","0ks ice storm","0ks ice sprinkle",
	"0ks stone","0ks rolling stone","0ks thwomp stone",
	"0ks spark","0ks chain spark","0ks lightning strike",
	"0ks cutter throw","0ks dual cutter","0ks cutter dash","0ks cutter drop",
	"0ks bomb throw","0ks bomb drop","0ks bomb suplex",
	"0ks magnet attract","0ks magnet throw","0ks magnet hover",
	"0ks wheel",

	"0ks ball",
	"0ks impact punch","0ks impact stomp","0ks impact kick",
	"0ks spear stab","0ks spear throw","0ks spear copter",
	"0ks chaos tank","0ks chaos tank","0ks chaos tank","0ks chaos tank",
	"0ks sword slash","0ks sword spin","0ks sword chop","0ks sword rise",

	"0ks condor head","0ks dive bomb","0ks condor dive",
	"0ks flashbang","0ks laser","0ks sunray",
	"0ks shadow trail","0ks shadow duck","0ks shadow splash","0ks shadow dash",
	"0ks reflect force","0ks mirror body",
	"0ks shield guard","0ks shield throw","0ks shield surf",
	"0ks paper fan","0ks paper plane","0ks paper crane","0ks paper toss",
	"0ks combo tackle","0ks radial spin",
	"0ks planet ring","0ks shooting star","0ks black hole",
	"0ks beam whip","0ks cycle beam","0ks beam blast"
	],


	"abilitylist":["fire","needle","hammer","ice","stone","sleep","spark","cutter","bomb","magnet","wheel","ball","impact","spear","tank","sword","wing","light","shadow","mirror","shield","paper","crash","combo","cosmos","beam"],
	"abilitycount":26,
	"weaponabilities":{
		"hammer":"kz weapon hammer",
		"magnet":"kz weapon magnet",
		"spear":"kz weapon spear",
		"sword":"kz weapon sword",
		"stabknife":"kz weapon knife",
		"shield":"kz weapon shield",
		"paperweapon":"kz weapon paper",
		"starrod":"kz weapon star rod"
	},

	"statestable":{
		"normal":{"ability":"normal"},
		"fire":{"ability":"fire"},
		"needle":{"ability":"needle"},
		"hammer":{"ability":"hammer"},
		"ice":{"ability":"ice"},
		"stone":{"ability":"stone"},
		"sleep":{"ability":"normal"},
		"spark":{"ability":"spark"},
		"cutter":{"ability":"cutter"},
		"bomb":{"ability":"bomb"},
		"williamfrogisthebest":{"ability":"williamfrogisthebest"},
		"magnet":{"ability":"magnet"},
		"wheel":{"ability":"wheel"},

		"ball":{"ability":"ball"},
		"impact":{"ability":"impact"},
		"spear":{"ability":"spear"},
		"tank":{"ability":"tank"},
		"sword":{"ability":"sword"},
		"stabknife":{"ability":"stabknife"},

		"wing":{"ability":"wing"},
		"light":{"ability":"light"},
		"shadow":{"ability":"shadow"},
		"mirror":{"ability":"mirror"},
		"shield":{"ability":"shield"},
		"paper":{"ability":"paper"},
		"crash":{"ability":"crash"},
		"combo":{"ability":"combo"},
		"cosmos":{"ability":"cosmos"},
		"starrod":{"ability":"starrod"},
		"beam":{"ability":"beam"}
	},
	"p2statestable":{
		"normal":{"ability2":"normal"},
		"fire":{"ability2":"fire"},
		"needle":{"ability2":"needle"},
		"hammer":{"ability2":"hammer"},
		"ice":{"ability2":"ice"},
		"stone":{"ability2":"stone"},
		"sleep":{"ability2":"normal"},
		"spark":{"ability2":"spark"},
		"cutter":{"ability2":"cutter"},
		"bomb":{"ability2":"bomb"},
		"williamfrogisthebest":{"ability2":"williamfrogisthebest"},
		"magnet":{"ability2":"magnet"},
		"wheel":{"ability2":"wheel"},


		"ball":{"ability2":"ball"},
		"impact":{"ability2":"impact"},
		"spear":{"ability2":"spear"},
		"tank":{"ability2":"tank"},
		"sword":{"ability2":"sword"},
		"stabknife":{"ability2":"stabknife"},

		"wing":{"ability2":"wing"},
		"light":{"ability2":"light"},
		"shadow":{"ability2":"shadow"},
		"mirror":{"ability2":"mirror"},
		"shield":{"ability2":"shield"},
		"paper":{"ability2":"paper"},
		"crash":{"ability2":"crash"},
		"combo":{"ability2":"combo"},
		"cosmos":{"ability2":"cosmos"},
		"starrod":{"ability2":"starrod"},
		"beam":{"ability2":"beam"}
	},

	"thewordshield":"shield",
	"debugability":false,
	"customtimer":[
		[0,["set","quadgroup"],["property","playerobj"]],
		[0,"setframe","playernumber"],
		[0,["if","quad","==",2],["set","statestable"],["property","p2statestable"]],
		[0,["set","quadgroup"],["property","chardata"]],
		[0,"setframe","chaosmode"],
		[0,["set","chaos"],["property","quad"]],
		[0,"setframe","oldmode"],
		[0,["set","old"],["property","quad"]],
		[0,"setframe","movesunderwater"],
		[0,["set","muw"],["property","quad"]],
		[0,"setframe","purplegel"],
		[0,["set","pg"],["property","quad"]],
		[0,"setframe","releasefunc"],
		[0,["set","releasefunc"],["property","quad"]],
		[0,["set","spawnstore"],["property","spawnenemy"]],
		[0,["set","spawnenemy"],["property","quad"]],
		[0,"setframe","canresume"],
		[0,["if","quad","==",true],["add","currentcustomtimerstage"],3],
			[0,["set","b"],["property","chardata"]],
			[0,["set","oldb"],{"canresume":true}],
			[0,"spawnenemy"],

		[0,["set","quadgroup"],["property","spawner"]],
		[0,"setframe","move"],
		[0,["set","move"],["property","quad"]],
		[0,"setframe","star"],
		[0,["set","star"],["property","quad"]],

		[0,["set",1],"0ks hurt"],
		[0,["set",2],"0ks slide"],
		[0,["set",3],"0ks normal"],
		[0,["set",4],"0ks fly"],
		[0,["set",5],"0ks watergun"],
		[0,["set",6],"0ks drop ability"],



		[0,["set","loopline"],["property","currentcustomtimerstage"]],
		[0,["add","loopline"],2],
		[0,["add","currentcustomtimerstage"],1],
		[0,["set","customtimertimer"],0],


		[0,["set","quadgroup"],["property","playerobj"]],
		[0,"setframe","static"],
		[0,["if","quad","==",true],["add","currentcustomtimerstage"],6],
			[0,["set","b"],["property","playerobj"]],
			[0,["set","oldb"],{"dkhammer":false,"helmet":false,"shoe":false,"cloudtimer":false,"hats":[],"yoshi":false,"size":1,"ignoregravity":true}],
			[0,"spawnenemy"],
			[0,["if","pg","==",true],["add","currentcustomtimerstage"],2],
				[0,["set","oldb"],{"gravitydir":"down"}],
				[0,"spawnenemy"],

		[0,["set","quadgroup"],["property","spawner"]],
		[0,"setframe","state"],
		[0,["set","state"],["property","quad"]],
		[0,["set","quadgroup"],["property","quad"]],
		[0,"setframe","debugability"],
		[0,["if",["property","quad"],"exists",""],["set","debugability"],["property","quad"]],
		[0,"setframe","stateability"],
		[0,["if","quad","==","stateability"],["add","currentcustomtimerstage"],8],
			[0,["set","stateability"],["property","quad"]],
			[0,["set","varweapon"],["property","quad"]],
			[0,["set","quadgroup"],["property","statestable"]],
			[0,"setframe",["property","stateability"]],
			[0,["if",["property","debugability"],"~=",false],"setframe","williamfrogisthebest"],
			[0,["set","oldb"],["property","quad"]],
			[0,["set","b"],["property","chardata"]],
			[0,"spawnenemy"],

		[0,["set","weaponstate"]],
		[0,["if","stateability","==","paper"],["add","currentcustomtimerstage"],1],
		[0,["if","chaos","~=",true],["add","currentcustomtimerstage"],4],
			[0,["set","quadgroup"],["property","state"]],
			[0,"setframe","weaponstate"],
			[0,["set","weaponstate"],["property","quad"]],
			[0,["set","varweapon"],["property","quad"]],

		[0,["set","quadgroup"],["property","weaponabilities"]],
		[0,"setframe",["property","varweapon"]],
		[0,["set","weaponname"],["property","quad"]],
		[0,["set","weapon"]],
		[0,["if",["property","quad"],"exists",""],["set","weapon"],true],

		[0,["if","stateability","~=","thewordshield"],["add","currentcustomtimerstage"],14],
			[0,["set","quadgroup"],["property","state"]],
			[0,"setframe","t"],
			[0,["if","quad","~=","0ks shield throw"],["add","currentcustomtimerstage"],2],
				[0,"setframe","shield"],
				[0,["if",["property","quad"],"exists",""],["set","shield"],["property","quad"]],

			[0,["if",["property","shield"],"notexists",""],["add","currentcustomtimerstage"],7],
				[0,["set","quadgroup"],["property","shield"]],
				[0,"setframe","delete"],
				[0,["if","quad","~=",true],"setframe","kill"],
				[0,["set","weapon"]],
				[0,["if","quad","~=",true],["add","currentcustomtimerstage"],2],
					[0,["set","weapon"],true],
					[0,["set","shield"]],
			[0,["add","currentcustomtimerstage"],1],
		[0,["set","shield"]],



		[0,["set","quadgroup"],["property","playerobj"]],
		[0,"setframe","invincible"],
		[0,["set","prop"],["property","quad"]],
		[0,["set","var1"],false],
		[0,["if","prop","==",true],["set","var1"],true],
		[0,["if","prop","==","yes"],["set","var1"],true],

		[0,["set","quadgroup"],["property","state"]],
		[0,"setframe","invincible"],
		[0,["set","pass"],["property","quad"]],
		[0,["set","quadgroup"],["property","star"]],
		[0,"setframe","removehitbox"],
		[0,["if","quad","~=",true],["set","pass"],true],
		[0,["if","pass","~=",true],["add","currentcustomtimerstage"],6],
			[0,["if","var1","==",true],["add","currentcustomtimerstage"],9],
				[0,["set","b"],["property","playerobj"]],
				[0,["set","oldb"],{"invincible":"yes"}],
				[0,["-print","t"]],
				[0,"spawnenemy"],
				[0,["add","currentcustomtimerstage"],4],
		[0,["if","prop","~=","yes"],["add","currentcustomtimerstage"],3],
			[0,["set","b"],["property","playerobj"]],
			[0,["set","oldb"],{"invincible":false}],
			[0,"spawnenemy"],


		[0,["set","quadgroup"],["property","playerobj"]],
		[0,"setframe","disablejumping"],
		[0,["set","prop"],["property","quad"]],
		[0,["set","var1"],false],
		[0,["if","prop","==",true],["set","var1"],true],
		[0,["if","prop","==","yes"],["set","var1"],true],

		[0,["set","quadgroup"],["property","move"]],
		[0,"setframe","inwater"],
		[0,["set","pass"],["property","quad"]],
		[0,"setframe","midair"],
		[0,["if","quad","==",true],["set","pass"],true],
		[0,["set","quadgroup"],["property","state"]],
		[0,"setframe","nomovement"],
		[0,["if","quad","==",true],["set","pass"],true],
		[0,"setframe","nojumping"],
		[0,["if","quad","==",true],["set","pass"],true],
		[0,"setframe","nocontrols"],
		[0,["if","quad","==",true],["set","pass"],true],
		[0,["set","quadgroup"],["property","move"]],
		[0,"setframe","animating"],
		[0,["if","quad","==",true],["set","pass"],false],
		[0,["if","pass","~=",true],["add","currentcustomtimerstage"],6],
			[0,["if","var1","==",true],["add","currentcustomtimerstage"],9],
				[0,["set","b"],["property","playerobj"]],
				[0,["set","oldb"],{"disablejumping":"yes"}],
				[0,["-print","t"]],
				[0,"spawnenemy"],
				[0,["add","currentcustomtimerstage"],4],
		[0,["if","prop","~=","yes"],["add","currentcustomtimerstage"],3],
			[0,["set","b"],["property","playerobj"]],
			[0,["set","oldb"],{"disablejumping":false}],
			[0,"spawnenemy"],


		[0,["set","quadgroup"],["property","playerobj"]],
		[0,"setframe","ignoreplatform"],
		[0,["set","prop"],["property","quad"]],

		[0,["set","quadgroup"],["property","state"]],
		[0,"setframe","playernoplatform"],
		[0,["if","quad","~=",true],["add","currentcustomtimerstage"],6],
			[0,["if","prop","==",true],["add","currentcustomtimerstage"],9],
				[0,["set","b"],["property","playerobj"]],
				[0,["set","oldb"],{"ignoreplatform":"yes"}],
				[0,["-print","t"]],
				[0,"spawnenemy"],
				[0,["add","currentcustomtimerstage"],4],
		[0,["if","prop","~=","yes"],["add","currentcustomtimerstage"],3],
			[0,["set","b"],["property","playerobj"]],
			[0,["set","oldb"],{"ignoreplatform":false}],
			[0,"spawnenemy"],


		[0,["set",4],"0ks fly"],
		[0,["if","stateability","==","wing"],["set",4],"0ks wing flap"],
		[0,["if","stateability","==","cosmos"],["set",4],"0ks gravity flip"],
		[0,["if","chaos","==",true],["random",4],["0ks fly","0ks fly","0ks wing flap","0ks gravity flip"]],

		[0,["if",["property","shield"],"notexists",""],["add","currentcustomtimerstage"],3],
			[0,["set",5],"0ks shield summon"],
			[0,["set",3],"0ks shield summon"],
			[0,["set","currentcustomtimerstage"],["property","loopline"]],

		[0,["if","chaos","~=",true],["add","currentcustomtimerstage"],5],
			[0,["random",3],["property","chaosmoves"]],
			[0,["random","var1"],1],
			[0,["if","var1",">",0.99],["random",3],["0ks crash","0ks sleep","0ks sleep"]],
			[0,["-set",3],"0ks sword chop"],
			[0,["set","currentcustomtimerstage"],["property","loopline"]],

		[0,["set","quadgroup"],["property","move"]],
		[0,["set","dir"],"mid"],
		[0,["set","dir2"],"pass"],
		[0,"setframe","dir"],
		[0,["if","quad","~=",0],["set","dir"],"side"],
		[0,["if","quad","~=",0],["set","dir2"],"check"],
		[0,"setframe","diry"],
		[0,["if","quad","~=",1],["add","currentcustomtimerstage"],2],
			[0,["set","dir"],"down"],
			[0,["if","dir2","==","check"],["set","dir2"],"sidedown"],
		[0,["if","quad","~=",-1],["add","currentcustomtimerstage"],2],
			[0,["set","dir"],"up"],
			[0,["if","dir2","==","check"],["set","dir2"],"sideup"],

		[0,"setframe","running"],
		[0,["set","running"],1],
		[0,["if","quad","==",true],["set","running"],2],
		[0,"setframe","midair"],
		[0,["set","midair"],1],
		[0,["if","quad","==",true],["set","midair"],2],
		[0,["if","quad","==",true],["add","currentcustomtimerstage"],2],
			[0,"setframe","dir"],
			[0,["if","quad","==",0],["set","running"],1],


		[0,["set","quadgroup"],["property","playerobj"]],
		[0,"setframe","animation"],
		[0,["-if","quad","==","death"],["set","stateability"],"normal"],
		[0,["-if","quad","==","deathpit"],["set","stateability"],"normal"],


		[0,["set","quadgroup"],["property","movestable"]],
		[0,"setframe",["property","stateability"]],
		[0,["if","stateability","==","stabknife"],"setframe","sword"],
		[0,["set","quadgroup"],["property","quad"]],

		[0,"setframe",3],
		[0,["if",["property","quad"],"notexists",""],"setframe","water"],
		[0,["if","muw","==",true],["add","currentcustomtimerstage"],1],
			[0,["if","weapon","~=",true],["set","quad"]],
		[0,["if",["property","quad"],"notexists",""],["set","quad"],"0ks watergun"],
		[0,["set",5],["property","quad"]],



		[0,"setframe","move"],
		[0,["if",["property","quad"],"exists",""],["add","currentcustomtimerstage"],14],

		[0,"setframe",2],
		[0,["if",["property","quad"],"exists",""],["add","currentcustomtimerstage"],2],
			[0,"setframe",1],
			[0,["add","currentcustomtimerstage"],1],

		[0,"setframe",["property","midair"]],
		[0,["set","quadgroup"],["property","quad"]],
		[0,"setframe","move"],
		[0,["if",["property","quad"],"exists",""],["add","currentcustomtimerstage"],6],


		[0,"setframe",2],
		[0,["if",["property","quad"],"exists",""],["add","currentcustomtimerstage"],2],
			[0,"setframe",1],
			[0,["add","currentcustomtimerstage"],1],

		[0,"setframe",["property","running"]],
		[0,["set","quadgroup"],["property","quad"]],


		[0,"setframe",["property","dir2"]],
		[0,["if",["property","quad"],"notexists",""],"setframe",["property","dir"]],
		[0,["if",["property","quad"],"notexists",""],"setframe","move"],
		[0,["set",3],["property","quad"]],

		[0,["set","currentcustomtimerstage"],["property","loopline"]]
	],
}