{
	"hidden":true,

	"width":0,
	"height":0,
	"active":false,

	"trackset":[
		["trackable",false]
	],
	"trackpass":["__baseclass","stompenemy","input","supersizeproperties","mask","dontstoplasers"],


	"customtimer":[
		[0,["set","customtimeraction"],["property","customtimeraction"]],
		[0,["set","spawnenemy"],["property","spawnenemy"]],
		[0,["set","spawnstore"],["property","spawnenemy"]],
		[0,["set","baseclassstore"],["property","__baseclass"]],
		[0,["set","input"],["property","dosupersize"]],

		[0,["set","quadgroup"],["property","playerobj"]],
		[0,"setframe","__baseclass"],
		[0,["set","mariobaseclass"],["property","quad"]],
		[0,"setframe","characterdata"],
		[0,["set","chardata"],["property","quad"]],
		[0,"setframe","ceilcollide"],
		[0,["set","stompenemy"],["property","quad"]],

		[0,["set","quadgroup"],["property","spawner"]],
		[0,"setframe","star"],
		[0,["set","mask"],["property","quad"]],

		[0,["set","quadgroup"],["property","chardata"]],
		[0,"setframe","releasefunc"],
		[0,["set","releasefunc"],["property","quad"]],
		[0,"setframe","laserimmunity"],
		[0,["if","quad","==",true],["set","dontstoplasers"],true],
		[0,"setframe","nogroundshock"],
		[0,["if","quad","~=",true],["add","currentcustomtimerstage"],2],
			[0,["set","groundshock"],["property","portaled"]],
			[0,["set","trackpass"],["__baseclass","stompenemy","input","supersizeproperties","mask","dontstoplasers","groundshock"]],

		[0,"setspawnsenemy","-"],
		[0,["set","spawnsetparameters"],["property","trackset"]],
		[0,["set","spawnpassedparameters"],["property","trackpass"]],
		[0,["set","__baseclass"],["property","mariobaseclass"]],
		[0,"spawnenemy"],
		[0,["set","quadgroup"],["property","spawnedenemies"]],
		[0,"setframe",1],
		[0,["set","supersizeproperties"],["property","quad"]],
		[0,"spawnenemy"],
		[0,["set","__baseclass"],["property","baseclassstore"]],
		[0,["set","spawnsetparameters"],[["instantdelete",true]]],
		[0,["set","spawnpassedparameters"],false],
		[0,"spawnenemy"],

		[0,["set","spawnenemy"],["property","releasefunc"]],
		[0,["set","quadgroup"],["property","spawnedenemies"]],
		[0,"setframe",2],
		[0,["set","b"],["property","quad"]],
		[0,["set","oldb"],{"spawner":false}],
		[0,"spawnenemy"],

		[0,["set","oldb"],["property","b"]],
		[0,["set","b"],["property","playerobj"]],
		[0,"spawnenemy"],

		[0,["set","spawnenemy"],["property","addoutput"]],
		[0,["set","spawnsenemy"],["property","playerobj"]],
		[0,"spawnenemy"],
		[0,["set","spawnenemy"],["property","output"]],
		[0,"spawnenemy"],
		[0,["set","spawnenemy"],["property","releasefunc"]],

		[0,["set","b"],["property","oldb"]],
		[0,"setframe",3],
		[0,["set","oldb"],["property","quad"]],
		[0,"spawnenemy"],
		[0,"setframe",1],
		[0,["set","b"],["property","quad"]],
		[0,"spawnenemy"],

		[0,["set","instantdelete"],true]
	],
	"dontloopcustomtimer":true
}