{
	"quadcount":2,
	"hidden":true,

	"note":"the dust is 10 pixels tall for no real reason, chad move",

	"animationtype":"frames",
	"animationstart":1,
	"animationframes":4,
	"animationspeed":0.04,

	"lifetime":0.05,

	"nospritesets":true,
	"category":1,
	"ignorecheckrect":[true],
	"blowable":false,
	"regiontriggerexclude":true,
	"dontstoplasers":true,
	"doesntpressbuttons":true,
	"ignorequicksand":true,
	"ignoreplatform":true,
	"nocollidestops":true,
	"resistseverything":true,
	"ignoregravity":true,
	"gravity":0,
	"doesntunrotate":true,
	"freezable":false,
	"ignorefaithplates":true,

	"width":0.5,
	"height":0.5,

	"offsetX":4,
	"offsetY":4,
	"quadcenterX":4,
	"quadcenterY":4
}