{
	"hidden":true,
	"width":0.75,
	"height":0.75,
	"active":false,
	"nodebug":true,

	"ignoreplatform":true,
	"blowable":false,
	"portaloverride":true,
	"resistseverything":true,

	"oldsheet":"none yet",
	"spawnsenemy":true,
	"spawnenemydelays":[99e99],
	"spawnedi":0,

	"oldanim":"none yet",
	"actualframe":1,
	"framei":1,
	"frametimer":0,
	"animationdirection":"right",

	"backupanim":{
		"cycle":[1,3],
		"speed":0.05
	},

	"abilitysheets":{
		"k normal sheet":"k ability sheet",
		"k fly sheet":"k ability fly sheet",
		"k swim sheet":"k ability swim sheet",
		"k slide sheet":"k ability slide sheet"
	},
	"weaponsheets":{
		"k ability sheet":"k weapon sheet",
		"k ability swim sheet":"k weapon swim sheet",
		"k ability fly sheet":"k weapon fly sheet",
	},

	"customtimer":[
		[0,["set","shotted"],["property","shotted"]],
		[0,["set","update"],["property","update"]],
		[0,["set","customtimeraction"],["property","customtimeraction"]],
		[0,["set","ifstatement"],["property","ifstatement"]],
		[0,["set","spawnenemy"],["property","spawnenemy"]],

		[0,["set","bcstore"],["property","__baseclass"]],

		[0,["set","quadgroup"],["property","spawner"]],
		[0,"setframe","ability"],
		[0,["set","ability"],["property","quad"]],
		[0,"setframe","gfx"],
		[0,["set","graphiccolor"],["property","quad"]],
		[0,["set","gfx"],["property","quad"]],
		[0,"setframe","chardata"],
		[0,["set","quadgroup"],["property","quad"]],
		[0,"setframe","invisible"],
		[0,["set","invisible"],["property","quad"]],


		[0,["set","loopline"],["property","currentcustomtimerstage"]],
		[0,["set","__baseclass"],["property","bcstore"]],
		[0,["set","x"],0],
		[0,["set","y"],0],

		[0,["set","quadgroup"],["property","playerobj"]],
		[0,"setframe","colors"],
		[0,["set","quadgroup"],["property","quad"]],
		[0,"setframe",1],
		[0,["set","quadgroup"],["property","quad"]],
		[0,"setframe",1],
		[0,["set",1],["property","quad"]],
		[0,["multiply",1],2],
		[0,"setframe",2],
		[0,["set",2],["property","quad"]],
		[0,["multiply",2],2],
		[0,"setframe",3],
		[0,["set",3],["property","quad"]],
		[0,["multiply",3],2],
		[0,["if","invisible","==",true],["set",4],0],

		[0,["set","quadgroup"],["property","spawner"]],
		[0,"setframe","move"],
		[0,["set","move"],["property","quad"]],
		[0,["set","quadgroup"],["property","quad"]],
		[0,"setframe","animdir"],
		[0,["set","animationscalex"],["property","quad"]],

		[0,["set","quadgroup"],["property","spawner"]],
		[0,"setframe","state"],
		[0,["set","state"],["property","quad"]],
		[0,["if","state","==","oldstate"],["add","currentcustomtimerstage"],2],
			[0,["set","oldsheet"]],
			[0,["set","oldanim"]],
		[0,["set","oldstate"],["property","quad"]],


		[0,["set","quadgroup"],["property","state"]],

		[0,"setframe","animbuffer"],
		[0,["if","quad","==",true],["set","currentcustomtimerstage"],["property","endline"]],

		[0,"setframe","sheet"],
		[0,["set","sheetname"],["property","quad"]],
		[0,"setframe","stateability"],
		[0,["if","quad","==","normal"],["add","currentcustomtimerstage"],3],
			[0,["set","quadgroup"],["property","abilitysheets"]],
			[0,"setframe",["property","sheetname"]],
			[0,["if",["property","quad"],"exists",""],["set","sheetname"],["property","quad"]],

		[0,["set","quadgroup"],["property","ability"]],
		[0,"setframe","weapon"],
		[0,["if","quad","~=",true],["add","currentcustomtimerstage"],3],
			[0,["set","quadgroup"],["property","weaponsheets"]],
			[0,"setframe",["property","sheetname"]],
			[0,["if",["property","quad"],"exists",""],["set","sheetname"],["property","quad"]],

		[0,["if","sheetname","==","oldsheet"],["add","currentcustomtimerstage"],7],
			[0,["set","oldsheet"],["property","sheetname"]],
			[0,["set","spawnsenemy"],["property","sheetname"]],
			[0,"spawnenemy"],
			[0,["add","spawnedi"],1],
			[0,["set","quadgroup"],["property","spawnedenemies"]],
			[0,"setframe",["property","spawnedi"]],
			[0,["set","sheetobj"],["property","quad"]],

		[0,["set","quadgroup"],["property","sheetobj"]],
		[0,"setframe","graphic"],
		[0,["set","graphic"],["property","quad"]],
		[0,"setframe","offsetX"],
		[0,["set","offsetX"],["property","quad"]],
		[0,"setframe","offsetY"],
		[0,["set","offsetY"],["property","quad"]],
		[0,"setframe","quadcenterX"],
		[0,["set","quadcenterX"],["property","quad"]],
		[0,"setframe","quadcenterY"],
		[0,["set","quadcenterY"],["property","quad"]],
		[0,"setframe","quadgroup"],
		[0,["set","sheetqg"],["property","quad"]],
		[0,"setframe","colorexceptions"],
		[0,["set","excepts"],["property","quad"]],

		[0,["set","quadgroup"],["property","state"]],
		[0,"setframe","animation"],
		[0,["if",["property","quad"],"notexists",""],["set","quad"],["property","backupanim"]],
		[0,["set","animation"],["property","quad"]],


		[0,["if","animation","==","oldanim"],["add","currentcustomtimerstage"],35],
			[0,["set","actualframe"],1],
			[0,["set","framei"],1],
			[0,["set","frametimer"],0],
			[0,["set","scales"]],

			[0,["set","oldanim"],["property","animation"]],

			[0,["set","var1"],["property","animation"]],
			[0,["tonumber","var1"]],
			[0,["if",["property","var1"],"notexists",""],["add","currentcustomtimerstage"],3],
				[0,["set","animtype"],"oneframe"],
				[0,["set","actualframe"],["property","var1"]],
				[0,["add","currentcustomtimerstage"],24],
			[0,["set","quadgroup"],["property","animation"]],

			[0,"setframe","scales"],
			[0,["if",["property","quad"],"exists",""],["set","scales"],["property","quad"]],

			[0,"setframe","speeds"],
			[0,["if",["property","quad"],"notexists",""],["add","currentcustomtimerstage"],7],
				[0,["set","animtype"],"manyspeeds"],
				[0,["set","speeds"],["property","quad"]],
				[0,["set","quadgroup"],["property","quad"]],
				[0,"setframe",1],
				[0,["set","speed"],["property","quad"]],
				[0,["set","quadgroup"],["property","animation"]],
				[0,["add","currentcustomtimerstage"],3],

			[0,"setframe","speed"],
			[0,["set","animtype"],"onespeed"],
			[0,["set","speed"],["property","quad"]],

			[0,"setframe","cycle"],
			[0,["set","cycle"],["property","quad"]],
			[0,["set","quadgroup"],["property","quad"]],
			[0,"setframe",1],
			[0,["set","actualframe"],["property","quad"]],

			[0,["set","length"],0],
			[0,["add","length"],1],
			[0,"setframe",["property","length"]],
			[0,["if",["property","quad"],"exists",""],["subtract","currentcustomtimerstage"],3],



		[0,["set","quadgroup"],["property","state"]],
		[0,"setframe","scalex"],
		[0,["if",["property","quad"],"exists",""],["set","animationscalex"],["property","quad"]],
		[0,["set","animationscaley"],1],
		[0,"setframe","scaley"],
		[0,["if",["property","quad"],"exists",""],["set","animationscaley"],["property","quad"]],

		[0,"setframe","graphicoffsetx"],
		[0,["if",["property","quad"],"notexists",""],["set","quad"],0],
		[0,["add","offsetX"],["property","quad"]],
		[0,"setframe","graphicoffsety"],
		[0,["if",["property","quad"],"notexists",""],["set","quad"],0],
		[0,["add","offsetY"],["property","quad"]],

		[0,["if","animtype","==","oneframe"],["add","currentcustomtimerstage"],16],
			[0,["add","frametimer"],["property","customtimertimer"]],
			[0,["if","frametimer","<","speed"],["add","currentcustomtimerstage"],14],
				[0,["subtract","frametimer"],["property","speed"]],
				[0,["add","framei"],1],
				[0,["if","framei",">=","length"],["set","framei"],1],
				[0,["if","animtype","==","onespeed"],["add","currentcustomtimerstage"],4],
					[0,["set","quadgroup"],["property","speeds"]],
					[0,"setframe",["property","framei"]],
					[0,["if",["property","quad"],"notexists",""],["set","quad"],0],
					[0,["set","speed"],["property","quad"]],

				[0,["set","quadgroup"],["property","cycle"]],
				[0,"setframe",["property","framei"]],
				[0,["if",["property","quad"],"~=",false],["add","currentcustomtimerstage"],2],
					[0,["set","speed"],99e99],
					[0,["add","currentcustomtimerstage"],1],
				[0,["set","actualframe"],["property","quad"]],

		[0,["if",["property","scales"],"notexists",""],["add","currentcustomtimerstage"],5],
			[0,["set","quadgroup"],["property","scales"]],
			[0,"setframe",["property","framei"]],
			[0,["if",["property","quad"],"==",false],["set","quad"],1],
			[0,["if",["property","quad"],"notexists",""],["set","quad"],1],
			[0,["multiply","animationscalex"],["property","quad"]],

		[0,["set","quadgroup"],["property","move"]],
		[0,"setframe","flipped"],
		[0,["multiply","animationscaley"],["property","quad"]],

		[0,["set","quadgroup"],["property","playerobj"]],
		[0,"setframe","animation"],
		[0,["if","quad","==","flag"],["add","currentcustomtimerstage"],3],
		[0,["if","quad","==","axe"],["add","currentcustomtimerstage"],2],
		[0,"setframe","animationstate"],
		[0,["if","quad","~=","climbing"],["add","currentcustomtimerstage"],3],
			[0,"setframe","animationdirection"],
			[0,["set","animationscalex"],1],
			[0,["if","quad","==","left"],["reverse","animationscalex"]],

		[0,["set","drawable"]],
		[0,"setframe","animation"],
		[0,["set","pass"],false],
		[0,["if","quad","==","pipeleft"],["set","pass"],true],
		[0,["if","quad","==","piperight"],["set","pass"],true],
		[0,["if","pass","~=",true],["add","currentcustomtimerstage"],2],
			[0,"setframe","animationtimer"],
			[0,["if","quad",">",0.6],["set","drawable"],false],


		[0,["set","endline"],["property","currentcustomtimerstage"]],

		[0,["if","invisible","==",true],["add","currentcustomtimerstage"],9],
			[0,["set","graphiccolor"],["property","gfx"]],
			[0,["if",["property","excepts"],"notexists",""],["add","currentcustomtimerstage"],7],
			[0,["if",["property","excepts"],"==",false],["add","currentcustomtimerstage"],6],
				[0,["if","excepts","~=",true],["add","currentcustomtimerstage"],2],
					[0,["set","graphiccolor"],false],
					[0,["add","currentcustomtimerstage"],3],
				[0,["set","quadgroup"],["property","excepts"]],
				[0,"setframe",["property","actualframe"]],
				[0,["if","quad","==",true],["set","graphiccolor"],false],

		[0,["set","quadgroup"],["property","sheetqg"]],
		[0,"setframe",["property","actualframe"]],
		[0,["if",["property","quad"],"notexists",""],["set","drawable"],false],
		[0,["set","__baseclass"],["property","playerobj"]],
		[0,["set","x"]],
		[0,["set","y"]],
		[0,["set","customtimertimer"],0],
		[0,["set","currentcustomtimerstage"],["property","loopline"]]
	],
}