{
	"hidden":true,

	"width":0,
	"height":0,
	"active":false,
	"ignoreplatform":true,
	"resistseverything":true,
	"blowable":false,
	"nodebug":true,

	"spawnsenemy":"0ks normal",
	"spawnenemydelays":[99e99],
	"spawnpassedparameters":["playerobj","chardata"],

	"startstate":"0ks normal",
	"stateability":"normal",
	"customtimer":[
		[0,["set","playerobj"],["property","parent"]],
			[0,["set","quadgroup"],["property","playerobj"]],
			[0,"setframe","mask"],
			[0,["set","quadgroup"],["property","quad"]],
			[0,"setframe",3],
			[0,["set","mask3"],["property","quad"]],
			[0,"setframe",10],
			[0,["set","mask10"],["property","quad"]],

		[0,["set","quadgroup"],["property","playerobj"]],
		[0,"setframe","playernumber"],
		[0,["if","quad","==",2],["set","p2"],true],
		[0,"setframe","characterdata"],
		[0,["set","chardata"],["property","quad"]],
		[0,["set","quadgroup"],["property","quad"]],
		[0,"setframe","ready"],
		[0,["if","quad","==",true],["add","currentcustomtimerstage"],6],
			[0,"setframe","ready"],
			[0,["if","quad","==",true],["add","currentcustomtimerstage"],4],
				[0,["set","spawnsenemy"],"k not ready banner"],
				[0,"spawnenemy"],
				[0,["set","instantdelete"],true],
				[1,""],

		[0,["set","spawnsenemy"],"k movement controller"],
		[0,"spawnenemy"],
		[0,["set","spawnsenemy"],"k ability controller"],
		[0,"spawnenemy"],

		[0,["set","spawnsenemy"],"k graphics controller"],
		[0,"spawnenemy"],
		[0,["set","spawnsenemy"],"k destompifier"],
		[0,"spawnenemy"],
		[0,["set","spawnsenemy"],"k pain controller"],
		[0,"spawnenemy"],
		[0,["set","spawnsenemy"],"k risingwater death controller"],
		[0,"spawnenemy"],
		[0,["set","spawnsenemy"],"k damage index"],
		[0,["if","p2","==",true],["set","spawnsenemy"],"k index grabber"],
		[0,"spawnenemy"],
		[0,["set","spawnsenemy"],"kz hud back"],
		[0,"spawnenemy"],
		[0,["set","spawnsenemy"],"k weapon"],
		[0,"spawnenemy"],


		[0,"setframe","warpstar"],
		[0,["if","quad","~=",true],["add","currentcustomtimerstage"],8],
			[0,["set","spawnstore"],["property","spawnenemy"]],
			[0,"setframe","releasefunc"],
			[0,["set","spawnenemy"],["property","quad"]],
			[0,["set","b"],["property","quadgroup"]],
			[0,["set","oldb"],{"warpstar":false}],
			[0,"spawnenemy"],
			[0,["set","spawnenemy"],["property","spawnstore"]],
			[0,["set","startstate"],"0ks warpstar land"],

		[0,["set","quadgroup"],["property","chardata"]],
		[0,"setframe","chaosmode"],
		[0,["if","quad","==",true],["add","currentcustomtimerstage"],9],
		[0,"setframe","oldmode"],
		[0,["if","quad","==",true],["add","currentcustomtimerstage"],7],
			[0,"setframe","ability"],
			[0,["if","p2","==",true],"setframe","ability2"],
			[0,["if",["property","quad"],"notexists",""],["set","quad"],"normal"],
			[0,["set","stateability"],["property","quad"]],
			[0,"setframe","canresume"],
			[0,["if","quad","==",true],["add","currentcustomtimerstage"],1],
				[0,["if","stateability","==","starrod"],["set","stateability"],"normal"],
		[0,["set","spawnpassedparameters"],["stateability","playerobj","chardata"]],

		[0,["if","stateability","==","tank"],["set","startstate"],"0ks tank"],
		[0,["set","spawnsenemy"],["property","startstate"]],
		[0,"spawnenemy"],

		[0,["set","spawnsenemy"],"k star controller"],
		[0,"spawnenemy"],


		[0,"setframe","noflyingfish"],
		[0,["set","spawnsenemy"],"k fishstopper"],
		[0,["if","quad","~=",true],["set","spawnsenemy"],"nil"],
		[0,"spawnenemy"],

		[0,"setframe","pvp"],
		[0,["set","spawnsenemy"],"k pvp controller"],
		[0,["if","quad","~=",true],["set","spawnsenemy"],"nil"],
		[0,"spawnenemy"],


		[0,["set","quadgroup"],["property","spawnedenemies"]],
		[0,"setframe",1],
		[0,["set","move"],["property","quad"]],
		[0,"setframe",2],
		[0,["set","ability"],["property","quad"]],
		[0,"setframe",3],
		[0,["set","gfx"],["property","quad"]],
		[0,"setframe",5],
		[0,["set","pain"],["property","quad"]],
		[0,"setframe",7],
		[0,["set","dmgindx"],["property","quad"]],
		[0,"setframe",8],
		[0,["set","hud"],["property","quad"]],
		[0,"setframe",9],
		[0,["set","weapon"],["property","quad"]],
		[0,"setframe",10],
		[0,["set","state"],["property","quad"]],
		[0,"setframe",11],
		[0,["set","star"],["property","quad"]],
		[0,"setframe",13],
		[0,["set","pvp"],["property","quad"]],

		[0,["set","quadgroup"],["property","quad"]],
		[0,"setframe","spawner"],
		[0,["set","spawnedenemies"],["property","quad"]],

		[0,["set","loopline"],["property","currentcustomtimerstage"]],


		[0,["set","quadgroup"],["property","state"]],
		[0,"setframe","transformedinto"],
		[0,["if",["property","quad"],"notexists",""],["add","currentcustomtimerstage"],2],
		[0,["set","state"],["property","quad"]],
		[0,["set","currentcustomtimerstage"],["property","loopline"]],

		[0,["set","quadgroup"],["property","dmgindx"]],
		[0,"setframe","dmgindx"],
		[0,["if",["property","quad"],"exists",""],["set","dmgindx"],["property","quad"]],


		[0,["set",1]],
		[0,["set",2]],
		[0,["set",3]],
		

		[0,["set","customtimertimer"],0],
		[0,["set","currentcustomtimerstage"],["property","loopline"]]
	],
	"dontloopcustomtimer":true,
}