{
	"hidden":true,

	"width":0.75,
	"height":0.75,
	"active":false,
	"resistseverything":true,
	"ignoreplatform":true,
	"blowable":false,

	"nodebug":true,

	"transforms":true,
	"transformsinto":[[-1,"X","run"], [1,"X","run"], [1,"X"], [-1,"X"], [-1,"Y"], [1,"Y"], [1,"Y"], [-1,"Y"], [1,"RUN"], [-1,"RUN"],["UNJUMP"],["JUMP"],["RELOAD"]],
	"transformtrigger":["animation","animation","animation","animation","animation","animation","animation","animation","animation","animation","animation","animation","animation"],
	"transformanimation":["kleft","kright","kunleft","kunright","kup","kdown","kunup","kundown","krun","kunrun","kunjump","kjump","kreload"],
	"p2transformanimation":["kleft2","kright2","kunleft2","kunright2","kup2","kdown2","kunup2","kundown2","krun2","kunrun2","kunjump2","kjump2","kreload2"],
	"deathquery":"krevive1",
	"killanim":"kdohurt1",
	"transformenemyanimationondeath":"kanim",

	"frict":-26,
	"walkspeed":5.1875,
	"runspeed":7.1875,
	"acceleration":26,
	"yacceleration":40,
	"maxflaps":3,
	"flapcount":0,


	"dir":0,
	"diry":0,
	"dirrun":0,
	"dirjump":0,

	"spawnsenemy":"k dust",
	"spawnenemydelays":[99e99],

	"airvar1":0,
	"airvar2":0,

	"pvptimer":0,
	"outi":1,
	"running":false,
	"flipped":1,
	"animdir":1,
	"cranesmade":0,
	"animdirstore":1,
	"spawncount":0,
	"spawntimer":0,
	"oldmidair":false,
	"oldspeedy":0,
	"customtimer":[
		[0,["set","quadgroup"],["property","playerobj"]],
		[0,"setframe","playernumber"],
		[0,["if","quad","==",1],["add","currentcustomtimerstage"],4],
			[0,["set","transformanimation"],["property","p2transformanimation"]],
			[0,["set","deathquery"],"krevive2"],
			[0,["set","killanim"],"kdohurt2"],
			[0,["set","transformenemyanimationondeath"],"kanim2"],
		[0,["set","pn"],["property","quad"]],
		[0,["set","transform"],["property","addoutput"]],

		[0,"setframe","animation"],
		[0,["if","quad","==","pipeleftexit"],["set","animdir"],-1],
		[0,["set","animdirstore"],["property","animdir"]],

		[0,"setframe","characterdata"],
		[0,["set","quadgroup"],["property","quad"]],
		[0,"setframe","flightlimit"],
		[0,["if",["property","quad"],"exists",""],["set","maxflaps"],["property","quad"]],
		[0,"setframe","noairsteering"],
		[0,["set","noairsteering"],["property","quad"]],
		[0,"setframe","falldamage"],
		[0,["set","falldamage"],["property","quad"]],
		[0,"setframe","pvp"],
		[0,["set","pvpon"],["property","quad"]],
		[0,"setframe","oldmode"],
		[0,["set","old"],["property","quad"]],
		[0,"setframe","wideglitch"],
		[0,["set","wideglitch"],["property","quad"]],
		[0,["if","quad","==",true],["set","animdir"],2],
		[0,"setframe","releasefunc"],
		[0,["set","releasefunc"],["property","quad"]],
		[0,"setframe","fancyinhale"],
		[0,["set","fancyinhale"],["property","quad"]],
		[0,"setframe","chaosmode"],
		[0,["set","chaos"],["property","quad"]],
		[0,"setframe","movesunderwater"],
		[0,["set","muw"],["property","quad"]],
		[0,["set","b"],["property","playerobj"]],
		[0,["set","spawnstore"],["property","spawnenemy"]],
		[0,["set","soundstore"],["property","playsound"]],

		[0,["if","pvpon","~=",true],["add","currentcustomtimerstage"],3],
			[0,["set","quadgroup"],["property","spawner"]],
			[0,"setframe","pvp"],
			[0,["set","pvp"],["property","quad"]],



		[0,["set","flapcount"],["property","maxflaps"]],

		[0,["set","loopline"],["property","currentcustomtimerstage"]],

		[0,["set","quadgroup"],["property","spawner"]],
		[0,"setframe","state"],
		[0,["set","state"],["property","quad"]],
		[0,"setframe","dmgindx"],
		[0,["set","dmgindx"],["property","quad"]],
		[0,["set","quadgroup"],["property","state"]],
		[0,"setframe","nomovement"],
		[0,["set","nomovement"],["property","quad"]],
		[0,"setframe","nocontrols"],
		[0,["set","var1"],["property","quad"]],
		[0,"setframe","noturning"],
		[0,["if","var1","==",true],["set","quad"],true],
		[0,["set","noturning"],["property","quad"]],
		[0,"setframe","nowalking"],
		[0,["if","var1","==",true],["set","quad"],true],
		[0,["set","nowalking"],["property","quad"]],
		[0,"setframe","airwalking"],
		[0,["set","airwalking"],["property","quad"]],
		[0,"setframe","noswimming"],
		[0,["set","noswimming"],["property","quad"]],
		[0,"setframe","nojumping"],
		[0,["set","nojumping"],["property","quad"]],
		[0,"setframe","stoprunning"],
		[0,["if","old","==",true],["set","quad"],true],
		[0,["if","quad","==","start"],["set","running"],true],
		[0,["set","stoprunning"],["property","quad"]],
		[0,"setframe","nopvpcancel"],
		[0,["set","nopvpcancel"],["property","quad"]],
		[0,"setframe","noflipphysics"],
		[0,["set","noflipphysics"],["property","quad"]],
		[0,"setframe","carrykirby"],
		[0,["set","carrykirby"],["property","quad"]],
		[0,["if","quad","==",true],["set","nomovement"],true],

		[0,["set","maxfallspeed"],15],
		[0,"setframe","maxfallspeed"],
		[0,["if","quad","==",false],["add","currentcustomtimerstage"],1],
		[0,["if",["property","quad"],"exists",""],["set","maxfallspeed"],["property","quad"]],

		[0,"setframe","flying"],
		[0,["if",["property","quad"],"exists",""],["subtract","flapcount"],["property","quad"]],
		[0,["if","chaos","==",true],["add","currentcustomtimerstage"],8],
			[0,"setframe","airvar1"],
			[0,["if",["property","quad"],"exists",""],["add","airvar1"],["property","quad"]],
			[0,"setframe","airvar2"],
			[0,["if",["property","quad"],"exists",""],["add","airvar2"],["property","quad"]],
			[0,"setframe","cranemade"],
			[0,["if","quad","==",true],["add","cranesmade"],1],
			[0,"setframe","stateability"],
			[0,["if","quad","==","starrod"],["set","cranesmade"],0],


		[0,["set","quadgroup"],["property","playerobj"]],
		[0,"setframe","water"],
		[0,["set","inwater"],["property","quad"]],
		[0,"setframe","speedx"],
		[0,["set","playerspeedx"],["property","quad"]],
		[0,"setframe","speedy"],
		[0,["set","playerspeedy"],["property","quad"]],


		[0,["set","quadgroup"],["property","playerobj"]],
		[0,"setframe","slopeangle"],
		[0,"setframe","controlsenabled"],
		[0,["set","controlsenabled"],["property","quad"]],
		[0,["if","quad","==",true],["add","currentcustomtimerstage"],6],
			[0,["set","nomovement"],true],
			[0,["set","noturning"],true],
			[0,["set","stoprunning"],true],
			[0,"setframe","animation"],
			[0,["if","quad","==",false],["set","nomovement"]],
			[0,["if","quad","notexists",""],["set","nomovement"]],
		[0,"setframe","frozen"],
		[0,["if","quad","==",true],["set","nomovement"],true],
		[0,["if","stoprunning","==",true],["set","running"],false],

		[0,["set","quadgroup"],["property","playerobj"]],
		[0,["set","animating"],false],
		[0,"setframe","vine"],
		[0,["if",["property","quad"],"~=",false],["set","animating"],true],
		[0,["if",["property","quad"],"~=",false],["set","nomovement"],true],
		[0,"setframe","fence"],
		[0,["if","quad","==",true],["set","animating"],true],
		[0,["if",["property","quad"],"~=",false],["set","nomovement"],true],
		[0,"setframe","clearpipe"],
		[0,["if",["property","quad"],"notexists",""],["set","quad"],false],
		[0,["set","clearp"],["property","quad"]],
		[0,["if",["property","quad"],"~=",false],["set","animating"],true],
		[0,"setframe","animation"],
		[0,["if","quad","==","flag"],["set","animating"],true],
		[0,["if","quad","==","axe"],["set","animating"],true],
		[0,["if","quad","==","animationwalk"],["set","animating"],true],
		[0,["if","quad","==","death"],["set","animating"],true],
		[0,["if","quad","==","deathpit"],["set","animating"],true],
		[0,"setframe","frozen"],
		[0,["if",["property","quad"],"==",true],["set","animating"],true],
		[0,"setframe","noteblock"],
		[0,["if",["property","quad"],"~=",false],["set","animating"],true],
		[0,"setframe","controlsenabled"],
		[0,["if","quad","==",false],["set","animating"],true],
		[0,"setframe","spring"],
		[0,["if","quad","==",true],["set","animating"],true],
		[0,"setframe","springgreen"],
		[0,["if","quad","==",true],["set","animating"],true],
		[0,"setframe","dead"],
		[0,["if","quad","==",true],["set","animating"],true],

		[0,["set","wateranimating"],["property","animating"]],
		[0,["if","inwater","==",true],["set","wateranimating"],true],

		[0,"setframe","x"],
		[0,["set","x"],["property","quad"]],
		[0,"setframe","y"],
		[0,["set","y"],["property","quad"]],
		[0,["set","stopjump"],false],



		[0,["set","midair"],false],
		[0,"setframe","falling"],
		[0,["if","quad","==",true],["set","midair"],true],
		[0,"setframe","jumping"],
		[0,["if","quad","==",true],["set","midair"],true],
		[0,"setframe","speedy"],
		[0,["if","quad","==",0],["add","currentcustomtimerstage"],1],
			[0,["if","quad","==","oldspeedy"],["set","midair"],true],
		[0,["if","maxfallspeed","<",0],["set","midair"],true],
		[0,"setframe","redseesaw"],
		[0,["if",["property","quad"],"notexists",""],["set","quad"],false],
		[0,["if",["property","quad"],"~=",false],["set","midair"],false],
		[0,"setframe","spring"],
		[0,["if","quad","==",true],["set","midair"],false],
		[0,"setframe","springgreen"],
		[0,["if","quad","==",true],["set","midair"],false],
		[0,"setframe","noteblock"],
		[0,["if",["property","quad"],"~=",false],["set","midair"],false],

		[0,["if","airwalking","~=",true],["add","currentcustomtimerstage"],3],
			[0,["set","nowalking"],["property","midair"]],
			[0,["reverse","nowalking"]],
			[0,["if","inwater","==",true],["set","nowalking"],true],

		[0,["set","landpass"]],
		[0,["if","midair","~=",true],["set","landpass"],true],
		[0,["if","inwater","==",true],["set","landpass"],true],
		[0,"setframe","vine"],
		[0,["if",["property","quad"],"~=",false],["set","landpass"],true],
		[0,"setframe","fence"],
		[0,["if","quad","==",true],["set","landpass"],true],


		[0,["if","landpass","~=",true],["add","currentcustomtimerstage"],3],
			[0,["set","flapcount"],["property","maxflaps"]],
			[0,["set","airvar1"],0],
			[0,["set","airvar2"],0],


		[0,["if","animating","==",true],["add","currentcustomtimerstage"],12],
		[0,["if",["property","midair"],"~=",true],["add","currentcustomtimerstage"],11],
			[0,"setframe","falling"],
			[0,["if","quad","==",true],["add","currentcustomtimerstage"],9],
			[0,"setframe","jumping"],
			[0,["if","quad","==",true],["add","currentcustomtimerstage"],7],
			[0,"setframe","static"],
			[0,["if","quad","==",true],["add","currentcustomtimerstage"],5],
				[0,["set","oldb"],{"falling":true,"animationstate":"running"}],
				[0,["set","b"],["property","playerobj"]],
				[0,["set","spawnenemy"],["property","releasefunc"]],
				[0,"spawnenemy"],
				[0,["set","spawnenemy"],["property","spawnstore"]],

		[0,["set","quadgroup"],["property","state"]],
		[0,"setframe","nolandsound"],
		[0,["if","quad","==",true],["add","currentcustomtimerstage"],10],
			[0,["if","midair","==",true],["add","currentcustomtimerstage"],9],
				[0,["if","oldmidair","~=",true],["add","currentcustomtimerstage"],8],
					[0,["if","oldspeedy","<",10],["add","currentcustomtimerstage"],7],
						[0,["set","spawnsenemy"],"k land sound"],
						[0,["if","falldamage","~=",true],["add","currentcustomtimerstage"],3],
						[0,["if","animating","==",true],["add","currentcustomtimerstage"],2],
							[0,["set","spawnenemy"],["property","triggeranimation"]],
							[0,["set","spawnsenemy"],["property","killanim"]],
						[0,"spawnenemy"],
						[0,["set","spawnenemy"],["property","spawnstore"]],
		[0,["set","oldmidair"],["property","midair"]],
		[0,["set","quadgroup"],["property","playerobj"]],

		[0,["set","newdir"],0],
		[0,["set","outline"],["property","currentcustomtimerstage"]],
		[0,["set","quadgroup"],["property","outtable"]],
		[0,"setframe",["property","outi"]],
		[0,["if",["property","quad"],"notexists",""],["add","currentcustomtimerstage"],69],
		[0,["add","outi"],1],
		[0,["set","quadgroup"],["property","quad"]],
		[0,"setframe",1],
		[0,["set","quadgroup"],["property","quad"]],


		[0,"setframe",1],
		[0,["if","quad","==","RELOAD"],["set","reloadpress"],true],
		[0,["if","quad","~=","JUMP"],["add","currentcustomtimerstage"],13],
			[0,["set","dirjump"],1],
			[0,["set","jumppress"],true],
			[0,["set","quadgroup"],["property","playerobj"]],
			[0,"setframe","jumping"],
			[0,["if","quad","~=",true],["set","currentcustomtimerstage"],["property","outline"]],
			[0,["set","quadgroup"],["property","state"]],
			[0,"setframe","flying"],
			[0,["if","quad","==",true],["set","currentcustomtimerstage"],["property","outline"]],
			[0,["if","nojumping","==",true],["set","currentcustomtimerstage"],["property","outline"]],
			[0,["if","wateranimating","==",true],["set","currentcustomtimerstage"],["property","outline"]],
			[0,["set","spawnsenemy"],"k jump sound"],
			[0,"spawnenemy"],
			[0,["if","dir","==",0],["set","running"],false],
			[0,["if","old","==",true],["set","jumplow"],true],
		[0,["if","quad","~=","UNJUMP"],["add","currentcustomtimerstage"],8],
			[0,["set","dirjump"],0],
			[0,["set","qs"],["property","quadgroup"]],
			[0,["set","quadgroup"],["property","state"]],
			[0,"setframe","canstopjump"],
			[0,["if","quad","==",true],["set","stopjump"],true],
			[0,["set","quadgroup"],["property","qs"]],
			[0,["set","qs"]],
			[0,["set","currentcustomtimerstage"],["property","outline"]],
		[0,["set","var1"],["property","quad"]],
		[0,"setframe",2],
		[0,["if","quad","==","X"],["add","dir"],["property","var1"]],
		[0,["if","quad","==","Y"],["add","diry"],["property","var1"]],
		[0,["if","quad","~=","RUN"],["add","currentcustomtimerstage"],2],
			[0,["add","dirrun"],["property","var1"]],
			[0,["if","var1","==",1],["set","runpress"],true],
		[0,["min","dir"],1],
		[0,["max","dir"],-1],
		[0,["min","diry"],1],
		[0,["max","diry"],-1],
		[0,["min","dirrun"],1],
		[0,["max","dirrun"],0],
		[0,["if","quad","~=","X"],["add","currentcustomtimerstage"],2],
			[0,["set","animdirstore"],["property","animdir"]],
			[0,["if","dir","~=",0],["set","animdirstore"],["property","dir"]],
		[0,"setframe",3],
		[0,["if","stoprunning","==",true],["set","quad"]],
		[0,["if","carrykirby","==",true],["set","quad"]],
		[0,["if","quad","~=","run"],["set","currentcustomtimerstage"],["property","outline"]],

		[0,["set","newdir"],["property","var1"]],

		[0,["set","quadgroup"],["property","playerobj"]],
		[0,"setframe","speedx"],
		[0,["multiply","quad"],1e14],
		[0,["min","quad"],1],
		[0,["max","quad"],-1],
		[0,["if","quad","~=","newdir"],["add","currentcustomtimerstage"],11],
			[0,["if","running","==",true],["add","currentcustomtimerstage"],10],
				[0,["if","nowalking","==",true],["add","currentcustomtimerstage"],9],
					[0,["if","midair","==",true],["add","currentcustomtimerstage"],8],
						[0,["if","animating","==",true],["add","currentcustomtimerstage"],7],
							[0,["set","spawnenemyspeedx"],-20],
							[0,["multiply","spawnenemyspeedx"],["property","newdir"]],
							[0,["set","spawncount"],2],
							[0,["set","spawnsenemy"],"k dust"],
							[0,"spawnenemy"],
							[0,"playsound",["property","t"]],
							[0,["set","running"],true],
		[0,["set","currentcustomtimerstage"],["property","outline"]],






		[0,["set","var1"]],
		[0,["if","noturning","==","yesturning"],["add","currentcustomtimerstage"],2],
		[0,["if","noturning","==",true],["add","currentcustomtimerstage"],2],
		[0,["if","nomovement","==",true],["add","currentcustomtimerstage"],1],
			[0,["set","var1"],["property","animdirstore"]],
		[0,["set","quadgroup"],["property","state"]],
		[0,"setframe","setanimdir"],
		[0,["if",["property","quad"],"exists",""],["set","var1"],["property","quad"]],
		[0,["if","dir","==",0],["set","animdirstore"],["property","quad"]],


		[0,["if",["property","var1"],"notexists",""],["add","currentcustomtimerstage"],5],
		[0,["if","animdir","==","var1"],["add","currentcustomtimerstage"],4],
			[0,["set","animdir"],["property","var1"]],
			[0,["min","animdir"],1],
			[0,["max","animdir"],-1],
			[0,["if","wideglitch","==",true],["multiply","animdir"],2],


		[0,["if","spawncount","==",0],["add","currentcustomtimerstage"],10],
			[0,["if","midair","~=",true],["add","currentcustomtimerstage"],2],
				[0,["set","spawncount"],0],
				[0,["set","spawntimer"],0],
			[0,["add","spawntimer"],["property","customtimertimer"]],
			[0,["if","spawntimer","<",0.05],["add","currentcustomtimerstage"],5],
				[0,["set","spawntimer"],0],
				[0,["set","spawnsenemy"],"k dust"],
				[0,"spawnenemy"],
				[0,["-print","t"]],
				[0,["subtract","spawncount"],1],


		[0,["set","quadgroup"],["property","playerobj"],"staticissue"],
		[0,"setframe","animation"],
		[0,["if","quad","==","flag"],["add","currentcustomtimerstage"],9],
		[0,["if","quad","==","axe"],["add","currentcustomtimerstage"],8],
		[0,"setframe","animationstate"],
		[0,["if","quad","==","climbing"],["add","currentcustomtimerstage"],6],
			[0,["set","oldb"],{"animationdirection":"left"}],
			[0,["if","animdir",">",0],["set","oldb"],{"animationdirection":"right"}],
			[0,["set","b"],["property","playerobj"]],
			[0,["set","spawnenemy"],["property","releasefunc"]],
			[0,"spawnenemy"],
			[0,["set","spawnenemy"],["property","spawnstore"]],


		[0,["set","quadgroup"],["property","state"]],
		[0,"setframe","maxspeed"],
		[0,["if","quad","==",false],["add","currentcustomtimerstage"],3],
		[0,["if",["property","quad"],"notexists",""],["add","currentcustomtimerstage"],2],
			[0,["set","maxspeed"],["property","quad"]],
			[0,["add","currentcustomtimerstage"],6],
		[0,["set","maxspeed"],["property","walkspeed"]],
		[0,["if","running","==",true],["set","maxspeed"],["property","runspeed"]],
		[0,["if","inwater","==",true],["set","maxspeed"],["property","walkspeed"]],
		[0,["if","pvptimer","<=",0],["add","currentcustomtimerstage"],2],
			[0,["set","maxspeed"],["property","pvpspeedx"]],
			[0,["max","maxfallspeed"],["property","pvpspeedy"]],
		[0,["abs","maxspeed"]],

		[0,["set","grav"],["property","yacceleration"]],
		[0,"setframe","yacceleration"],
		[0,["if",["property","quad"],"exists",""],["set","grav"],["property","quad"]],

		[0,["set","moveaddx"],0],
		[0,["set","moveaddy"],0],
		[0,["set","minspeedx"]],
		[0,["set","maxspeedx"]],
		[0,["set","minrisespeed"]],
		[0,"setframe","minrisespeed"],
		[0,["if","quad","==",false],["add","currentcustomtimerstage"],1],
		[0,["if",["property","quad"],"exists",""],["set","minrisespeed"],["property","quad"]],
		[0,["set","minspeedy"],["property","minrisespeed"]],
		[0,["set","teleportplayerspeedx"]],
		[0,["set","teleportplayerspeedy"]],
		[0,["set","maxspeedy"],["property","maxfallspeed"]],

		[0,["set","moveaccel"],["property","acceleration"]],
		[0,"setframe","moveaccel"],
		[0,["if",["property","quad"],"exists",""],["set","moveaccel"],["property","quad"]],

		[0,["set","frict"],-40],
		[0,["if","midair","==",true],["set","frict"],-16],
		[0,["if","inwater","==",true],["set","frict"],-30],
		[0,["if","pvptimer",">",0],["divide","frict"],3],
		[0,"setframe","frict"],
		[0,["if",["property","quad"],"exists",""],["set","frict"],["property","quad"]],

		[0,["set","vardir"],["property","dir"]],
		[0,"setframe","autowalk"],
		[0,["if","quad","==",true],["set","vardir"],["property","animdir"]],
		[0,["set","vardiry"],["property","diry"]],
		[0,["if","controlsenabled","~=",true],["add","currentcustomtimerstage"],1],
		[0,["if","nowalking","~=",true],["add","currentcustomtimerstage"],2],
			[0,["set","vardir"],0],
			[0,["set","vardiry"],0],

		[0,["set","icephysics"],true],
		[0,"setframe","noicephysics"],
		[0,["if","quad","==",true],["set","icephysics"],false],

		[0,["set","quadgroup"],["property","playerobj"]],

		[0,["set","varmovex"],0],
		[0,["set","varmovey"],0],
		[0,"setframe","ice"],
		[0,["if","quad","~=",true],["set","icephysics"],false],
		[0,["if","icephysics","~=",true],["add","currentcustomtimerstage"],3],
			[0,["divide","frict"],8],
			[0,["divide","moveaccel"],4],
			[0,["add","currentcustomtimerstage"],6],


		[0,["if","clearp","==",false],["add","currentcustomtimerstage"],6],
			[0,["set","nomovement"],true],
			[0,["set","minspeedx"],0],
			[0,["set","maxspeedx"],0],
			[0,["set","minspeedy"],0],
			[0,["set","maxspeedy"],0],
			[0,["set","stoprunning"],true],

		[0,"setframe","speedx"],
		[0,["if","quad",">",0],["set","varmovex"],1],
		[0,["if","quad","<",0],["set","varmovex"],-1],
		[0,"setframe","speedy"],
		[0,["if","quad",">",0],["set","varmovey"],1],
		[0,["if","quad","<",0],["set","varmovey"],-1],

		[0,["set","varturn"],["property","frict"]],
		[0,["reverse","varturn"]],
		[0,["max","varturn"],["property","moveaccel"]],


		[0,["if","nomovement","==",true],["add","currentcustomtimerstage"],53],
			[0,["set","moveaddy"],["property","grav"]],

			[0,["if","noswimming","==",true],["add","currentcustomtimerstage"],26],
			[0,["if","inwater","~=",true],["add","currentcustomtimerstage"],25],
				[0,["set","moveaddy"]],
				[0,["if","vardiry","~=",0],["add","currentcustomtimerstage"],17],
					[0,["set","quadgroup"],["property","playerobj"]],
					[0,"setframe","speedy"],
					[0,["subtract","quad"],1],
					[0,["abs","quad"]],
					[0,["if","quad",">",0.1],["add","currentcustomtimerstage"],3],
						[0,["set","minspeedy"],1],
						[0,["set","maxspeedy"],1],
						[0,["add","currentcustomtimerstage"],15],

					[0,"setframe","speedy"],
					[0,["subtract","quad"],1],
					[0,["-multiply","quad"],2],
					[0,["min","quad"],1],
					[0,["max","quad"],-1],
					[0,["set","var1"],["property","frict"]],
					[0,["multiply","var1"],["property","quad"]],
					[0,["set","moveaddy"],["property","var1"]],
					[0,["add","currentcustomtimerstage"],3],

				[0,["set","moveaddy"],["property","moveaccel"]],
				[0,["if","vardiry","~=","varmovey"],["set","moveaddy"],["property","varturn"]],
				[0,["multiply","moveaddy"],["property","vardiry"]],
				[0,["set","minspeedy"],["property","maxspeed"]],
				[0,["set","maxspeedy"],["property","maxspeed"]],
				[0,["reverse","minspeedy"]],


			[0,["if","noairsteering","~=",true],["add","currentcustomtimerstage"],2],
				[0,["if","inwater","==",true],["add","currentcustomtimerstage"],1],
				[0,["if","midair","==",true],["add","currentcustomtimerstage"],22],
			[0,["if","vardir","~=",0],["add","currentcustomtimerstage"],15],
				[0,["set","quadgroup"],["property","playerobj"]],
				[0,"setframe","speedx"],
				[0,["abs","quad"]],
				[0,["if","quad",">",0.1],["add","currentcustomtimerstage"],3],
					[0,["set","minspeedx"],0],
					[0,["set","maxspeedx"],0],
					[0,["add","currentcustomtimerstage"],14],

				[0,"setframe","speedx"],
				[0,["-multiply","quad"],2],
				[0,["min","quad"],1],
				[0,["max","quad"],-1],
				[0,["set","var1"],["property","frict"]],
				[0,["multiply","var1"],["property","quad"]],
				[0,["set","moveaddx"],["property","var1"]],
				[0,["add","currentcustomtimerstage"],3],

			[0,["set","moveaddx"],["property","moveaccel"]],
			[0,["if","vardir","~=","varmovex"],["set","moveaddx"],["property","varturn"]],
			[0,["multiply","moveaddx"],["property","vardir"]],
			[0,["set","minspeedx"],["property","maxspeed"]],
			[0,["set","maxspeedx"],["property","maxspeed"]],
			[0,["reverse","minspeedx"]],


		[0,["if","animating","==",true],["add","currentcustomtimerstage"],23],
			[0,["if","carrykirby","~=",true],["add","currentcustomtimerstage"],14],
				[0,["set","quadgroup"],["property","state"]],
				[0,"setframe","speedx"],
				[0,["set","var1"],["property","quad"]],
				[0,"setframe","carryspeedx"],
				[0,["if",["property","quad"],"exists",""],["set","var1"],["property","quad"]],
				[0,["set","minspeedx"],["property","var1"]],
				[0,["set","maxspeedx"],["property","var1"]],
				[0,"setframe","speedy"],
				[0,["set","var1"],["property","quad"]],
				[0,"setframe","carryspeedy"],
				[0,["if",["property","quad"],"exists",""],["set","var1"],["property","quad"]],
				[0,["set","minspeedy"],["property","var1"]],
				[0,["set","maxspeedy"],["property","var1"]],
				[0,["min","maxspeedy"],["property","maxfallspeed"]],


			[0,["set","quadgroup"],["property","state"]],
			[0,"setframe","pushx"],
			[0,["if",["property","quad"],"exists",""],["set","minspeedx"],["property","quad"]],
			[0,["if",["property","quad"],"exists",""],["set","maxspeedx"],["property","quad"]],

			[0,"setframe","hopforce"],
			[0,["if","quad","==","hopforce"],["add","currentcustomtimerstage"],2],
			[0,["if",["property","quad"],"exists",""],["set","maxspeedy"],["property","quad"]],
			[0,["set","hopforce"],["property","quad"]],


		[0,["if","pvpon","~=",true],["add","currentcustomtimerstage"],20],
			[0,["subtract","pvptimer"],["property","customtimertimer"]],
			[0,["if","pvptimer","<=",0],["set","pvpspeedx"]],
			[0,["if","pvptimer","<=",0],["set","pvpspeedy"]],
			[0,["if","animating","==",true],["add","currentcustomtimerstage"],16],
				[0,["set","quadgroup"],["property","dmgindx"]],
				[0,"setframe","enemy"],
				[0,["if","quad","~=","pvp"],["add","currentcustomtimerstage"],13],
					[0,"setframe","knockx"],
					[0,["if","quad","==",false],["add","currentcustomtimerstage"],11],
					[0,["set","minspeedx"],["property","quad"]],
					[0,["set","maxspeedx"],["property","quad"]],
					[0,["set","pvpspeedx"],["property","quad"]],
					[0,"setframe","knocky"],
					[0,["set","minspeedy"],["property","quad"]],
					[0,["set","maxspeedy"],["property","quad"]],
					[0,["set","pvpspeedy"],["property","quad"]],
					[0,["set","pvptimer"],0.2],
					[0,["if","nopvpcancel","==",true],["add","currentcustomtimerstage"],2],
						[0,["set","animating"],true],
						[0,["set","wateranimating"],true],

		[0,["if","nomovement","~=",true],["add","currentcustomtimerstage"],7],
			[0,["if","controlsenabled","==",true],["add","currentcustomtimerstage"],6],
				[0,["set","quadgroup"],["property","playerobj"]],
				[0,"setframe","animation"],
				[0,["if","quad","==","intermission"],["set","minspeedx"],2.61],
				[0,"setframe","animationstate"],
				[0,["if","quad","==","climbing"],["add","currentcustomtimerstage"],1],
				[0,["if","inwater","~=",true],["set","moveaddy"],["property","grav"]],


		[0,["if","stopjump","~=",true],["add","currentcustomtimerstage"],2],
			[0,["if",["property","minspeedy"],"notexists",""],["set","minspeedy"],-7],
			[0,["max","minspeedy"],-7],

		[0,["set","quadgroup"],["property","playerobj"]],
		[0,"setframe","frozen"],
		[0,["if","quad","~=",true],["add","currentcustomtimerstage"],4],
			[0,["set","minspeedx"],0],
			[0,["set","maxspeedx"],0],
			[0,["set","minspeedy"],0],
			[0,["set","maxspeedy"],0],

		[0,["if","jumplow","~=",true],["add","currentcustomtimerstage"],2],
			[0,["if",["property","minspeedy"],"notexists",""],["set","minspeedy"],-13],
			[0,["max","minspeedy"],-13],

		[0,["if","noflipphysics","==",true],["add","currentcustomtimerstage"],15],
			[0,"setframe","gravitydir"],
			[0,["set","flipped"],1],
			[0,["if","quad","==","up"],["set","flipped"],-1],
			[0,["if","quad","~=","up"],["add","currentcustomtimerstage"],11],
				[0,["if",["property","moveaddy"],"exists",""],["reverse","moveaddy"]],
				[0,["set","varmin"],["property","minspeedy"]],
				[0,["set","varmax"],["property","maxspeedy"]],
				[0,["if",["property","varmin"],"notexists",""],["add","currentcustomtimerstage"],3],
					[0,["set","minspeedy"]],
					[0,["set","maxspeedy"],["property","varmin"]],
					[0,["reverse","maxspeedy"]],
				[0,["if",["property","varmax"],"notexists",""],["add","currentcustomtimerstage"],3],
					[0,["if",["property","varmin"],"notexists",""],["set","maxspeedy"]],
					[0,["set","minspeedy"],["property","varmax"]],
					[0,["reverse","minspeedy"]],

		[0,"setframe","speedx"],
		[0,["if",["property","moveaddx"],"notexists",""],["add","currentcustomtimerstage"],2],
			[0,["multiply","moveaddx"],["property","customtimertimer"]],
			[0,["add","quad"],["property","moveaddx"]],
		[0,["if",["property","minspeedx"],"exists",""],["max","quad"],["property","minspeedx"]],
		[0,["if",["property","maxspeedx"],"exists",""],["min","quad"],["property","maxspeedx"]],
		[0,["set","teleportplayerspeedx"],["property","quad"]],
		[0,"setframe","speedy"],
		[0,["if",["property","moveaddy"],"notexists",""],["add","currentcustomtimerstage"],2],
			[0,["multiply","moveaddy"],["property","customtimertimer"]],
			[0,["add","quad"],["property","moveaddy"]],
		[0,["if",["property","minspeedy"],"exists",""],["max","quad"],["property","minspeedy"]],
		[0,["if",["property","maxspeedy"],"exists",""],["min","quad"],["property","maxspeedy"]],
		[0,["set","teleportplayerspeedy"],["property","quad"]],

		[0,"setframe","active"],
		[0,["if","quad","==",true],["add","currentcustomtimerstage"],2],
			[0,["set","teleportplayerspeedx"]],
			[0,["set","teleportplayerspeedy"]],

		[0,["if","stoprunning","==","no"],["add","currentcustomtimerstage"],4],
		[0,["if","carrykirby","==",true],["add","currentcustomtimerstage"],3],
			[0,"setframe","speedx"],
			[0,["if","quad","~=",0],["add","currentcustomtimerstage"],1],
				[0,["if","midair","~=",true],["set","running"],false],

		[0,"setframe","animation"],
		[0,["if","quad","==","door"],["set","animdir"],-1],
		[0,["if","quad","==","doorexit"],["set","animdir"],-1],
		[0,["if","quad","==","axe"],["set","animdir"],1],

		[0,["set","oldspeedy"],["property","teleportplayerspeedy"]],
		[0,["if",["property","oldspeedy"],"exists",""],["add","currentcustomtimerstage"],3],
			[0,["set","quadgroup"],["property","playerobj"]],
			[0,"setframe","speedy"],
			[0,["set","oldspeedy"],["property","quad"]],

		[0,["set","quadgroup"],["property","playerobj"]],
		[0,"setframe","dead"],
		[0,["if","quad","~=",true],["add","currentcustomtimerstage"],10],
			[0,["set","dir"],0],
			[0,["set","diry"],0],
			[0,["set","dirrun"],0],
			[0,["set","teleportplayerspeedx"],0],
			[0,["set","teleportplayerspeedy"],0],
			[0,["set","customtimertimer"],0],
			[0,"setframe","dead"],
			[0,["if","quad","==",true],["subtract","currentcustomtimerstage"],3],
				[0,["set","playsound"],["property","triggeranimation"]],
				[0,"playsound",["property","deathquery"]],

		[0,["set","outputted"]],
		[0,["set","playsound"],["property","output"]],
		[0,["set","quadgroup"],["property","state"]],
		[0,["if","inwater","~=",true],["add","currentcustomtimerstage"],5],
			[0,"setframe","waterproof"],
			[0,["set","pass"],["property","quad"]],
			[0,"setframe","configwater"],
			[0,["if","quad","==",true],["set","pass"],["property","muw"]],
			[0,["if","pass","~=",true],["add","currentcustomtimerstage"],3],
				
		[0,["if","animating","~=",true],["add","currentcustomtimerstage"],3],
			[0,"setframe","ignoreanimating"],
			[0,["if","quad","==",true],["add","currentcustomtimerstage"],1],
				[0,"playsound"],



		[0,["set","playsound"],["property","update"]],
		[0,["set","teleportplayer"],["property","pn"]],
		[0,["set","sticktoplayer"],["property","pn"]],
		[0,["if",["property","customtimertimer"],"<",1],"playsound",1],
		[0,["set","teleportplayer"]],
		[0,["set","sticktoplayer"]],

		[0,["set","playsound"],["property","soundstore"]],
		[0,["set","customtimertimer"],0],
		[0,""],
		[0,["set","jumppress"]],
		[0,["set","runpress"]],
		[0,["set","jumplow"]],
		[0,["set","reloadpress"]],
		[0,["set","currentcustomtimerstage"],["property","loopline"]]
	]
}