{	
	"width":0.125,
	"height":0.125,
	"hidden":true,

	"active":false,
	"static":true,
	"category":6,
	"mask": [	true,
			true, false, true, true, true,
			true, true, true, true, true,
			true, true, true, true, true,
			true, true, true, true, true,
			true, true, true, true, true,
			true, true, true, true, true,
			true],	
	"resistseverything":true,
	"blowable":false,
	"ignoreplatform":true,
	"dontenterclearpipes":true,
	"freezable":false,
	"regiontriggerexclude":true,

	"removeonmariocontact":true,
	"killsonpassive":true,
	"killsonpassiveignorestar":true,

	"transforms":true,
	"transformtrigger":"mariocontact",
	"transformsinto":"k death sound",

	"userect":[],
	"nograbsound":true,

	"customtimer":[
		[0,["if","cautious","~=",true],["add","currentcustomtimerstage"],12],
			[0,["set","playsound"],["property","used"]],
			[0,"playsound",1],
			[0,["set","playsound"],["property","output"]],
			[0,"playsound"],
			[0,["set","quadgroup"],["property","carryparent"]],
			[0,"setframe","dead"],
			[0,["if","quad","==",true],["add","currentcustomtimerstage"],5],
				[0,["set","playsound"],["property","triggeranimation"]],
				[0,"playsound","kdohurt2"],
				[0,["set","playsound"],["property","spawnenemy"]],
				[0,"playsound","k death sound"],
				[0,["set","instantdelete"],true],

		[0,["set","customtimertimer"],0],
		[0,["set","active"],true],
		[0,["set","instantdelete"],true]
	],
	"dontloopcustomtimer":true,
}