{
	"^":"character made by WilliamFrog",
	"hidden":true,

	"width":0,
	"height":0,
	"active":false,
	"ignoreplatform":true,
	"resistseverything":true,
	"blowable":false,
	"nodebug":true,

	"animationtriggerondeath":"khurt",
	"transformenemyanimationondeath":"khurt",

	"oldb":{
		"animationtimer":1.8
	},

	"spawnpassedparameters":["sticktoplayer"],

	"customtimer":[
		[0,["set","quadgroup"],["property","playerobj"]],
		[0,"setframe","playernumber"],
		[0,["set","pno"],["property","quad"]],
		[0,["if","quad","~=",2],["add","currentcustomtimerstage"],3],
			[0,["set","animationtriggerondeath"],"khurt2"],
			[0,["set","transformenemyanimationondeath"],"khurt2"],
			[0,["set","spawnsetparameters"],[["cautious",true]]],
		[0,["set","sticktoplayer"],["property","quad"]],
		[0,"setframe","characterdata"],
		[0,["set","chardata"],["property","quad"]],
		[0,["set","quadgroup"],["property","quad"]],
		[0,"setframe","releasefunc"],
		[0,["set","releasefunc"],["property","quad"]],
		[0,["set","spawnstore"],["property","spawnenemy"]],

		[0,["set","quadgroup"],["property","playerobj"]],
		[0,"setframe","health"],
		[0,["set","oldhealth"],["property","quad"]],

		[0,"setframe","dead"],
		[0,["set","ded"],["property","quad"]],
		[0,["if","quad","==",true],["set","customtimertimer"],0],
		[0,["if","quad","==",true],["subtract","currentcustomtimerstage"],4],

		[0,["set","loopline"],["property","currentcustomtimerstage"]],


		[0,"setframe","static"],
		[0,["set","stat"],["property","quad"]],
		[0,"setframe","health"],
		[0,["max","oldhealth"],["property","quad"]],
		[0,["if","quad","==","oldhealth"],["add","currentcustomtimerstage"],15],
			[0,["if","quad","~=",0.5],"playsound",["property","t"]],
			[0,["set","oldhealth"],["property","quad"]],
			[0,["set","scheduleretry"],true],
			[0,["set","spawnenemy"],["property","output"]],
			[0,"spawnenemy"],
			[0,["set","spawnenemy"],["property","releasefunc"]],
			[0,["set","oldb"],{"animationtimer":1.8}],
			[0,["set","b"],["property","playerobj"]],
			[0,["if","stat","~=",true],"spawnenemy"],
			[0,["set","outputted"]],

			[0,["if","quad","~=",2],["add","currentcustomtimerstage"],4],
				[0,["set","spawnsenemy"],"k low hp sound"],
				[0,["set","spawnenemy"],["property","spawnstore"]],
				[0,"spawnenemy"],
				[0,["set","spawnsenemy"]],

		[0,["if","quad",">",1],["add","currentcustomtimerstage"],18],
			[0,["set","spawnenemy"],["property","spawnstore"]],
			[0,["set","spawnsenemy"],"k murderer"],
			[0,"spawnenemy"],
			[0,["set","spawnsenemy"]],

			[0,["set","ded"],true],

			[0,["set","spawnenemy"],["property","releasefunc"]],
			[0,"setframe","characterdata"],
			[0,["set","b"],["property","quad"]],
			[0,["set","oldb"],{"ability":"normal"}],
			[0,["if","pno","==",2],["set","oldb"],{"ability2":"normal"}],
			[0,"spawnenemy"],

			[0.25,["set","quadgroup"],["property","playerobj"]],
			[0,["set","customtimertimer"],0],
			[0,"setframe","dead"],
			[0,["if","quad","==",true],["subtract","currentcustomtimerstage"],3],

			[0,["set","ded"],false],
			[0,["set","scheduleretry"]],
			[0,["set","currentcustomtimerstage"],["property","loopline"]],


		[0,"setframe","animation"],
		[0,["if","quad","==","death"],["add","currentcustomtimerstage"],1],
		[0,["if","quad","~=","deathpit"],["add","currentcustomtimerstage"],16],
			[0,["set","spawnenemy"],["property","releasefunc"]],
			[0,["set","oldb"],{"ability":"normal"}],
			[0,["if","pno","==",2],["set","oldb"],{"ability2":"normal"}],
			[0,["set","b"],["property","chardata"]],
			[0,"spawnenemy"],
			[0,["set","spawnenemy"],["property","spawnstore"]],
			[0,["set","spawnsenemy"],"k death sound"],
			[0,"spawnenemy"],
			[0,["set","spawnsenemy"]],
			[0,["set","ded"],true],

			[1,["set","quadgroup"],["property","playerobj"]],
			[0,["set","customtimertimer"],0],
			[0,"setframe","dead"],
			[0,["if","quad","==",true],["subtract","currentcustomtimerstage"],3],

			[1,["set","ded"],false],
			[0,["set","currentcustomtimerstage"],["property","loopline"]],

		[0,["set","customtimertimer"],0],

		[0,["if","scheduleretry","~=",true],["add","currentcustomtimerstage"],4],
			[0,["set","scheduleretry"]],
			[0,["set","spawnenemy"],["property","output"]],
			[0,"spawnenemy"],
			[0,["set","outputted"]],

		[0,["set","currentcustomtimerstage"],["property","loopline"]]
	],
}