{
	"hidden":true,
	"nodebug":true,
	"wcddeathproperties":{
		"nodeaththrow":true,
		"dontfreeze":true,
		"deatheffect":"nil",
		"wcdvulnerable":false,
		"hitted":true,
		"active":false
	},
	"wcdhealth":20,
	"nowcdknockback":true,
	"wcdhealthbar":true,

	"impactbounce":false,
	"mirrorprojectile":false,
	"wcdknockreturn":false,

	"width":0.75,
	"height":0.75,

	"category":4,
	"mask":[	true, 
			true, true, true, true, true,
			true, true, true, true, true,
			true, true, true, true, true,
			true, true, true, true, true,
			true, true, true, true, true,
			true, true, true, true, true,
			true, true],
	"trackable":false,
	"freezable":false,
	"blowable":false,
	"dontenterclearpipes":true,
	"resistseverything":true,
	"wcdvulnerable":true,
	"ignorecheckrect":[true,true,true,true],
	"doesntstoplasers":true,
	"doesntpressbuttons":true,
	"ignoreplatform":true,
	"ignoregravity":true,
	"regiontriggerexclude":true,
	"ignorefaithplate":true,

	"killanim":"kdohurt1",
	"spawnsenemy":"k pvp checker",
	"spawnenemydelays":[99e99],

	"customtimer":[
		[0,["set","playsound"],["property","triggeranimation"]],
		[0,["set","quadgroup"],["property","playerobj"]],
		[0,"setframe","playernumber"],
		[0,["set","pvpid"],["property","quad"]],
		[0,["if","quad","==",2],["set","killanim"],"kdohurt2"],
		[0,["if","quad","==",1],"spawnenemy"],

		[0,["set","loopline"],["property","currentcustomtimerstage"]],

		[0,"setframe","invincible"],
		[0,["if","quad","==","yes"],["set","quad"],true],
		[0,["set","wcdvulnerable"],["property","quad"]],
		[0,["reverse","wcdvulnerable"]],
		[0,["set","wcddamageresistances"]],
		[0,["if","quad","==",true],["set","wcddamageresistances"],{"pvpenemy":0}],


		[0,["set","quadgroup"],["property","spawner"]],
		[0,"setframe","state"],
		[0,["set","quadgroup"],["property","quad"]],
		[0,"setframe","pvpvulnerable"],
		[0,["if","quad","==",true],["set","wcdvulnerable"],true],

		[0,["set","quadgroup"],["property","playerobj"]],

		[0,"setframe","controlsenabled"],
		[0,["if","quad","~=",true],["set","wcdvulnerable"],false],

		[0,"setframe","dead"],
		[0,["set","dead"],["property","quad"]],

		[0,"setframe","x"],
		[0,["set","x"],["property","quad"]],
		[0,"setframe","y"],
		[0,["set","y"],["property","quad"]],

		[0,"setframe","active"],
		[0,["set","active"],["property","quad"]],


		[0,["if","hitted","~=",true],["add","currentcustomtimerstage"],3],
			[0,"playsound",["property","killanim"]],
			[0,["set","wcdvulnerable"],false],
			[0.5,["set","hitted"]],


		[0,["set","customtimertimer"],0],
		[0,["set","currentcustomtimerstage"],["property","loopline"]],
	],
}