{
	"hidden":true,

	"^":
	"Risingwater kills the player after the enemy update, making it EXTREMELY hard to detect.
	This runs updates during physics, which is able to detect water deaths during the tiny
	window before time freezes",

	"width":0,
	"height":0,
	"ignoreplatform":true,
	"resistseverything":true,
	"blowable":false,
	"nodebug":true,

	"deathsound":1,
	"treattransformasdeath":true,

	"checkdead":true,
	"customtimer":[
		[0,["set","quadgroup"],["property","playerobj"]],
		[0,"setframe","characterdata"],
		[0,["set","chardata"],["property","quad"]],
		[0,["set","quadgroup"],["property","quad"]],
		[0,"setframe","releasefunc"],
		[0,["set","releasefunc"],["property","quad"]],
		[0,["set","spawnstore"],["property","spawnenemy"]],
		[0,["set","startfall"],["property","output"]],
		[0,["set","playsound"],["property","update"]],


		[0,["set","loopline"],["property","currentcustomtimerstage"]],
		[0,["add","loopline"],2],
		[0,["add","currentcustomtimerstage"],1],
		[0,["set","customtimertimer"],0],

		[0,["set","x"],-999],
		[0,["set","y"],999],
		[0,["set","speedy"],0],
		[0,["set","outputted"]],


		[0,["if","customtimertimer","~=",1],["set","currentcustomtimerstage"],["property","loopline"]],
		[0,["set","quadgroup"],["property","playerobj"]],
		[0,"setframe","dead"],
		[0,["if",["property","quad"],"~=",true],["set","currentcustomtimerstage"],["property","loopline"]],

		[0,["set","quadgroup"],["property","spawner"]],
		[0,"setframe","pain"],
		[0,["set","quadgroup"],["property","quad"]],
		[0,"setframe","ded"],
		[0,["if","quad","==",true],["set","currentcustomtimerstage"],["property","loopline"]],

		[0,["set","spawnenemy"],["property","spawnstore"]],
		[0,["set","spawnsenemy"],"k death sound"],
		[0,"spawnenemy"],
		[0,["set","spawnsenemy"]],

		[0,["set","spawnenemy"],["property","releasefunc"]],
		[0,["set","b"],["property","chardata"]],
		[0,["set","oldb"],{"ability":"normal"}],
		[0,"spawnenemy"],
		[0,["set","b"],["property","playerobj"]],
		[0,["set","oldb"],{"animation":"death"}],
		[0,"spawnenemy"],

		[4,["set","currentcustomtimerstage"],["property","loopline"]]
	],
}