{
	"hidden":true,

	"width":0.75,
	"height":0.75,
	"active":false,
	"resistseverything":true,
	"resistsspikes":true,
	"freezable":false,
	"blowable":false,
	"nodebug":true,
	"regiontriggerexclude":true,
	"dontstoplasers":true,
	"dontenterclearpipes":true,
	"notkilledfromblocksbelow":true,
	"NOEXTERNALHORCOLLISIONS":true,
	"NOEXTERNALVERCOLLISIONS":true,
	"gravity":40,

	"category":3,
	"mask":[	true, 
			false, true, true, true, true,
			false, true, false, false, true,
			false, true, true, false, true,
			true, true, false, true, true,
			true, true, true, false, true,
			true, false, true, true, true,
			false],
	"tracked":true,
	"falling":true,

	"spawnenemydelays":[99e99],

	"transforms":true,
	"transformsinto":["0ks normal","0ks hurt","0ks normal"],
	"transformtrigger":["animation","animation","lifetime"],
	"transformanimation":["kanim","khurt"],
	"p2transformanimation":["kanim2","khurt2"],
	"transformpassedparameters":["playerobj","spawner","stateability","move","sticktoplayer","muw","chardata"],
}