{
	"hidden":true,
	"doesntunrotate":true,

	"qs":[],
	"quadi":1,

	"width":0.75,
	"height":0.75,
	"active":false,
	"ignoreplatform":true,
	"resistseverything":true,
	"blowable":false,

	"spawnsenemy":"k hitbox",
	"spawnenemydelays":[99e99],
	"hitoffx":0,
	"hitoffy":0,
	"hitoffwidth":0,
	"hitoffheight":0,
	"hitboxbricks":true,
	"iframe":0.25,
	"removehitbox":true,

	"copyability":"none yet",
	"spawnedi":0,
	"customtimer":[
		[0,["set","quadgroup"],["property","spawner"]],
		[0,"setframe","ability"],
		[0,["set","ability"],["property","quad"]],
		[0,"setframe","gfx"],
		[0,["set","gfx"],["property","quad"]],
		[0,"setframe","move"],
		[0,["set","move"],["property","quad"]],

		[0,["set","loopline"],["property","currentcustomtimerstage"]],
		[0,["add","loopline"],2],
		[0,["add","currentcustomtimerstage"],3],
		[0,["set","quadgroup"],["property","qs"]],
		[0,"setframe",["property","quadi"]],
		[0,["set","customtimertimer"],0],


		[0,["-print","drawable"]],

		[0,["set","quadgroup"],["property","ability"]],
		[0,"setframe","weapon"],
		[0,["if",["property","quad"],"notexists",""],"setframe","weaponstate"],
		[0,["if",["property","quad"],"exists",""],["add","currentcustomtimerstage"],4],
			[0,["set","removehitbox"],true],
			[0,["set","drawable"],false],
			[0,["set","nodebug"],true],
			[0,["set","currentcustomtimerstage"],["property","loopline"]],

		[0,"setframe","weaponstate"],
		[0,["if",["property","quad"],"notexists",""],"setframe","stateability"],
		[0,["if","quad","==","copyability"],["add","currentcustomtimerstage"],30],
			[0,["set","copyability"],["property","quad"]],
			[0,"setframe","weaponname"],
			[0,["set","spawnsenemy"],["property","quad"]],
			[0,"spawnenemy"],

			[0,["add","spawnedi"],1],
			[0,["set","quadgroup"],["property","spawnedenemies"]],
			[0,"setframe",["property","spawnedi"]],
			[0,["set","quadgroup"],["property","quad"]],

			[0,"setframe","graphic"],
			[0,["set","graphic"],["property","quad"]],
			[0,"setframe","quadgroup"],
			[0,["set","qs"],["property","quad"]],
			[0,"setframe","offsetX"],
			[0,["set","offsetX"],["property","quad"]],
			[0,"setframe","offsetY"],
			[0,["set","offsetY"],["property","quad"]],
			[0,"setframe","quadcenterX"],
			[0,["set","quadcenterX"],["property","quad"]],
			[0,"setframe","quadcenterY"],
			[0,["set","quadcenterY"],["property","quad"]],

			[0,"setframe","offsets"],
			[0,["set","offsets"],["property","quad"]],
			[0,"setframe","priorityoffsets"],
			[0,["set","offsets2"],["property","quad"]],
			[0,"setframe","damages"],
			[0,["set","damages"],["property","quad"]],
			[0,"setframe","damagespecials"],
			[0,["set","dspes"],["property","quad"]],

			[0,["set","hitboxhardblocks"],false],
			[0,["if","copyability","==","hammer"],["set","hitboxhardblocks"],true],
		

		[0,["set","drawable"],false],
		[0,["set","quadgroup"],["property","gfx"]],
		[0,"setframe","sheetname"],
		[0,["set","sheet"],["property","quad"]],
		[0,"setframe","actualframe"],
		[0,["set","frame"],["property","quad"]],
		[0,"setframe","animationscalex"],
		[0,["if",["property","quad"],"==",false],["set","quad"],1],
		[0,["set","dir"],["property","quad"]],
		[0,["set","animationscalex"],["property","quad"]],
		[0,"setframe","animationscaley"],
		[0,["if",["property","quad"],"notexists",""],["set","quad"],1],
		[0,["set","animationscaley"],["property","quad"]],
		[0,"setframe","customscissor"],
		[0,["set","customscissor"],["property","quad"]],

		[0,["set","quadgroup"],["property","offsets2"]],
		[0,"setframe",["property","sheet"]],
		[0,["if",["property","quad"],"notexists",""],["set","quadgroup"],["property","offsets"]],
		[0,"setframe",["property","sheet"]],
		[0,["if",["property","quad"],"notexists",""],["set","quad"],[]],

		[0,["set","quadgroup"],["property","quad"]],
		[0,"setframe",["property","frame"]],
		[0,["if","quad","==",false],["add","currentcustomtimerstage"],1],
		[0,["if",["property","quad"],"exists",""],["add","currentcustomtimerstage"],2],
			[0,["set","removehitbox"],true],
			[0,["set","currentcustomtimerstage"],["property","loopline"]],

		[0,["set","quadgroup"],["property","quad"]],
		[0,"setframe",1],
		[0,["set","offx"],["property","quad"]],
		[0,["divide","offx"],16],
		[0,["multiply","offx"],["property","dir"]],
		[0,"setframe",2],
		[0,["set","offy"],["property","quad"]],
		[0,["divide","offy"],16],
		[0,["multiply","offy"],["property","animationscaley"]],
		[0,"setframe",3],
		[0,["if",["property","quad"],"notexists",""],["set","quad"],1],
		[0,["set","quadi"],["property","quad"]],
		[0,"setframe",4],
		[0,["if",["property","quad"],"notexists",""],["set","quad"],1],
		[0,["if",["property","animationscalex"],"notexists",""],["set","animationscalex"],1],
		[0,["multiply","animationscalex"],["property","quad"]],
		[0,"setframe",5],
		[0,["if",["property","quad"],"notexists",""],["set","quad"],0],
		[0,["if","animationscalex","<",0],["multiply","quad"],-1],
		[0,["if","animationscaley","<",0],["multiply","quad"],-1],
		[0,["multiply","quad"],1.57079633],
		[0,["set","rotation"],["property","quad"]],
		[0,"setframe",6],
		[0,["set","drawback"],["property","quad"]],


		[0,["set","quadgroup"],["property","dspes"]],
		[0,"setframe",["property","sheet"]],
		[0,["if",["property","quad"],"notexists",""],["set","quad"],[]],
		[0,["set","quadgroup"],["property","quad"]],
		[0,"setframe",1],
		[0,["set","damagetype"],["property","quad"]],
		[0,"setframe",2],
		[0,["set","iframe"],0.25],
		[0,["if",["property","quad"],"exists",""],["set","iframe"],["property","quad"]],
		[0,"setframe",3],
		[0,["set","useiframe"]],
		[0,["if",["property","quad"],"exists",""],["set","useiframe"],["property","quad"]],


		[0,["set","quadgroup"],["property","damages"]],
		[0,"setframe",["property","sheet"]],
		[0,["if",["property","quad"],"notexists",""],["add","currentcustomtimerstage"],4],
		[0,["set","quadgroup"],["property","quad"]],
		[0,"setframe",["property","frame"]],
		[0,["if",["property","quad"],"==",false],["add","currentcustomtimerstage"],1],
		[0,["if",["property","quad"],"exists",""],["add","currentcustomtimerstage"],2],
			[0,["set","removehitbox"],true],
			[0,["add","currentcustomtimerstage"],28],


			[0,["if","removehitbox","~=",true],["add","currentcustomtimerstage"],8],
				[0,["set","spawnsenemy"],"k hitbox"],
				[0,"spawnenemy"],
				[0,["add","spawnedi"],1],
				[0,["set","q"],["property","quad"]],
				[0,["set","quadgroup"],["property","spawnedenemies"]],
				[0,"setframe",["property","spawnedi"]],
				[0,["set","hitbox"],["property","quad"]],
				[0,["set","quad"],["property","q"]],

			[0,["set","removehitbox"],false],
			[0,["set","quadgroup"],["property","quad"]],
			[0,"setframe",1],
			[0,["set","damage"],["property","quad"]],
			[0,"setframe",2],
			[0,["set","knockx"],["property","quad"]],
			[0,["multiply","knockx"],["property","dir"]],
			[0,"setframe",3],
			[0,["set","knocky"],["property","quad"]],
			[0,["set","hitoffx"],0],
			[0,"setframe",4],
			[0,["if",["property","quad"],"exists",""],["multiply","quad"],["property","dir"]],
			[0,["if",["property","quad"],"exists",""],["set","hitoffx"],["property","quad"]],
			[0,["set","hitoffy"],0],
			[0,"setframe",5],
			[0,["if",["property","quad"],"exists",""],["set","hitoffy"],["property","quad"]],
			[0,"setframe",6],
			[0,["set","hitboxbricksactive"],true],
			[0,["if",["property","quad"],"==",false],["set","hitboxbricksactive"],false],


		[0,["set","quadgroup"],["property","playerobj"]],
		[0,"setframe","x"],
		[0,["set","x"],["property","quad"]],
		[0,"setframe","y"],
		[0,["set","y"],["property","quad"]],

		[0,["set","quadgroup"],["property","move"]],
		[0,"setframe","moveaddx"],
		[0,["if",["property","quad"],"notexists",""],["set","quad"],0],
		[0,["multiply","quad"],["property","customtimertimer"]],
		[0,["multiply","quad"],["property","customtimertimer"]],
		[0,["add","x"],["property","quad"]],
		[0,"setframe","teleportplayerspeedx"],
		[0,["if",["property","quad"],"notexists",""],["set","quad"],0],
		[0,["multiply","quad"],["property","customtimertimer"]],
		[0,["add","x"],["property","quad"]],

		[0,"setframe","midair"],
		[0,["set","midair"],["property","quad"]],
		[0,["if","quad","~=",true],["add","currentcustomtimerstage"],9],
			[0,"setframe","moveaddy"],
			[0,["if",["property","quad"],"notexists",""],["set","quad"],0],
			[0,["multiply","quad"],["property","customtimertimer"]],
			[0,["multiply","quad"],["property","customtimertimer"]],
			[0,["add","y"],["property","quad"]],
			[0,"setframe","teleportplayerspeedy"],
			[0,["if",["property","quad"],"notexists",""],["set","quad"],0],
			[0,["multiply","quad"],["property","customtimertimer"]],
			[0,["add","y"],["property","quad"]],



		[0,["add","x"],["property","offx"]],
		[0,["add","y"],["property","offy"]],

		[0,["set","quadgroup"],["property","gfx"]],
		[0,"setframe","drawable"],
		[0,["set","drawable"],["property","quad"]],

		[0,["set","quadgroup"],["property","spawner"]],
		[0,"setframe","state"],
		[0,["set","quadgroup"],["property","quad"]],
		[0,"setframe","noweapon"],
		[0,["if","quad","==",true],["set","drawable"],false],
		[0,["if","quad","==",true],["set","removehitbox"],true],

		[0,["set","nodebug"]],
		[0,["set","currentcustomtimerstage"],["property","loopline"]]
	],
}