{
	"quadcount":2,
	"nospritesets":true,
	"hidden":true,

	"width":5,
	"height":1.5,


	"xrelativetocamera":0.25,
	"yrelativetocamera":13,
	"nolatecamerastick":true,

	"active":false,
	"resistseverything":true,
	"ignoreplatform":true,
	"blowable":false,

	"transformsinto":"nil",
	"transformtrigger":"playernear",
	"playerneardist":[-2,-2.5,8,5],
	"supersizeproperties":{"near":true,"transforms":false},

	"spawnsenemy":"kz hud text",
	"spawnenemydelays":[99e99],
	"spawnpassedparameters":["master","playerobj"],
	"customtimer":[
		[0,["set","qs"],["property","quadgroup"]],

		[0,["set","transforms"],true],
		[0,["set","transform"],["property","dosupersize"]],
		

		[0,["set","master"],["property","spawner"]],
		[0,"spawnenemy"],
		[0,["set","spawnsenemy"],"kz hud hp"],
		[0,"spawnenemy"],

		[0,["set","quadgroup"],["property","playerobj"]],
		[0,"setframe","playernumber"],
		[0,["subtract","quad"],1],
		[0,["multiply","quad"],5],
		[0,["add","xrelativetocamera"],["property","quad"]],

		[0,"setframe","characterdata"],
		[0,["set","quadgroup"],["property","quad"]],
		[0,"setframe","oldmode"],
		[0,["set","old"],["property","quad"]],
		[0,"setframe","mixmeter"],
		[0,["if","old","==",true],["set","quad"],false],
		[0,["if","quad","~=",true],["add","currentcustomtimerstage"],3],
			[0,["set","spawnsenemy"],"kz mixmeter"],
			[0,"spawnenemy"],
			[0,["set","quadno"],2],

		[0,["set","loopline"],["property","currentcustomtimerstage"]],
		[0,["add","loopline"],2],
		[0,["add","currentcustomtimerstage"],3],
			[0,["set","quadgroup"],["property","qs"]],
			[0,["set","quadno"],["property","quadno"]],
			[0,["set","customtimertimer"],0],

		[0,["set","graphiccolor"]],
		[0,["if","near","==",true],["set","graphiccolor"],[255,255,255,150]],
		[0,["set","near"]],
		[0,["set","transforms"],true],


		[0,["set","currentcustomtimerstage"],["property","loopline"]]
	],
	"dontloopcustomtimer":true,

	"offsetX":0,
	"offsetY":8,
	"quadcenterX":0,
	"quadcenterY":0
}