{
	"hidden": true,

	"quadcount": 1,
	"nospritesets": true,
	"spawnonload": true,

	"width": 0.75,
	"height": 0.75,
 
	"static": true,
	"active": true,

	"movement": "flyvertical",
	"flyingtime": 2.5,
	"flyingdistance": 0.4,
	"spawnoffsetY": -0.2,
	
	"mask": [true,
		true, false, true, true, true,
		true, true, true, true, true,
		true, true, true, true, true,
		true, true, true, true, true,
		true, true, true, true, true,
		true, true, true, true, true],
 
	"emancipatecheck": false,
	"autodelete": false,
	"resistseverything": true,
	
	"removeonmariocontact": true,
	"dontstopmario": true,
	 
	"offsetX": 6,
	"offsetY": 2,
	"quadcenterX": 8,
	"quadcenterY": 8,

	"transforms": true,
	"transformsinto": "light clone",
	"transformtrigger": "mariocontact",
	"transformpassedparameters": ["varlight", "varlightadd", "vardistadd"],

	"rightclickmenu": ["ksdksdk",
		[
			["varlight", 1],
			["varlightadd", 0.1],
			["vardistadd", 0.3]
		],
		[
			["varlight", 1],
			["varlightadd", 0.1],
			["vardistadd", 0.5]
		],
		[
			["varlight", 1],
			["varlightadd", 0.12],
			["vardistadd", 0.15]
		],
		[
			["varlight", 3],
			["varlightadd", -0.1],
			["vardistadd", -0.3]
		],
		[
			["varlight", 2],
			["varlightadd", 0.15],
			["vardistadd", 0.7]
		]
	],
	"rightclickmenudisplay": ["type", "standard", "long", "wide", "uno reverse", "bonus"],
	"rightclickmenutable": true,
	"rightclickmenumultipleproperties": true,

	"treattransformasdeath": true,
	"animationtriggerondeath": "clearflash"
}