{
	"hidden":true,
	
	"width": 0.75,
	"height": 0.75,
	
	"category": 6,
	"mask": [true, 
		true, false, true, true, true,
		true, true, true, true, true,
		true, true, true, true, true,
		true, true, true, true, true,
		true, true, true, true, true,
		true, true, true, true, true,
		true],

	"resistseverything":true,
	"nocollidestops":true,
	"sticktoplayer":1,
	"dontstopmario": true,

	"transformpassedparameters":["startx","starty","playerobj","varlight", "varlightadd", "vardistadd"],

	"customtimer":[
		[0,["set","passivecollide"],["property","addoutput"]],
		[0,["set","customtimertimer"],0],
		[0,["set","quadgroup"],["property","outtable"]],
		[0,"setframe",1],
		[0,["set","quadgroup"],["property","quad"]],
		[0,"setframe",2],
		[0,["set","playerobj"],["property","quad"]],
		[0,["set","customtimeraction"],["property","transform"]],
		[0,"light controller"],
		[100,"wait"]
	]
}