{
	"hidden": true,

	"width": 0,
	"height": 0,
	"active": false,

	"customtimer": [
		[0, ["set", "quadgroup"], ["property", "spawner"]],
		[0, "setframe", "angle"],
		[0, ["cos", "x"], ["property", "quad"]],
		[0, ["sin", "y"], ["property", "quad"]],
		[0, ["multiply", "x"], ["property", "vardist"]],
		[0, ["multiply", "y"], ["property", "vardist"]],
		[0, "setframe", "x"],
		[0, ["add", "x"], ["property", "quad"]],
		[0, "setframe", "y"],
		[0, ["add", "y"], ["property", "quad"]],
		[0, ["set", "light"], ["property", "varlight"]],
		[0, ["set", "customtimertimer"], 0]
	],

	"transforms": true,
	"transformsinto": "YOU_HIM3_BASED_ON_HIM_AND_THEM_OFFICAL_DELETION_ENEMY_TRADEMARK_COPYRIGHT",
	"transformtrigger": "animation",
	"transformanimation": "clearflash"
}