{
	"hidden": true,

	"width": 0,
	"height": 0,
	"active": false,
	"sticktoplayer": 1,

	"spawnsenemy": "light box",
	"spawnenemydelays": [90000],
	"spawnpassedparameters": ["varlight", "vardist"],

	"varloop": 0,
	"vardist": 0,
	"customtimer": [
		[0, ["set", "var1"], ["property", "varloop"]],
		[0, ["floor", "var1"]],
		[0, ["multiply", "var1"], 4],
		[0, ["add", "currentcustomtimerstage"], ["property", "var1"]],

		[0, ["add", "varlight"], ["property", "varlightadd"]],
		[0, ["add", "vardist"], ["property", "vardistadd"]],
		[0, ["add", "varloop"], 0.05],
		[0, "spawnenemy"],

		[0, ["set", "quadgroup"], ["property", "playerobj"]],
		[0, "setframe", "pointingangle"],
		[0, ["reverse", "quad"]],
		[0, ["subtract", "quad"], 1.570796],
		[0, ["set", "angle"], ["property", "quad"]],
		[0, ["set", "customtimertimer"], 0]
	],

	"transforms": true,
	"transformsinto": "YOU_HIM3_BASED_ON_HIM_AND_THEM_OFFICAL_DELETION_ENEMY_TRADEMARK_COPYRIGHT",
	"transformtrigger": "animation",
	"transformanimation": "clearflash"
}