{
	"quadcount":3,
	"nospritesets":true,
	"hidden":true,


	"active":false,
	"ignoreplatform":true,

	"width":0,
	"height":0,

	"vary":0,
	"customtimer":[
		[0,["set","qs"],["property","quadgroup"]],
		[0,["set","quadgroup"],["property","spawner"]],
		[0,"setframe","spawnedenemies"],
		[0,["set","quadgroup"],["property","quad"]],
		[0,"setframe",1],
		[0,["set","customscissor"],["property","quad"]],
		[0,["set",3],1],
		[0,["set",4],1],

		[0,["set","quadgroup"],["property","spawner"]],
		[0,"setframe","delete"],
		[0,["set","instantdelete"],["property","quad"]],
		[0,["set","quadi"],0],
		[0,"setframe","yacceleration"],
		[0,["if","quad","==",30],["set","quadi"],1],
		[0,["if","quad","==",80],["set","quadi"],2],
		[0,["if","quad","==",-40],["set","quadi"],3],
		[0,["if","quad","==",-40],["add","y"],0.1875],

		[0,["set","var1"],["property","customtimertimer"]],
		[0,["if","quad","==",30],["multiply","var1"],60],
		[0,["if","quad","==",80],["multiply","var1"],-60],
		[0,["if","quad","==",-40],["multiply","var1"],120],
		[0,["add","vary"],["property","var1"]],
		[0,["mod","vary"],16],

		[0,["set","offsetY"],["property","vary"]],
		[0,["add","offsetY"],8],

		[0,["set","quadgroup"],["property","playerobj"]],
		[0,"setframe","speedx"],
		[0,["multiply","quad"],["property","customtimertimer"]],
		[0,["add","x"],["property","quad"]],
		[0,"setframe","speedy"],
		[0,["multiply","quad"],["property","customtimertimer"]],
		[0,["add","y"],["property","quad"]],


		[0,["set",1],["property","x"]],
		[0,["subtract",1],0.5],
		[0,["set",2],["property","y"]],
		[0,["subtract",2],0.625],

		[0,["set","quadgroup"],["property","qs"]],
		[0,"setframe",["property","quadi"]],
		[0,["set","customtimertimer"],0],
		[0,["set","currentcustomtimerstage"],8]
	],

	"offsetX":0,
	"offsetY":0,
	"quadcenterX":8,
	"quadcenterY":8
}