{
	"trackable": false,
	"dontEnterClearPipes":true,
	"hidden": true,
	"regiontriggerexclude":true,
	
	"quadcount": 1,
	"animationtype": "none",
	"lifetime": 4,

	"animationtriggeronspawn":"ombonk",

	"spawnsound":"helmethit",

	"width": 0.75,
	"height": 1.5,

	"active": true,

	"category": 3,
	"nospritesets":true,
	
	"speedy":-3,
	"speedx":-4,

	"mask": [	true,
				false, true, true, true, true,
				false, false, false, false, true,
				false, true, true, false, true,
				true, true, false, true, true,
				true, true, true, false, true,
				true, false, true, true, true,
				false, false, false, false],
	"resistseverything": true,
	"noCollideStops":false,
	"platformpush":false,
	"stickToNearestPlayer":false,

	"teleportnearestplayer":true,
	
	"transforms":true,
	"transformtrigger":["floorcollide","leftcollide","water"],
	"transformsinto":["despawnfastlow","bonkleft","despawnfast"],
	"transformpassedparameters":["speedy"],
	"transformsetparameters":[["spawnsound","none"]],
	"transformsetparametersbeforespawn":true,

	"customtimer":[
		[0,["set","speedx"],-4],
		[0,["set","speedy"],-3],
		[0,["set","quad"],1],
		[0,"setframe", 1],
		[0,["set","animationtimer"],0],
		[0,["set","quadcount"],1],
		[0.1,["set","transformtrigger"],["floorcollide","none","water"]]
	],
	"dontloopcustomtimer":true,

	"offsetX": 6,
	"offsetY": 5,
	"quadcenterx": 8,
	"quadcentery": 10,
}