{
	"trackable": false,
	"dontEnterClearPipes":true,
	"hidden": true,
	"regiontriggerexclude":true,
	
	"quadcount": 1,
	"animationtype": "none",
	"lifetime": 0.75,

	"spawnsound":"helmethit",
	"watergravity":8,

	"width": 0.75,
	"height": 0.75,

	"active": true,

	"category": 3,
	"nospritesets":true,
	
	"speedy":-1,
	"speedx":-2,

	"mask": [	true,
				false, true, true, true, true,
				false, false, false, false, true,
				false, true, true, false, true,
				true, true, false, true, true,
				true, true, true, false, true,
				true, false, true, true, true,
				false, false, false, false],
	"resistseverything": true,
	"noCollideStops":false,
	"platformpush":false,
	"stickToNearestPlayer":false,

	"transforms":true,
	"transformtrigger":["notinwater"],
	"transformsinto":["despawnfastsmoller"],
	"transformpassedparameters":["speedy","speedx"],

	"customtimer":[
	[0,["set","speedx"],-2]
	],
	"dontloopcustomtimer":true,

	"teleportnearestplayer":true,

	"offsetx": 6,
	"offsety": 17,
	"quadcenterx": 8,
	"quadcentery": 10,
}