{
	"trackable": false,

	"quadcount": 3,
	"dontEnterClearPipes":true,
	"spawnsound":"boomerang",
	"hidden":true,

	"animationtriggeronspawn":"omcappy",

	"animationtype":"frames",
	"animationframes":3,
	"animationstart":1,
	"animationspeed":0.09,

	"autodelete":false,
	"extremeautodelete":false,
	"ignoreplatform":true,

	"lifetime":1.1,

	"static":false,
	"active":true,
	
	"movement":"none",
	"truffleshufflespeed":30,
	"truffleshuffleacceleration":0,
	"speedxawayfromplayer":15,
	"startAwayFromPlayerHorizontal":true,
	"reflects":false,

	"removeOnMarioContact":false,

	"transforms": true,
	"transformsinto": ["rolling cappy","rolling cappy", "returning cappy","returning cappy","nobouncecappy","norollcappy","nonocappy","returning cappy","","returning cappy"],
	"transformtrigger": ["collide","floorcollide","leftcollide",     "rightcollide",     "animation",    "animation",  "animation","animation","animation",      "lifetime"],
	"transformanimation":["none","none","none","none","omnobounce","omnoroll","omnono","omforcereturn","omcapdelete"],
	"transformtriggerobjectcollide":["pixeltile","tile","tile","tile","none","none","none"],
	"transformpassedparameters":["speedx","speedy","currentcustomtimerstage","customtimertimer","lifetimer"],

	"nospritesets": true,
	"killsenemies":true,
	"resistseverything": true,
	"breaksBlocks":true,
	"breakBlockSide":"global",
	"breaksHardBlocks":false,
	"breaksFlipBlocks":false,

	"width": 0.75,

	"height": 0.7,

	"category": 3,

	"mask": [	true,
				false, false, false, false, true,
				false, false, false, false, false,
				false, true, false, false, true,
				true, true, false, false, false,
				true, true, false, false, true,
				false, false, false, false, true,
				false, true],

	"gravity": 0,

	"dontstopmario":true,

	"treattransformasdeath":false,

	"animationtriggerondeath":"omcappydown",

	"customtimer":[
		[0.1,["_set","transformtriggerenemycollide"],["none","none","none","none","none"]],
		[0.153,["set","truffleshufflespeed"],0],
		[0,["set","animationtriggerondeath"],false],
		[0,["set","speedx"],0],
		[0,["set","speedy"],0],
		[0,["set","transformpassedparameters"],["speedx","speedy"]]
	],
	"dontloopcustomtimer": true,
	"ignorefaithplates": true,
	"emancipatecheck": true,

	"offsetx": 6,
	"offsety": 5,
	"quadcenterx": 6,
	"quadcentery": 2.5,
}