{
	"trackable": false,

	"quadcount": 1,
	"dontEnterClearPipes":true,
	"hidden": true,
	"dontmirror":true,
	"regiontriggerexclude":true,

	"spawnsound":"raccoonswing",

	"animationtriggeronspawn":"omspinthrow",

	"animationtype":"none",
	"quadno":1,
	
	"lifetime":0.24,

	"rotationanimation":true,
	"rotationanimationspeed":-26,

	"spawnsenemy":"spinning cappy",
	"spawnenemydelays":[999],
	"spawnenemyoffsety":-0.47,
	"spawnenemyoffsetx":0.15,
	"spawnenemyspeedx":-20,
	"spawnmax":1,

	"transforms":true,
	"transformtrigger":"animation",
	"transformsinto":"despawnfastlow",
	"transformanimation":"omnospinspin",
	"transformpassedparameters":["speedx","speedy"],

	"teleportnearestplayer": false,
	"teleportPlayerOffsetX": 0,
	"teleportPlayerOffsetY": 0,
	"teleportPlayerSpeedX": 0,
	"teleportPlayerSpeedY": -1,
	
	"sticktonearestplayer":false,

	"enemyKillsDontFlyAway":true,
	"nospritesets": true,
	"resistseverything": true,

	"width": 0.75,
	"height": 1.5,

	"gravity":0,

	"category": 3,

	"mask": [	true,
				false, true, true, true, true,
				false, false, false, false, true,
				false, true, true, false, true,
				true, true, false, true, true,
				true, true, true, false, true,
				true, false, true, true, true,
				false, false, false, false],


	"customtimer":[
		[0,["set","customtimertimer"],0],
		[0,["set","speedy"],-1],
		[0.017,"spawnenemy"],
		[0,["multiply","speedx"],0.65],
		[0.07,["set","transforms"],false]
	],
	"dontloopcustomtimer": true,
	"ignorefaithplates": true,
	"emancipatecheck": false,

	"offsetx": 4,
	"offsety": 0,
	"quadcenterx": 9,
	"quadcentery": 16,
}