{
	"trackable": false,

	"quadcount": 3,
	"dontEnterClearPipes":true,
	"hidden": true,
	"dontmirror":false,
	"regiontriggerexclude":true,

	"animationtype": "frames",
	"animationstart":1,
	"animationframes":3,
	"animationspeed":0.035,
	
	"lifetime":0.24,

	"triggeranimationonspawn":"omspincapspin",

	"spawnsenemy":"cappy",
	"spawnenemydelays":[999999],
	"spawnenemyoffsety":-0.85,
	"spawnenemyspeedy":-15,
	"spawnmax":1,

	"spawnSound":"boomerang",

	"transforms":true,
	"transformtrigger":["animation","animation"],
	"transformsinto":["despawnfast","capspin spin"],
	"transformanimation":["none","omspinthrow"],
	"transformpassedparameters":["speedx","speedy"],

	"teleportnearestplayer": false,
	"teleportPlayerOffsetX": 0,
	"teleportPlayerOffsetY": 0,
	"teleportPlayerSpeedX": 0,
	"teleportPlayerSpeedY": -1,
	
	"sticktonearestplayer":false,

	"enemyKillsDontFlyAway":true,
	"nospritesets": true,
	"resistseverything": true,

	"width": 0.75,
	"height": 1.5,

	"gravity":0,

	"category": 3,

	"mask": [	true,
				false, true, true, true, true,
				false, false, false, false, true,
				false, true, true, false, true,
				true, true, false, true, true,
				true, true, true, false, true,
				true, false, true, true, true,
				false, false, false, false],


	"customtimer":[
		[0,["set","quadno"],1],
		[0,["set","animationtimer"],1],
		[0,["set","quadi"],0],
		[0,["set","animationtimerstage"],0],
		[0,["set","transformanimation"],["omnospin","omspinthrow"]],
		[0.02,["set","speedy"],-1],
		[0,["multiply","speedx"],0.65],
		[0,["set","spawnenemyspeedx"],["property","speedx"]],
		[0.05,["set","animationspeed"],500],
		[0.03,["set","transforms"],false],
		[0,"spawnenemy"]
	],
	"dontloopcustomtimer": true,
	"ignorefaithplates": true,
	"emancipatecheck": false,

	"offsetx": 7.5,
	"offsety": 0,
	"quadcenterx": 8,
	"quadcentery": 15,
}