{
	"trackable": false,

	"quadcount": 4,
	"dontEnterClearPipes":true,
	"hidden": true,
	"dontmirror":false,

	"animationtriggeronspawn":"omcapspin",

	"animationtype": "frames",
	"animationstart":1,
	"animationframes":4,
	"animationspeed":0.05,
	
	"lifetime":0.24,
	"regiontriggerexclude":true,

	"spawnsenemy":"cappy",
	"spawnenemydelays":[999],
	"spawnenemyoffsety":-0.47,
	"spawnenemyoffsetx":-0.15,
	"spawnenemyspeedx":20,
	"spawnmax":1,

	"spawnSound":"boomerang",

	"transforms":true,
	"transformtrigger":"animation",
	"transformsinto":"despawnfastlow",
	"transformanimation":"omnospin",
	"transformpassedparameters":["speedx","speedy"],

	"teleportnearestplayer": false,
	"teleportPlayerOffsetX": 0,
	"teleportPlayerOffsetY": 0,
	"teleportPlayerSpeedX": 0,
	"teleportPlayerSpeedY": -1,
	
	"sticktonearestplayer":false,

	"enemyKillsDontFlyAway":true,
	"nospritesets": true,
	"resistseverything": true,

	"width": 0.75,
	"height": 1.5,

	"gravity":0,

	"category": 3,

	"mask": [	true,
				false, true, true, true, true,
				false, false, false, false, true,
				false, true, true, false, true,
				true, true, false, true, true,
				true, true, true, false, true,
				true, false, true, true, true,
				false, false, false, false],


	"customtimer":[
		[0,["set","customtimertimer"],0],
		[0,["set","speedy"],-1],
		[0,["multiply","speedx"],0.65],
		[0.1,["set","spawnenemyspeedx"],["property","speedx"]],
		[0,["add","spawnenemyspeedx"],17],
		[0,"spawnenemy"]
	],
	"dontloopcustomtimer": true,
	"ignorefaithplates": true,
	"emancipatecheck": false,

	"offsetx": 7.5,
	"offsety": 0,
	"quadcenterx": 15,
	"quadcentery": 16,
}