{
	"trackable": false,
	"dontEnterClearPipes":true,
	"hidden": true,
	"dontmirror":true,
	
	"quadcount": 1,
	"animationtype": "none",
	"lifetime": 0.034,
	"regiontriggerexclude":true,

	"width": 0.9,
	"height": 0.35,

	"blowable":false,

	"active": true,

	"category": 3,
	"nospritesets":true,
	"spawnoffsetx":0,
	"spawnoffsety":-1.39,

	"mask": [true,
		false,true,true,true,true,
		false,true,false,false,true,
		false, true, true, false, true,
		true, true, false, true, true,
		false, true, true, false, true,
		true, false, true, true, true,
		false],
	"resistseverything": true,
	"noCollideStops":false,
	"platformpush":false,
	
	"stickToNearestPlayer":true,
	"sticktoplayeroffsetx":0,
	"sticktoplayeroffsety":-1.3,
	
	"transforms":false,
	"transformtrigger":["collide","lifetime"],
	"transformsinto":["none","coast clear"],

	"gravity":0,

	"customtimer":[
	[0.017,["set","transforms"],true]
	],

	"dontloopcustomtimer":true,
	"offsetx": 6,
	"offsety": 5,
	"quadcenterx": 8,
	"quadcentery": 10,
}