{
	"trackable": false,
	"dontEnterClearPipes":true,
	"hidden": true,
	
	"quadcount": 1,
	"animationtype": "none",
	"lifetime": 0,

	"_spawnsound":"coin",

	"animationtriggeronspawn":"omcoastclear",

	"regiontriggerexclude":true,

	"width": 0.75,
	"height": 1.5,

	"active": false,

	"category": 1,
	"nospritesets":true,
	

	"mask": [false,
		false,true,true,true,true,
		false,true,false,false,true,
		false, true, true, false, true,
		true, true, false, true, true,
		false, true, true, false, true,
		true, true, true, true, true, 
		true, false],
	"resistseverything": true,
	"noCollideStops":true,
	"platformpush":false,
	"stickToNearestPlayer":true,
	"sticktoplayeroffsetx":0,
	"sticktoplayeroffsety":0,

	"gravity": 0,
	"offsetx": 8,
	"offsety": 0,
	"quadcenterx": 8,
	"quadcentery": 8,
}