{
	"trackable": false,
	"dontEnterClearPipes":true,
	"hidden": true,
	
	"quadcount": 1,
	"animationtype": "none",
	"lifetime": 0.017,
	"spawnsound":"jump",
	"regiontriggerexclude":true,

	"animationtriggeronspawn":"omcappybounce",


	"width": 0.75,
	"height": 0.75,

	"active": true,

	"category": 3,
	"nospritesets":true,

	"teleportnearedtplayer":true,
	"teleportplayeroffsety":5,

	"spawnoffsety":0,

	"speedy":-22.5,
	

	"mask": [	true,
				false, true, true, true, true,
				false, false, false, false, true,
				false, true, true, false, true,
				true, true, false, true, true,
				true, true, true, false, true,
				true, false, true, true, true,
				false, false, false, false],
	"resistseverything": true,
	"noCollideStops":false,
	"platformpush":false,

	"customtimer":[
		[0,["set","speedy"],-22.5]
	],
	"dontloopcustomtimer":true,

	"gravity": 0,
	"offsetx": 6,
	"offsety": 0,
	"quadcenterx": 8,
	"quadcentery": 11,
}