{
	"trackable": false,
	"dontEnterClearPipes":true,
	"hidden": true,
	
	"quadcount": 1,
	"animationtype": "none",
	"lifetime": 0.017,
	"spawnsound":"bumperjump",
	"regiontriggerexclude":true,

	"animationtriggeronspawn":"ombackflip",

	"width": 0.75,
	"height": 1.5,

	"active": true,

	"category": 3,
	"nospritesets":true,

	"speedy":-17.05,

	"ignoreplatform":true,
	

	"mask": [	true,
				false, true, true, true, true,
				false, false, false, false, true,
				false, true, true, false, true,
				true, true, false, true, true,
				true, true, true, false, true,
				true, false, true, true, true,
				false, false, false, false],
	"resistseverything": true,
	"noCollideStops":false,
	"platformpush":false,

	"gravity":0,
	
	"varabs1":0,
	"varabs2":0,
	"customtimer":[
		[0,["set","varabs1"],["property","speedx"]],
		[0,["set","varabs2"],["property","speedx"]],
		[0,["abs","varabs1"]],
		[0,["add","varabs1"],0.000000000001],
		[0,["divide","varabs2"],["property","varabs1"]],
		[0,["set","speedx"],["property","varabs2"]],
		[0,["multiply","speedx"],-3]
	],
	"dontloopcustomtimer":true,

	"offsetx": 6,
	"offsety": 0,
	"quadcenterx": 8,
	"quadcentery": 16,
}