{
	"trackable": false,
	"dontEnterClearPipes":true,
	"hidden": true,

	"animationtriggeronspawn":"omwalljump",
	
	"quadcount": 1,
	"animationtype": "none",
	"lifetime": 0.017,
	"spawnsound":"jump",
	"regiontriggerexclude":true,
	"dontmirror":true,

	"width": 0.75,
	"height": 1.5,

	"active": true,

	"category": 3,
	"nospritesets":true,
	"spawnoffsetx":-0.2,

	"speedy":-24.5,
	"speedx":-10,
	
	"ignoreplatform":true,

	"mask": [	true,
				false, true, true, true, true,
				false, false, false, false, true,
				false, true, true, false, true,
				true, true, false, true, true,
				true, true, true, false, true,
				true, false, true, true, true,
				false, false, false, false],
	"resistseverything": true,
	"noCollideStops":false,
	"platformpush":false,

	"customtimer":[
		[0,["set","speedx"],-10],
		[0,["set","speedy"],-24.5]
	],
	"dontloopcustomtimer":true,

	"gravity": 80,
	"offsetx": 6,
	"offsety": 5,
	"quadcenterx": 8,
	"quadcentery": 10,
}