{
	"trackable": false,
	"dontEnterClearPipes":true,
	"hidden": true,
	
	"quadcount": 1,
	"animationtype": "none",
	"lifetime": 0.017,
	"regiontriggerexclude":true,

	"width": 0.75,
	"height": 1.5,

	"active": true,

	"category": 3,
	"nospritesets":true,

	"ignoreplatform":true,
	

	"mask": [	true,
				false, true, true, true, true,
				false, false, false, false, true,
				false, true, true, false, true,
				true, true, false, true, true,
				true, true, true, false, true,
				true, false, true, true, true,
				false, false, false, false],
	"resistseverything": true,
	"noCollideStops":false,
	"platformpush":false,

	"gravity":0,

	"transforms":true,
	"transformsinto":["despawnleft","despawnright"],
	"transformtrigger":["animation","animation"],
	"transformanimation":["omlefthold","omrighthold"],
	"transformpassedparameters":["speedx","speedy","animationdirection"],
	"dontloopcustomtimer":true,

	"offsetx": 6,
	"offsety": 0,
	"quadcenterx": 8,
	"quadcentery": 16,
}