{
	"trackable": false,
	"dontEnterClearPipes":true,
	"hidden": true,
	
	"quadcount": 1,
	"animationtype": "none",
	"lifetime": 0,
	"spawnsound":"jump",
	"regiontriggerexclude":true,

	"width": 0.75,
	"height": 1.5,

	"active": true,

	"ignoreplatform":true,

	"category": 3,
	"nospritesets":true,

	"speedy":-12,
	

	"mask": [	true,
				false, true, true, true, true,
				false, false, false, false, true,
				false, true, true, false, true,
				true, true, false, true, true,
				true, true, true, false, true,
				true, false, true, true, true,
				false, false, false, false],
	"resistseverything": true,
	"noCollideStops":true,
	"platformpush":false,

	"dontloopcustomtimer":true,

	"gravity": 0,
	"offsetx": 8,
	"offsety": 0,
	"quadcenterx": 8,
	"quadcentery": 8,
}