{
	"trackable": false,
	"dontEnterClearPipes":true,
	"hidden": true,
	
	"quadcount": 1,
	"animationtype": "none",
	"lifetime": 0.017,
	"regiontriggerexclude":true,

	"width": 0.75,
	"height": 1.5,

	"active": true,

	"_speedy":10,

	"spawnoffsety":0.45,

	"ignoreplatform":true,

	"category": 3,
	"nospritesets":true,

	"transforms":false,
	"transformtrigger":"animation",
	"transformanimation":"omgroundland",
	"transformsinto":"despawnfast",

	"mask": [	true,
				false, true, true, true, true,
				false, false, false, false, true,
				false, true, true, false, true,
				true, true, false, true, true,
				true, true, true, false, true,
				true, false, true, true, true,
				false, false, false, false],
	"resistseverything": true,
	"noCollideStops":false,
	"platformpush":false,

	"customtimer":[
		[0,["set","animationtimer"],0],
		[0,["set","animationtimerstage"],1],
		[0,["set","animationspeed"],0],
		[0,["set","quadcount"],1],
		[0,["set","quad"],1],
		[0,["set","quadi"],1],
		[0,"setframe",1]
	],
	"dontloopcustomtimer":true,

	"gravity": 80,
	"offsetx": 6,
	"offsety": 6,
	"quadcenterx": 8,
	"quadcentery": 11,
}