{
	"trackable": false,
	"dontEnterClearPipes":true,
	"hidden": true,
	
	"quadcount": 1,
	"animationtype": "none",
	"lifetime": 0.017,
	"regiontriggerexclude":true,

	"width": 0.75,
	"height": 0.75,

	"active": true,

	"speedy":20,

	"category": 3,
	"nospritesets":true,
	"spawnoffsety":-0.01,
	"spawnoffsetx":0.2,

	"transforms":false,
	"transformtrigger":"collide",
	"transformtriggerenemycollide":"runpress",
	"transformsinto":"roll",
	"transformpassedparameters":["speedx"],

	"mask": [	true,
				false, true, true, true, true,
				false, false, false, false, true,
				false, true, true, false, true,
				true, true, false, true, true,
				true, true, true, false, true,
				true, false, true, true, true,
				false, false, false, false],
	"resistseverything": true,
	"noCollideStops":false,
	"platformpush":false,

	"gravity": 0,
	"offsetx": 6,
	"offsety": 6,
	"quadcenterx": 8,
	"quadcentery": 11,
}