{
	"trackable": false,
	"dontEnterClearPipes":true,
	"hidden": true,
	"dontstoplasers":true,

	"animationtriggeronspawn":"ombetaflip",
	
	"quadcount": 1,
	"animationtype":"frames",
	"animationstart":1,
	"animationframes":1,
	"animationspeed":50,

	"lifetime": 0.5,
	"spawnsound":"bumperjump",
	"regiontriggerexclude":true,

	"breaksblocks":true,
	"breakblockside":"top",

	"rotationanimation":true,
	"rotationanimationspeed":0,

	"width": 0.75,
	"height": 1.5,

	"active": true,

	"category": 3,
	"nospritesets":true,

	"speedy":-18,
	
	"ignoreplatform":true,

	"mask": [	true,
				false, true, true, true, true,
				false, false, false, false, true,
				false, true, true, false, true,
				true, true, false, true, true,
				true, true, true, false, true,
				true, false, true, true, true,
				false, false, false, false],
	"resistseverything": true,
	"noCollideStops":false,
	"platformpush":false,

	"teleportnearestplayer":true,

	"transforms":true,
	"transformtrigger":["animation","water"],
	"transformanimation":"omcantbetaflip",
	"transformsinto":["despawnfastlow","despawnfastslowb"],

	"gravity":30,

	"_customtimer":[
		[0,["random","customtimer"],[
			[[0,"wait"],[0,["set","rotationanimationspeed"],-13],[0,["set","speedx"],-3]],
			[[0,"wait"],[0,["set","rotationanimationspeed"],13],[0,["set","speedx"],3]]
		]]
	],


	"varabs1":0,
	"varabs2":0,
	"var1":0,
	"customtimer":[
		[0,["set","var1"],["property","speedx"]],
		[0,["multiply","var1"],10],
		[0,["add","speedx"],["property","var1"]],
		[0,["set","varabs1"],["property","speedx"]],
		[0,["set","varabs2"],["property","speedx"]],
		[0,["abs","varabs1"]],
		[0,["add","varabs1"],0.00000000000000001],
		[0,["divide","varabs2"],["property","varabs1"]],
		[0,["set","speedx"],["property","varabs2"]],
		[0,["multiply","speedx"],-3],
		[0,["set","rotationanimationspeed"],["property","varabs2"]],
		[0,["multiply","rotationanimationspeed"],-13]
	],
	"dontloopcustomtimer":true,

	"offsetx": 6,
	"offsety": -4,
	"quadcenterx": 8.5,
	"quadcentery": 14.5,
}