{
	"trackable": false,
	"dontEnterClearPipes":true,
	"hidden": true,
	
	"quadcount": 1,
	"animationtype": "none",
	"lifetime": 0.017,
	"spawnsound":"jump",
	"regiontriggerexclude":true,

	"animationtriggeronspawn":"omcappybounce",

	"width": 0.75,
	"height": 1.5,

	"active": true,

	"category": 3,
	"nospritesets":true,

	"spawnchildren":["cappyfilter"],

	"speedy":-20,
	

		"mask": [	true,
				false, true, true, true, true,
				false, false, false, false, true,
				false, true, true, false, true,
				true, true, false, true, true,
				true, true, true, false, true,
				true, false, true, true, true,
				false, false, false, false],
	"resistseverything": true,
	"noCollideStops":false,
	"platformpush":false,

	"teleportnearestplayer":true,
	"teleportplayerspeedy":2000000000000,

	"var1":0,
	"var2":0,
	"customtimer":[
		[0,["set","var1"],["property","speedy"]],
		[0,["set","var2"],["property","speedy"]],
		[0,["add","var1"],0.75],
		[0,["add","var2"],0.75],
		[0,["abs","var2"]],
		[0,["divide","var1"],["property","var2"]],
		[0,["multiply","var1"],5.25],
		[0,["add","var1"],21.25],
		[0,["multiply","var1"],-1],
		[0.001,["set","speedy"],-26.5]
	],

	"dontloopcustomtimer":true,

	"gravity": 0,
	"offsetx": 6,
	"offsety": -6,
	"quadcenterx": 8,
	"quadcentery": 11,
}