{
	"trackable": false,
	"dontEnterClearPipes":true,
	"hidden": true,
	
	"quadcount": 1,
	"animationtype": "none",
	"lifetime": 0.017,
	"spawnsound":"jump",
	"regiontriggerexclude":true,

	"ignoreplatform":true,

	"animationtriggeronspawn":"omcappyroll",

	"width": 0.75,
	"height": 1.5,

	"active": true,
	
	"_spawnoffsetx":0.375,

	"spawnoffsety":0.375,

	"category": 3,
	"nospritesets":true,

	"speedy":-16,
	

	"mask": [	true,
				false, true, true, true, true,
				false, false, false, false, true,
				false, true, true, false, true,
				true, true, false, true, true,
				true, true, true, false, true,
				true, false, true, true, true,
				false, false, false, false],
	"resistseverything": true,
	"noCollideStops":false,
	"platformpush":false,

	"customtimer":[
		[0,["divide","speedx"],1.2],
		[0,["set","speedy"],-16]
	],

	"dontloopcustomtimer":true,

	"gravity": 0,
	"offsetx": 8,
	"offsety": 0,
	"quadcenterx": 8,
	"quadcentery": 8,
}