{
	"trackable": false,
	"dontstoplasers":true,

	"animationtriggeronspawn":"omdive",

	"quadcount": 1,
	"dontEnterClearPipes":true,
	"hidden": true,
	"dontmirror":false,
	"lifetime":5,
	"regiontriggerexclude":true,

	"-waterdamping":0.2,


	"animationtype": "frames",
	"animationstart":1,
	"animationframes":1,
	"animationspeed":50,

	"rotationanimation":true,
	"rotationanimationspeed":0,
	"rotation":0,

	"_killsenemies":true,
	"_killsonbottom":true,
	"_bouncesOnEnemyKill":true,
	"_bounceforce":20,

	"breaksblocks":true,
	"breakBlockSide":"sides",

	"speedY":-18,
	"spawnSound":"throw",

	"teleportnearestplayer": true,
	"teleportPlayerOffsetX": 0,
	"teleportPlayerOffsetY": 0,
	"teleportPlayerSpeedX": 0,
	"teleportPlayerSpeedY": 0,

	"transforms": true,
	"transformsinto": ["bonkleft","bonkright","bonkright","bonkright","bonkright","despawnfastcapjump","despawnfastcapjump","despawnfastrcj","bonkright","despawnfastslow"],
	"transformtrigger": ["leftcollide","rightcollide","collide","collide","collide","collide","collide","collide","playernotnear","water"],
	"transformtriggerobjectcollide": ["tile","tile","tile","door","lightbridgebody"],
	"transformtriggerenemycollide":["none","none","none","none","none","cappy","norollcappy","rolling cappy"],
	"transformpassedparameters":["speedx","speedy"],
	"playerneardist":500,

	"nospritesets": true,
	"resistseverything": true,

	"width": 1.5,
	"height": 0.75,

	"category": 3,

	"mask": [	true,
				false, false, true, true, true,
				false, false, false, false, true,
				false, true, false, false, true,
				true, true, false, false, false,
				true, true, true, false, true,
				true, false, true, false, true,
				false, true, false, false],
	"var1":0,
	"var2":0,
	"var3":0,
	"varabs1":0,
	"customtimer":[
		[0,["set","speedy"],-18],
		[0,["set","var1"],["property","speedx"]],
		[0,["set","playerneardist"],["property","speedx"]],
		[0,["abs","var1"]],
		[0,["add","var1"],0.00000000000000000000000000000000000000000000000000000000000000000000000000000000001],
		[0,["divide","speedx"],["property","var1"]],
		[0,["set","varabs1"],["property","speedx"]],
		[0,["multiply","speedx"],11.5],
		[0.034,["set","transformtrigger"],["floorcollide","leftcollide","rightcollide","collide","collide","collide","playernotnear","water"]],
		[0,["set","transformsinto"],["despawnfastsmol","bonkleft","bonkright","despawnfastcapjump","despawnfastcapjump","despawnfastrcj","bonkright","despawnfastslow"]],
		[0,["set","transformtriggerenemycollide"],["none","none","none","cappy","norollcappy","rolling cappy"]],
		[0,["set","transformtriggerobjectcollide"],["tile","tile","tile"]],
		[0.175,["set","customtimer"],[
			[0,["set","customtimertimer"],0],
			[0,["set","transformsinto"],["despawnfastsmol","bonkleft","bonkright","despawnfastcapjump","despawnfastcapjump","despawnfastrcj","despawnfastsmol","despawnfastslow"]],
			[0.00,["set","playerneardist"],["property","speedy"]],
			[0,["set","var1"],0.5],
			[0,["multiply","var1"],["property","varabs1"]],
			[0,["set","var2"],["property","rotation"]],
			[0,["divide","var2"],-1],
			[0,["set","var3"],0.75],
			[0,["multiply","var3"],["property","varabs1"]],
			[0,["add","var3"],["property","var2"]],
			[0,["set","rotationanimationspeed"],["property","var3"]],
			[0,["multiply","rotationanimationspeed"],6.25],

			[0,["set","customtimertimer"],0],
			[0.0,["set","transformsinto"],["despawnfastsmol","bonkleft","bonkright","despawnfastcapjump","despawnfastcapjump","despawnfastrcj","bonkright","despawnfastslow"]],
			[0,["set","playerneardist"],["property","speedx"]]
		]]
	],

	"dontloopcustomtimer": false,
	"ignorefaithplates": true,
	"emancipatecheck": false,

	"offsetx": 13.5,
	"offsety": 0,
	"quadcenterx": 15,
	"quadcentery": 7,
}