{
	"trackable": false,
	"dontEnterClearPipes":true,
	"hidden": true,
	"dontstoplasers":true,

	"_spawnsound":"switch",
	
	"quadcount": 1,
	"animationtype": "none",
	"lifetime":0,
	"regiontriggerexclude":true,

	"animationtriggeronspawn":"omcappyreturn",
	"queueanimationtrigger":true,

	"width": 1,
	"height": 2,

	"active": false,

	"category": 1,
	"nospritesets":true,
	"spawnoffsety":0,
	
	"mask": [true,
	true,true,true,true],
	"resistseverything": true,
	"noCollideStops":true,
	"platformpush":false,

	"sticktonearestplayer":true,
	"sticktoplayeroffsetY":-0.25,
	"sticktoplayeroffsetx":0,

	"gravity": 0,
	"offsetx": 8,
	"offsety": 0,
	"quadcenterx": 8,
	"quadcentery": 8,
}