{
	"trackable": false,
	"dontEnterClearPipes":true,
	"hidden": true,
	"dontmirror":true,
	"dontstoplasers":true,

	"animationtriggeronspawn":"omstandspin",
	
	"quadcount": 4,
	"animationtype": "frames",
	"animationstart":1,
	"animationspeed":0.05,
	"animationframes":4,
	"quadno":1,
	"lifetime": 0.7,

	"regiontriggerexclude":true,
	"friction":20,

	"breaksblocks":true,
	"breakblockside":"sides",

	"width": 0.75,
	"height": 1.5,

	"active": true,

	"weight":-5,

	"category": 4,
	"nospritesets":true,
	
	"dontstopmario":true,

	"mask": [true,
		false,false,true,false,true,
		false,true,false,false,true,
		false, true, true, false, true,
		true, true, false, true, true,
		false, true, true, false, true,
		true, false, true, true, true, 
		false, false],
	"resistseverything": true,
	"noCollideStops":false,
	"platformpush":false,
	"stickToNearestPlayer":false,

	"teleportnearestplayer":true,
	
	"transforms":true,
	"transformtrigger":["animation","animation"],
	"transformanimation":["omgspinthrow","omspinjump"],
	"transformsinto":["capspin spin","spin jump up"],
	"transformpassedparameters":["speedx"],

	"dontloopcustomtimer":true,

	"gravity":20,
	"offsetx": 6,
	"offsety": -1,
	"quadcenterx": 14,
	"quadcentery": 16,
}