{
	"trackable": false,
	"dontstoplasers":true,

	"quadcount": 1,
	"dontEnterClearPipes":true,
	"hidden": true,
	"dontmirror":false,
	"regiontriggerexclude":true,

	"doesntunrotate":false,

	"animationtype":"frames",
	"animationstart":1,
	"animationframes":1,
	"animationspeed":500,

	"_friction":20,

	"rotationanimation":true,
	"rotationanimationspeed":0,

	"speedY":20,

	"gravity":100,

	"weight":999999999,

	"teleportnearestplayer": true,
	"teleportPlayerOffsetX": 0,
	"teleportPlayerOffsetY": 0,
	"teleportPlayerSpeedX": 0,
	"teleportPlayerSpeedY": 0,

	"transforms": true,
	"transformsinto": ["sitting on the ground","dive low","despawnfastlow","despawnfastlow","ground downd water"],
	"transformtrigger": ["floorcollide","animation","animation","animation","water"],
	"transformanimation":["none","omdive","omcantpound","omgpcancel"],
	"transformpassedparameters":["speedx","animationdirection"],
	"transformpassedparametersbeforespawn":true,

	"enemyKillsDontFlyAway":true,
	"nospritesets": true,
	"resistseverything": true,
	"breaksBlocks":true,
	"breakBlockSide":"floor",
	"breaksHardBlocks":false,
	"breaksFlipBlocks":false,
	"killsenemies":true,

	"width": 0.75,
	"height": 0.75,

	"category": 3,

	"mask": [	true,
				false, true, false, false, true,
				false, false, false, false, false,
				false, true, false, false, true,
				true, true, false, false, false,
				true, true, false, false, true,
				false, false, false, false, true,
				false, false, false, false],

	"dontloopcustomtimer": true,
	"ignorefaithplates": true,
	"emancipatecheck": false,

	"customtimer":[
		[0.017,["add","speedy"],20]
	],

	"offsetx": 7,
	"offsety": 4.5,
	"quadcenterx": 10.5,
	"quadcentery": 10.5,
}