{
	"trackable": false,
	"dontstoplasers":true,

	"quadcount": 1,
	"dontEnterClearPipes":true,
	"hidden": true,
	"dontmirror":false,
	"regiontriggerexclude":true,

	"doesntunrotate":false,

	"animationtype":"frames",
	"animationstart":1,
	"animationframes":1,
	"animationspeed":500,

	"speedy":15,

	"watergravity":-25,

	"weight":999999999,

	"teleportnearestplayer": true,
	"teleportPlayerOffsetX": 0,
	"teleportPlayerOffsetY": 0,
	"teleportPlayerSpeedX": 0,
	"teleportPlayerSpeedY": 0,

	"lifetime":0.5,

	"transforms": true,
	"transformsinto": ["sitting on the drownd","swimdive","despawnfast","ground downd"],
	"transformtrigger": ["floorcollide","animation","animation","notinwater"],
	"transformanimation":["none","omswimdive","omgpcancel"],
	"transformpassedparameters":["speedx","animationdirection"],
	"transformpassedparametersbeforespawn":true,

	"enemyKillsDontFlyAway":true,
	"nospritesets": true,
	"resistseverything": true,
	"breaksBlocks":true,
	"breakBlockSide":"floor",
	"breaksHardBlocks":false,
	"breaksFlipBlocks":false,
	"killsenemies":true,

	"width": 0.75,
	"height": 0.75,

	"category": 3,

	"mask": [	true,
				false, true, false, false, true,
				false, false, false, false, false,
				false, true, false, false, true,
				true, true, false, false, false,
				true, true, false, false, true,
				false, false, false, false, true,
				false, false, false, false],

	"customtimer":[
		[0.017,["set","speedy"],15],
		[0.017,["set","speedy"], 15],
		[0.017,["set","speedy"], 15]
	],

	"float":false,

	"dontloopcustomtimer": true,
	"ignorefaithplates": true,
	"emancipatecheck": false,

	"offsetx": 7,
	"offsety": 4.5,
	"quadcenterx": 10.5,
	"quadcentery": 10.5,
}