{
	"trackable": false,
	"dontstoplasers":true,

	"quadcount": 1,
	"dontEnterClearPipes":true,
	"hidden": true,
	"dontmirror":false,
	"regiontriggerexclude":true,

	"doesntunrotate":false,

	"lifetime":0.3,

	"animationtriggeronspawn":"ompound",

	"animationtype":"frames",
	"animationstart":1,
	"animationframes":1,
	"animationspeed":500,

	"rotationanimation":true,
	"rotationanimationspeed":0,

	"speedy":0,

	"weight":999999999,

	"teleportnearestplayer": true,
	"teleportPlayerOffsetX": 0,
	"teleportPlayerOffsetY": 0,
	"teleportPlayerSpeedX": 0,
	"teleportPlayerSpeedY": 0,

	"transforms": true,
	"transformsinto": ["dive","despawnfast","ground pound water","ground downd"],
	"transformtrigger": ["animation","animation","water","lifetime"],
	"transformanimation":["omdive","omcantpound"],
	"transformpassedparameters":["speedx","speedy","animationdirection"],
	"transformpassedparametersbeforespawn":true,

	"enemyKillsDontFlyAway":true,
	"nospritesets": true,
	"resistseverything": true,

	"width": 0.75,
	"height": 0.75,

	"category": 3,

	"mask": [true,
		false,true,true,true,true,
		false,true,false,false,true,
		false, true, true, false, true,
		true, true, false, true, true,
		false, true, true, false, true,
		true, false, true, true, true,
		false],

	"gravity": 0,
	"varabs1":0,
	"varabs2":0,
	"customtimer":[
		[0,["set","rotationanimationspeed"],["property","speedx"]],
		[0,["set","speedy"],0],
		[0,["multiply","rotationanimationspeed"],31415.9265359],
		[0,"playsound","grab"],
		[0.2,["set","rotationanimationspeed"],0],
		[0,["set","rotation"],0]	
	],
	"dontloopcustomtimer": true,
	"ignorefaithplates": true,
	"emancipatecheck": false,

	"offsetx": 7,
	"offsety": 4.5,
	"quadcenterx": 10.5,
	"quadcentery": 10.5,
}