{
	"trackable": false,
	"dontstoplasers":true,

	"quadcount": 1,
	"dontEnterClearPipes":true,
	"hidden": true,
	"dontmirror":false,
	"regiontriggerexclude":true,

	"doesntunrotate":false,

	"lifetime":0.3,

	"animationtriggeronspawn":"omwetpound",

	"animationtype":"frames",
	"animationstart":1,
	"animationframes":1,
	"animationspeed":500,

	"rotationanimation":true,
	"rotationanimationspeed":0,

	"speedy":0,

	"weight":999999999,

	"teleportnearestplayer": true,
	"teleportPlayerOffsetX": 0,
	"teleportPlayerOffsetY": 0,
	"teleportPlayerSpeedX": 0,
	"teleportPlayerSpeedY": 0,

	"transforms": true,
	"transformsinto": ["swimdive","despawnfast","despawnfast","ground downd water"],
	"transformtrigger": ["animation","animation","animation","lifetime"],
	"transformanimation":["omswimdive","omcantpound","_omgpcancel"],
	"transformpassedparameters":["speedx","speedy","animationdirection"],
	"transformpassedparametersbeforespawn":true,

	"enemyKillsDontFlyAway":true,
	"nospritesets": true,
	"resistseverything": true,
	"breaksBlocks":true,
	"breakBlockSide":"floor",
	"breaksHardBlocks":false,
	"breaksFlipBlocks":false,
	"killsenemies":true,

	"width": 0.75,
	"height": 0.75,

	"category": 3,
	"mask": [true,
		false,true,true,true,true,
		false,true,false,false,true,
		false, true, true, false, true,
		true, true, false, true, true,
		false, true, true, false, true,
		true, false, true, true, true,
		false],

	"gravity": 0,

	"customtimer":[
		[0,["set","rotationanimationspeed"],["property","speedx"]],
		[0,["set","speedy"],0],
		[0,["multiply","rotationanimationspeed"],31415.9265359],
		[0,"playsound","grab"],
		[0.2,["set","rotationanimationspeed"],0],
		[0,["set","rotation"],0]	
	],
	"dontloopcustomtimer": true,
	"ignorefaithplates": true,
	"emancipatecheck": false,

	"offsetx": 7,
	"offsety": 4.5,
	"quadcenterx": 10.5,
	"quadcentery": 10.5,
}