{
	"trackable": false,
	"dontEnterClearPipes":true,
	"hidden": true,

	"drawback":true,

	"quadcount": 4,
	"animationtype": "frames",
	"animationstart":1,
	"animationframes":4,
	"animationspeed":0.06,
	"lifetime": 0.3,
	"regiontriggerexclude":true,

	"animationtriggeronspawn":"omkick",

	"spawnsound":"raccoonswing",

	"width": 0.75,
	"height": 1.5,

	"active": true,

	"category": 3,
	"nospritesets":true,
	"spawnoffsety":0,

	"ignoreplatform":true,

	"speedy":-2,
	"teleportnearestplayer":true,
	"teleportplayeroffsety":-1,
	"teleportplayerspeedy":0,

	"transforms":true,
	"transformtrigger":["animation","animation","animation"],
	"transformanimation":["omkicksad","omkickmad","omcantkick"],
	"transformsinto":["kickboostsad","kickboostmad","despawnfast"],
	"transformpassedparameters":["speedx","speedy"],

	"mask": [	true,
				false, true, true, true, true,
				false, false, false, false, true,
				false, true, true, false, true,
				true, true, false, true, true,
				true, true, true, false, true,
				true, false, true, true, true,
				false, false, false, false],
	"resistseverything": true,

	"customtimer":[
		[0,["set","customtimertimer"],0],
		[0,["multiply","speedx"],0.65],
		[0,["set","speedy"],-2],
		[0.06,["set","transforms"],false]
	],
	"dontloopcustomtimer":true,

	"gravity": 0,
	"offsetx": 7.5,
	"offsety": 0,
	"quadcenterx": 15,
	"quadcentery": 16,
}