{
	"trackable": false,
	"dontEnterClearPipes":true,
	"hidden": true,
	
	"quadcount": 4,
	"animationtype": "frames",
	"animationstart":1,
	"animationframes":4,
	"animationspeed":0.06,
	"lifetime": 0.25,
	"regiontriggerexclude":true,

	"width": 0.75,
	"height": 1.5,

	"active": true,

	"category": 3,
	"nospritesets":true,
	"spawnoffsety":0,

	"speedy":-1.75,
	"teleportnearestplayer":true,
	"teleportplayeroffsety":-1,
	"teleportplayerspeedy":0,

	"mask": [	true,
				false, true, true, true, true,
				false, false, false, false, true,
				false, true, true, false, true,
				true, true, false, true, true,
				true, true, true, false, true,
				true, false, true, true, true,
				false, false, false, false],
	"resistseverything": true,
	"noCollideStops":false,
	"platformpush":false,

	"customtimer":[
		[0,["multiply","speedx"],0.65],
		[0,["set","speedy"],-1.25]
	],
	"dontloopcustomtimer":true,

	"gravity": 0,
	"offsetx": 7.5,
	"offsety": 0,
	"quadcenterx": 15,
	"quadcentery": 16,
}