{
	"trackable": false,
	"dontEnterClearPipes":true,
	"hidden": true,
	"dontmirror":true,
	"dontstoplasers":true,
	
	"quadcount": 1,
	"animationtype": "none",
	"regiontriggerexclude":true,

	"animationtriggeronspawn":"omledgegrab",

	"spawnsenemy":"check shore",
	"spawnenemydelays":[999],
	"spawnmax":1,

	"-spawnsound":"skid",

	"width": 0.75,
	"height": 1.5,

	"snapxtogrid":false,
	"snapxtogridoffset":0,
	"snapytogrid":true,
	"-snapytogridoffset":-0.15,

	"speedy":3,
	"speedx":0,

	"active":true,
	"static":true,
	"spawnoffsety":-0.1,

	"category": 3,
	"nospritesets":true,

	"mask": [false,
		false,true,true,true,true,
		false,true,false,false,true,
		false, true, true, false, true,
		true, true, false, true, true,
		false, true, true, false, true,
		true, false, true, true, true, 
		true,false],
	"resistseverything": true,
	"noCollideStops":false,
	"platformpush":false,
	"stickToNearestPlayer":false,

	"teleportnearestplayer":true,
	"teleportplayeroffsetx":0,
	"teleportplayeroffsety":0,
	"teleportplayerspeedy":-20,
	
	"transforms":true,
	"transformtrigger":["animation","animation","animation","animation","animation","animation","animation","animation","water"],
	"transformanimation":["omdownpress","omjumppressc","omrunpress","omusepressright","omusepressup","omusepressdown","jumppressr","omgrabledge"],
	"transformsinto":["despawnfast","despawnfastledgejump","despawnfastgpj","capspin right","capspin up","capspin down","despawnfastwjfl","ledge grab left","despawnfast"],
	"lifetime":0.1,

	"customtimer":[
		[0.05,"spawnenemy"],
		[0,["set","spawnsenemy"],"check coast"],
		[0,"spawnenemy"]
	],
	"dontloopcustomtimer":true,

	"gravity":0,
	
	"offsetx": 8,
	"offsety": 8,
	"quadcenterx": 8,
	"quadcentery": 10,
}