{
	"trackable": false,
	"dontEnterClearPipes":true,
	"hidden": true,
	"dontstoplasers":true,
	
	"quadcount": 1,
	"animationtype": "none",
	"regiontriggerexclude":true,

	"lifetime":5000,

	"width": 0.001,
	"height": 0.001,

	"var1":0,

	"active": true,

	"blowable":false,

	"category": 1,
	"nospritesets":true,

	"x":0,
	"y":0,
	
	"dontstopmario":true,
	"mask": [	true,
				true, true, true, true, true,
				true, true, true, true, true,
				true, true, true, true, true,
				true, true, true, true, true,
				true, true, true, true, true,
				true, true, true, true, true,
				true, true, true, true],
	"resistseverything": true,
	"noCollideStops":true,
	"platformpush":false,
	
	"transforms":true,
	"transformtrigger":["lifetime"],
	"transformsinto":["side flip lchecked"],

	"customtimer":[
		[0,["set","x"],0],
		[0,["set","y"],0],
		[0,["set","var1"],["property","speedx"]],
		[0,["multiply","var1"],-1],
		[0,["add","var1"],5.5],
		[0,["set","lifetimer"],["property","var1"]],
		[0,["set","customtimertimer"],0],
		[0,["set","lifetimer"],500]
	],
	"dontloopcustomtimer":true,

	"gravity": 0,
	"offsetx": 8,
	"offsety": 0,
	"quadcenterx": 8,
	"quadcentery": 8,
}