{
	"trackable": false,

	"quadcount": 11,
	"quadno":11,
	"dontEnterClearPipes":true,
	"hidden": true,
	"lifetime":5,
	"regiontriggerexclude":true,
	"dontstoplasers":true,

	"animationtriggeronspawn":"omlongjump",

	"ignoreplatform":true,

	"spawnsound":"jumpskinny",

	"animationtype": "frames",
	"animationstart":1,
	"animationframes":5,
	"animationspeed":0.1,

	"breaksblocks":true,
	"breakBlockSide":"ceil",

	"reflects":false,

	"speedY":-15.25,

	"teleportnearestplayer": true,
	"teleportPlayerOffsetX": 0,
	"teleportPlayerOffsetY": 0,
	"teleportPlayerSpeedX": 0,
	"teleportPlayerSpeedY": 0,

	"transforms": true,
	"transformsinto": ["bonkleft","bonkright","despawnfastlow","capspin left","capspin right","fancy spincheck air","capspin down","despawnslowbetaflip","despawnfastslowb"],
	"transformtrigger": ["leftcollide","rightcollide","floorcollide","animation","animation","animation","animation","lifetime","water"],
	"transformanimation":["none","none","none","omusepressleft","omusepressright","omuppress","omusepressdown"],
	"transformpassedparameters":["speedx"],
	"lifetime":13,

	"nospritesets": true,
	"resistseverything": true,

	"width": 0.77,
	"height": 1.5,

	"gravity":42.5,

	"category": 3,

	"mask": [	true,
				false, true, true, true, true,
				false, false, false, false, true,
				false, true, false, false, true,
				true, true, false, true, true,
				true, true, true, false, true,
				true, false, true, true, true,
				false, true, true, true, true],

	"var1":0,
	"var2":0,

	"var3":0,
	"varx":16.75,
	"accel":-0.1,

	"varabs1":0,
	"varabs2":0,

	"varboost1":0,
	"varboost2":0,

	"customtimer":[
		[0,["--set","animationtimer"],0],
		[0,["set","animationtimerstage"],1],
		[0,["--set","animationspeed"],0.1],
		[0,["--set","quad"],1],
		[0,["--set","quadi"],1],
		[0,"--setframe",11],
		[0,["set","speedy"],-15.25],
		[0,["set","lifetimer"],["property","speedx"]],
		[0,["abs","lifetimer"]],
		[0,["set","varabs1"],["property","speedx"]],
		[0,["set","varabs2"],["property","speedx"]],
		[0,["abs","varabs1"]],
		[0,["add","varabs1"],0.01],
		[0,["divide","varabs2"],["property","varabs1"]],

		[0,["set","varboost1"],["property","speedx"]],
		[0,["abs","varboost1"]],
		[0,["add","varboost1"],-6],
		[0,["set","varboost2"],["property","varboost1"]],
		[0,["abs","varboost2"]],
		[0,["add","varboost2"],0.00000000000000000000000000000000000001],
		[0,["divide","varboost1"],["property","varboost2"]],
		[0,["add","varboost1"],1],
		[0,["divide","varboost1"],2],

		[0,["set","varboost2"],["property","varboost1"]],
		[0,["multiply","varboost2"],5],
		[0,["add","animationstart"],["property","varboost2"]],
		[0,"setframe",["property","animationstart"]],
		[0,["add","quadi"],["property","varboost2"]],
		[0,["add","animationtimerstage"],["property","varboost2"]],
		[0,["set","varboost2"],["property","varboost1"]],
		[0,["multiply","varboost2"],-1],
		[0,["add","varboost2"],1],
		[0,["multiply","varboost2"],0.05],
		[0,["add","varboost2"],1],
		[0,["divide","animationspeed"],["property","varboost2"]],
		

		[0,["set","var1"],["property","speedx"]],
		[0,["set","var2"],["property","speedx"]],
		[0,["divide","var1"],4.75],
		[0,["divide","var2"],4.75],
		[0,["abs","var1"]],
		[0,["abs","var2"]],
		[0,["add","var1"],1],
		[0,["add","var2"],1],
		[0,["multiply","var2"],["property","var2"]],
		[0,["divide","var1"],["property","var2"]],
		[0,["multiply","var1"],-1],
		[0,["add","var1"],1],
		[0,["multiply","var1"],21.5],
		[0,["multiply","var1"],["property","varabs2"]],
		[0.01,["--set","speedx"],["property","var1"]],


		[0.017,["set","ignoreplatform"],false],
		[0,["set","teleportplayerspeedy"],-1],
		[0,["set","lifetimer"],10],

		[0,["multiply","varx"],["property","varabs2"]],



		[0,["set","var3"],["property","varx"]],
		[0,["multiply","var3"],-1],
		[0,["add","var3"],["property","speedx"]],
		[0,["multiply","var3"],-0.5],
		[0,["multiply","var3"],["property","varboost1"]],
		[0,["add","speedx"],["property","var3"]],

		[0.1,["set","var3"],["property","varx"]],
		[0,["multiply","var3"],-1],
		[0,["add","var3"],["property","speedx"]],
		[0,["multiply","var3"],["property","accel"]],
		[0,["add","speedx"],["property","var3"]],

		[0.05,["set","var3"],["property","varx"]],
		[0,["multiply","var3"],-1],
		[0,["add","var3"],["property","speedx"]],
		[0,["multiply","var3"],["property","accel"]],
		[0,["multiply","var3"],["property","varboost1"]],
		[0,["add","speedx"],["property","var3"]],

		[0,["set","varboost2"],["property","varboost1"]],
		[0,["multiply","varboost2"],-1],
		[0,["add","varboost2"],1],
		[0,["multiply","varboost2"],0.5],
		[0,["add","varboost2"],1],
		[0,["divide","animationspeed"],["property","varboost2"]],

		[0.05,["set","var3"],["property","varx"]],
		[0,["multiply","var3"],-1],
		[0,["add","var3"],["property","speedx"]],
		[0,["multiply","var3"],["property","accel"]],
		[0,["add","speedx"],["property","var3"]],

		[0.05,["set","var3"],["property","varx"]],
		[0,["multiply","var3"],-1],
		[0,["add","var3"],["property","speedx"]],
		[0,["multiply","var3"],["property","accel"]],
		[0,["multiply","var3"],["property","varboost1"]],
		[0,["add","speedx"],["property","var3"]],

		[0.05,["set","var3"],["property","varx"]],
		[0,["multiply","var3"],-1],
		[0,["add","var3"],["property","speedx"]],
		[0,["multiply","var3"],["property","accel"]],
		[0,["add","speedx"],["property","var3"]],

		[0,["divide","animationspeed"],["property","varboost1"]],

		[0.05,["set","var3"],["property","varx"]],
		[0,["multiply","var3"],-1],
		[0,["add","var3"],["property","speedx"]],
		[0,["multiply","var3"],["property","accel"]],
		[0,["multiply","var3"],["property","varboost1"]],
		[0,["add","speedx"],["property","var3"]],

		[0.05,["set","var3"],["property","varx"]],
		[0,["multiply","var3"],-1],
		[0,["add","var3"],["property","speedx"]],
		[0,["multiply","var3"],["property","accel"]],
		[0,["add","speedx"],["property","var3"]],

		[0,["set","varboost2"],["property","varboost1"]],
		[0,["multiply","varboost2"],-1],
		[0,["add","varboost2"],1],
		[0,["divide","animationspeed"],["property","varboost2"]],

		[0,["set","customtimer"],[
			[0.05,["set","var3"],["property","varx"]],
			[0,["multiply","var3"],-1],
			[0,["add","var3"],["property","speedx"]],
			[0,["multiply","var3"],-0.05],
			[0,["--multiply","var3"],["property","varboost1"]],
			[0,["add","speedx"],["property","var3"]],

			[0.05,["set","var3"],["property","varx"]],
			[0,["multiply","var3"],-1],
			[0,["add","var3"],["property","speedx"]],
			[0,["multiply","var3"],-0.05],
			[0,["add","speedx"],["property","var3"]]
		]]
	],
	"dontloopcustomtimer": false,
	"ignorefaithplates": true,
	"emancipatecheck": false,


	"offsetx": 6,
	"offsety": -3,
	"quadcenterx": 8,
	"quadcentery": 18,
}