{
	"trackable": false,

	"quadcount": 3,
	"dontEnterClearPipes":true,
	"hidden":true,

	"animationtype":"frames",
	"animationframes":3,
	"animationstart":1,
	"animationspeed":0.09,

	"autodelete":false,
	"extremeautodelete":false,
	"ignoreplatform":true,

	"lifetime":1.1,

	"static":false,
	"active":true,
	
	"movement":"none",
	"truffleshufflespeed":30,
	"truffleshuffleacceleration":0,
	"speedxawayfromplayer":15,
	"startAwayFromPlayerHorizontal":true,
	"reflects":false,

	"removeOnMarioContact":false,

	"transforms": true,
	"treattransformasdeath":false,
	"transformsinto": ["rolling nobouncecappy","returning cappy","returning cappy","rolling nobouncecappy","returning cappy","","nonocappy","returning cappy"],
	"transformtrigger": ["floorcollide","leftcollide","rightcollide","collide","animation","animation","animation","lifetime"],
	"transformanimation": ["","","","","omforcereturn","omcapdelete","omnono"],
	"transformtriggerobjectcollide":["tile","tile","tile","pixeltile"],
	"transformpassedparameters":["speedx","speedy","currentcustomtimerstage","customtimertimer","lifetimer"],
	"animationtriggerondeath":"omcappydown",

	"nospritesets": true,
	"killsenemies":true,
	"resistseverything": true,
	"breaksBlocks":true,
	"breaksBlocksSide":"global",
	"breaksHardBlocks":false,
	"breaksFlipBlocks":false,
	"killsenemies":true,

	"width": 0.75,

	"height": 0.7,

	"category": 3,

	"mask": [	false,
				false, false, false, false, true,
				false, false, false, false, false,
				false, true, false, false, true,
				true, true, false, false, false,
				true, true, false, false, true,
				false, false, false, false, true,
				false, false, false, false],

	"gravity": 0,

	"dontstopmario":true,

	"customtimer":[
		[0.1,["set","transformtriggerenemycollide"],["none","none","none","none"]],
		[0.153,["set","truffleshufflespeed"],0],
		[0,["set","animationtriggerondeath"],false],
		[0,["set","speedx"],0],
		[0,["set","speedy"],0],
		[0,["set","transformpassedparameters"],["speedx","speedy"]]
	],
	"dontloopcustomtimer": true,
	"ignorefaithplates": true,
	"emancipatecheck": true,

	"offsetx": 6,
	"offsety": 5,
	"quadcenterx": 6,
	"quadcentery": 2.5,
}