{
	"trackable": false,

	"quadcount": 3,
	"dontEnterClearPipes":true,
	"_hidden": true,
	"dontmirror":false,

	"animationtype":"frames",
	"animationframes":3,
	"animationstart":1,
	"animationspeed":0.045,

	"facesplayer":true,
	"rotatetowardsplayer":true,
	"ignoreplatform":true,

	"lifetime":30,

	"static":false,
	"active":true,

	"autodelete":false,
	
	"movement":"homing",
	"starthomingrotationtowardsplayer":true,
	"upsidedownifhomingrotationright":true,
	"homingspeed":40,
	"homingturnspeed":0,
	"rotationishomingrotation":false,

	"nospritesets": true,
	"killsenemies":true,
	"resistseverything": true,
	"resistsspikes":true,
	"breaksBlocks":true,
	"breaksBlocksSide":"global",
	"nocollidestops":true,

	"width": 0.75,
	"height": 0.75,

	"category": 5,

	"dontstopmario":true,
	"ignoreplatform":true,

	"removeonmariocontact":false,

	"transforms":true,
	"treattransformasdeath":false,
	"transformtrigger":["collide","animation"],
	"transformtriggerobjectcollide":"player",
	"transformanimation":"omcapdelete",
	"transformsinto":["epicdanceuniversekickeykick",""],
	"animationtriggerondeath":"omcappydown",

	"mask": [	true,
				false, false, false, false, true,
				false, false, true, false, false,
				false, true, false, true, true,
				true, true, false, false, false,
				true, true, false, false, true,
				false, true, false, false, true,
				false, false, false, false],

	"gravity": 0,

	"customtimer":[
		[0,["set","homingrotation"],["property","rotation"]],
		[0,["set","customtimertimer"],0]
	],
	"ignorefaithplates": true,
	"emancipatecheck": true,

	"offsetx": 6,
	"offsety": 2.5,
	"quadcenterx": 6,
	"quadcentery": 2.5
}