{
	"trackable": false,
	"dontEnterClearPipes":true,
	"hidden": true,
	"dontstoplasers":true,
	
	"quadcount": 1,
	"animationtype": "none",
	"regiontriggerexclude":true,

	"breaksblocks":true,

	"lifetime":1,

	"width": 1.25,
	"height": 0.75,

	"active": true,

	"blowable":false,

	"category": 5,
	"nospritesets":true,
	
	"dontstopmario":true,

	"mask": [    true, 
             false, true, true, true, true,
             true, true, true, true, true,
             true, true, true, true, true,
             true, true, true, true, true,
             true, true, true, true, true,
             true, true, true, true, true,
             true, true],

	"resistseverything": true,
	"noCollideStops":true,
	"platformpush":false,
	"ignoreplatform":true,

	"transforms":true,
	"transformsinto":"",
	"transformtrigger":"animation",
	"transformanimation":"omdownrelease",

	"sticktonearestplayer":true,
	"sticktoplayeroffsetx":0,

	"dontloopcustomtimer":true,

	"gravity": 0,
	"offsetx": 8,
	"offsety": 0,
	"quadcenterx": 8,
	"quadcentery": 8,
}