{
	"trackable": false,
	"dontEnterClearPipes":true,
	"hidden": true,
	"dontmirror":false,
	"dontstoplasers":true,

	"spawnsound":"superball",

	"animationtriggeronspawn":"ommroll",
	
	"quadcount": 8,
	"animationtype": "frames",
	"animationstart":1,
	"animationspeed":0.03,
	"animationframes":8,

	"lifetime":5,

	"regiontriggerexclude":true,
	"friction":0,

	"width": 0.75,
	"height": 0.75,

	"_spawnoffsety":-0.2,

	"speedy":10,

	"active": true,

	"category": 3,
	"nospritesets":true,
	
	"dontstopmario":true,

	"mask": [true,
		false,false,true,true,true,
		false,true,false,false,true,
		false, true, true, false, true,
		true, true, false, true, true,
		false, true, true, false, false,
		true, false, true, true, true, 
		false, false],
	"resistseverything": true,
	"noCollideStops":false,
	"platformpush":false,
	"stickToNearestPlayer":false,

	"teleportnearestplayer":true,
	"teleportplayeroffsety":-0.5,
	
	"transforms":true,
	"transformtrigger":["floorcollide","leftcollide","rightcollide","animation","animation","animation","animation","lifetime","water"],
	"transformsinto":["roll","bonkleft","bonkright","despawnfastsmoller","despawnfast","roll","roll dive","roll boost dud","despawnfastslowb"],
	"transformanimation":["none","none","none","omdownrelease","omcantroll","omcantboost","omshortroll"],
	"transformpassedparameters":["speedx","speedy"],

	"varabs1":0,
	"varabs2":0,
	"var1":0.75,
	"customtimer":[
		[0,["set","varabs1"],["property","speedx"]],
		[0,["set","varabs2"],["property","speedx"]],
		[0,["abs","varabs2"]],
		[0,["add","varabs2"],0.000000000000000000000000000000001],
		[0,["divide","varabs1"],["property","varabs2"]],

		[0,["set","lifetimer"],["property","speedx"]],
		[0,["abs","lifetimer"]],
		[0,["multiply","lifetimer"],-1],
		[0,["add","lifetimer"],12.5],

		[0,["multiply","var1"],["property","varabs1"]],
		[0,["set","speedy"],-10],
		[0.034,["add","speedx"],["property","var1"]],
		[0,["set","transformpassedparameters"],["speedx","speedy","quad","quadi","animationspeed"]]
	],
	"dontloopcustomtimer":true,

	"gravity":80,
	"offsetx": 6,
	"offsety": 4.5,
	"quadcenterx": 10.5,
	"quadcentery": 10.5,
}