{
	"trackable": false,
	"dontstoplasers":true,
	"hidden":true,

	"animationtriggeronspawn":"omrolldive",

	"quadcount": 1,
	"dontEnterClearPipes":true,
	"dontmirror":false,
	"regiontriggerexclude":true,

	"spawnchildren":["roll shield"],

	"animationtype": "frames",
	"animationstart":1,
	"animationframes":1,
	"animationspeed":50,

	"rotationanimation":true,
	"rotationanimationspeed":0,
	"rotation":0,

	"breaksblocks":true,
	"breakBlockSide":"sides",

	"speedY":-5,
	"spawnSound":"throw",

	"transforms": true,
	"transformsinto": ["bonkleft","bonkright","despawnfastslow","roll dive dud"],
	"transformtrigger": ["leftcollide","rightcollide","water","lifetime"],
	"transformpassedparameters":["speedx","speedy"],
	"lifetime":9,

	"nospritesets": true,
	"resistseverything": true,

	"width": 0.75,
	"height": 0.75,

	"category": 9,

	"mask": [	true,
				false, false, true, true, true,
				false, false, false, false, true,
				false, true, false, false, true,
				true, true, false, false, false,
				true, true, true, false, true,
				true, false, true, false, true,
				false, true, false, false],

	"varabs1":0,
	"varabs2":0,
	"var1":0,
	"customtimer":[
		[0,["set","varabs1"],["property","speedx"]],
		[0,["set","varabs2"],["property","speedx"]],
		[0,["abs","varabs2"]],
		[0,["add","varabs2"],0.00000001],
		[0,["divide","varabs1"],["property","varabs2"]],

		[0.017,["add","speedy"],-6],
		[0,["set","var1"],["property","speedx"]],
		[0,["abs","var1"]],
		[0,["multiply","var1"],-1],
		[0,["add","lifetimer"],["property","var1"]],
		[0.034,["add","speedx"],["property","varabs1"]],
		[0,["set","lifetimer"],0.1],
		[0,["set","transformsinto"],["bonkleft","bonkright","despawnfastslow","short roll"]]
	],

	"dontloopcustomtimer": true,
	"ignorefaithplates": false,
	"emancipatecheck": false,

	"offsetx": 7,
	"offsety": 0,
	"quadcenterx": 20,
	"quadcentery": 7,
}