{
	"trackable": false,
	"dontEnterClearPipes":true,
	"hidden": true,
	"dontmirror":false,
	"dontstoplasers":true,
	
	"quadcount": 8,
	"animationtype": "frames",
	"animationstart":1,
	"animationspeed":0.03,
	"animationframes":8,

	"lifetime":0.034,

	"regiontriggerexclude":true,
	"friction":0,

	"width": 0.75,
	"height": 0.75,

	"_spawnoffsety":-0.2,

	"active": true,

	"category": 3,
	"nospritesets":true,
	
	"dontstopmario":true,

	"mask": [true,
		false,false,true,true,true,
		false,true,false,false,true,
		false, true, true, false, true,
		true, true, false, true, true,
		false, true, true, false, false,
		true, false, true, true, true, 
		false, false],
	"resistseverything": true,
	"noCollideStops":false,
	"platformpush":false,
	"stickToNearestPlayer":false,

	"teleportnearestplayer":true,
	"teleportplayeroffsety":-0.5,
	
	"transforms":true,
	"transformtrigger":["floorcollide","lifetime","water"],
	"transformsinto":["long jump","despawnfastsmoller","despawnfastslowb"],
	"transformanimation":"omdownrelease",
	"transformpassedparameters":["speedx","speedy"],

	"gravity":80,
	"offsetx": 6,
	"offsety": 4.5,
	"quadcenterx": 10.5,
	"quadcentery": 10.5,
}