{
	"trackable": false,
	"dontEnterClearPipes":true,
	"hidden": true,
	"dontmirror":false,
	"dontstoplasers":true,
	
	"quadcount": 8,
	"animationtype": "frames",
	"animationstart":1,
	"animationspeed":0.05,
	"animationframes":8,

	"lifetime":5,

	"regiontriggerexclude":true,
	"friction":0,

	"width": 0.75,
	"height": 0.75,

	"_spawnoffsety":-0.2,

	"movetotoponpassivecollide":true,

	"speedy":10,

	"active": true,

	"category": 3,
	"nospritesets":true,
	
	"dontstopmario":true,

	"mask": [true,
		false,false,true,true,true,
		false,true,false,false,true,
		false, true, true, false, true,
		true, true, false, true, true,
		false, true, true, false, false,
		true, false, true, true, true, 
		false, false],
	"resistseverything": true,
	
	"transforms":true,
	"transformtrigger":["floorcollide","floorcollide","leftcollide","rightcollide","animation","animation","animation","lifetime","water"],
	"transformsinto":["roll down","roll down","bonkleft","bonkright","roll boost","roll break","despawnfastout","despawnfastsmall","despawnfastslowb"],
	"transformanimation":["none","none","none","none","omrollboost","omlongjumpb","omdownrelease"],
	"transformtriggerobjectcollide":["pixeltile","redseesaw","tile","tile"],
	"transformpassedparameters":["speedx","speedy","quad","quadi","animationtimer","animationtimerstage","animationspeed","animationdirection"],

	"var1":0,
	"customtimer":[
		[0,"wait"],
		[0,["set","customtimertimer"],0],
		[0,["set","customtimertimer"],0],
		[0,["set","customtimertimer"],0],
		[0,["set","transformsinto"],["roll down","roll down","bonkleft","bonkright","roll boost","roll break","despawnfastsmall","despawnfastsmall","despawnfastslowb"]],

		[0,["add","speedy"],3.5],
		[0,["set","var1"],0.35],
		[0,["divide","var1"],["property","speedx"]],
		[0,["set","animationspeed"],["property","var1"]],
		[0,["abs","animationspeed"]],
		[0,["subtract","animationspeed"],0.1],

		[0,["set","lifetimer"],["property","speedx"]],
		[0,["abs","lifetimer"]],
		[0,["add","lifetimer"],-4],

		[0.017,["add","speedy"],7],
		[0.017,["add","speedy"],7],
		[0.017,["set","friction"],3],
		[0,["add","speedy"],7],
		[0.017,["add","speedy"],7],
		[0,["set","customtimer"],[
			[0,"wait"],
			[0,"wait"],
			[0,"wait"],
			[0,"wait"],
			[0,"wait"],
			[0,"wait"],
			[0,"wait"],
			[0,"wait"],
			[0,"wait"],
			[0,"wait"],
			[0,"wait"],
			[0,"wait"],
			[0,"wait"],
			[0,"wait"],
			[0,"wait"],
			[0,"wait"],
			[0,"wait"],
			[0,"wait"],
			[0,"wait"],
			[0,"wait"],
			[0,"wait"],
			[0,"wait"],
			[0,["set","var1"],0.35],
			[0,["divide","var1"],["property","speedx"]],
			[0,["set","animationspeed"],["property","var1"]],
			[0,["abs","animationspeed"]],
			[0,["subtract","animationspeed"],0.1],
			[0,["set","lifetimer"],["property","speedx"]],
			[0,["abs","lifetimer"]],
			[0,["add","lifetimer"],-4],
			[0.017,["add","speedy"],1]
		]],
		[0.5,"wait"]
	],
	"dontloopcustomtimer":false,

	"gravity":80,
	"offsetx": 6,
	"offsety": 4.5,
	"quadcenterx": 10.5,
	"quadcentery": 10.5,
}