{
	"trackable": false,
	"dontstoplasers":true,
	"hidden":true,

	"quadcount": 1,
	"dontEnterClearPipes":true,
	"dontmirror":false,
	"regiontriggerexclude":true,

	"animationtype": "frames",
	"animationstart":1,
	"animationframes":1,
	"animationspeed":50,

	"rotationanimation":true,
	"rotationanimationspeed":0,
	"rotation":0,

	"breaksblocks":true,
	"breakBlockSide":"sides",

	"speedY":-5,
	"spawnSound":"throw",

	"transforms": true,
	"transformsinto": ["bonkleft","bonkright","despawnfastslow","short roll"],
	"transformtrigger": ["leftcollide","rightcollide","water","lifetime"],
	"transformpassedparameters":["speedx","speedy"],
	"lifetime":0.133,

	"nospritesets": true,
	"resistseverything": true,

	"width": 0.75,
	"height": 0.75,

	"category": 9,

	"mask": [	true,
				false, false, true, true, true,
				false, false, false, false, true,
				false, true, false, false, true,
				true, true, false, false, false,
				true, true, true, false, true,
				true, false, true, false, true,
				false, true, false, false],

	"customtimer":[
		[0.1,["set","rotationanimationspeed"],["property","speedx"]],
		[0,["divide","rotationanimationspeed"], 5]
	],

	"dontloopcustomtimer": true,
	"ignorefaithplates": false,
	"emancipatecheck": false,

	"offsetx": 7,
	"offsety": 0,
	"quadcenterx": 20,
	"quadcentery": 7,
}