{
	"trackable": false,

	"quadcount": 3,
	"dontEnterClearPipes":true,
	"hidden": false,
	"spawnsound":"boomerang",
	"hidden":true,

	"animationtype":"frames",
	"animationframes":3,
	"animationstart":1,
	"animationspeed":0.05,

	"lifetime":1,

	"static":false,
	"active":true,
	
	"movement":"crawl",
	"crawlspeed":15,
	"crawlfloor":"down",
	"crawlgravity":0,

	"_speedxawayfromplayer":15,
	"_startAwayFromPlayerHorizontal":true,
	"reflects":false,

	"removeOnMarioContact":false,

	"transforms": true,
	"transformsinto": ["returning cappy","returning cappy",""],
	"transformtrigger": ["lifetime","animation","animation"],
	"transformanimation": ["","omforcereturn","omcapdelete"],
	"transformpassedparameters":["speedx"],
	"transformenemyanimationondeath":"omcappydown",

	"nospritesets": true,
	"killsenemies":true,
	"resistseverything": true,
	"breaksBlocks":true,
	"breaksBlocksSide":"global",
	"breaksHardBlocks":false,
	"breaksFlipBlocks":false,
	"killsenemies":true,

	"width": 0.75,
	"height": 0.75,

	"category": 3,

	"mask": [	false,
				false, true, false, false, true,
				false, false, false, false, false,
				false, true, false, false, true,
				true, true, false, false, false,
				true, true, false, false, true,
				false, false, false, false, true,
				false, false, false, false],

	"gravity": 0,

	"varabs1":0,
	"varabs2":0,
	"customtimer":[
		[0,"wait"],
		[0,"wait"],
		[0,"wait"],
		[0,"wait"],
		[0,"wait"],
		[0,"wait"],
		[0,"wait"],
		[0,"wait"],
		[0,"wait"],
		[0,"wait"],
		[0,"wait"],
		[0,"wait"],
		[0,"wait"],
		[0,"wait"],
		[0,"wait"],
		[0,"wait"],
		[0,"wait"],
		[0,"wait"],
		[0,"wait"],
		[0,"wait"],
		[0,"wait"],
		[0,"wait"],
		[0,"wait"],
		[0,"wait"],
		[0,"wait"],
		[0,["set","varabs1"],["property","speedx"]],
		[0,["set","varabs2"],["property","speedx"]],
		[0,["abs","varabs1"]],
		[0,["add","varabs1"],0.00000001],
		[0,["divide","varabs2"],["property","varabs1"]],
		[0,["multiply","varabs2"],14],
		[0,["add","speedx"],["property","varabs2"]],
		[0,["set","crawlspeed"],["property","speedx"]],

		[0.1,["divide","speedx"],1.325],
		[0,["divide","speedy"],1.325],
		[0,["divide","crawlspeed"],1.325],
		[0.1,["divide","speedx"],1.325],
		[0,["divide","speedy"],1.325],
		[0,["divide","crawlspeed"],1.325],
		[0.1,["divide","speedx"],1.325],
		[0,["divide","speedy"],1.325],
		[0,["divide","crawlspeed"],1.325],
		[0.1,["divide","speedx"],1.325],
		[0,["divide","speedy"],1.325],
		[0,["divide","crawlspeed"],1.325],
		[0.1,["divide","speedx"],1.325],
		[0,["divide","speedy"],1.325],
		[0,["divide","crawlspeed"],1.325],
		[0.1,["divide","speedx"],1.325],
		[0,["divide","speedy"],1.325],
		[0,["divide","crawlspeed"],1.325],
		[0.1,["divide","speedx"],1.325],
		[0,["divide","speedy"],1.325],
		[0,["divide","crawlspeed"],1.325],
		[0.1,["divide","speedx"],1.325],
		[0,["divide","speedy"],1.325],
		[0,["divide","crawlspeed"],1.325],
		[0.1,["divide","speedx"],1.325],
		[0,["divide","speedy"],1.325],
		[0,["divide","crawlspeed"],1.325],
		[0,["set","transformenemyanimationondeath"],false],
		[0.1,["divide","speedx"],1.325],
		[0,["divide","speedy"],1.325],
		[0,["divide","crawlspeed"],1.325],

		[0,["set","transformenemyanimationondeath"],false]
	],
	"dontloopcustomtimer": false,
	"ignorefaithplates": true,
	"emancipatecheck": false,

	"offsetx": 6,
	"offsety": 2,
	"quadcenterx": 6,
	"quadcentery": 6,
}