{
	"trackable": false,
	"dontEnterClearPipes":true,
	"hidden": true,
	"dontstoplasers":true,

	"portalable":false,

	"spawnsound":"boom",
	
	"quadcount": 1,
	"animationtype": "none",
	"regiontriggerexclude":true,

	"killsenemies":true,
	"breaksblocks":true,

	"animationscalex":1,

	"lifetime":0.15,

	"width": 1.5,
	"height": 0.2,

	"active": true,

	"category": 5,
	"nospritesets":true,
	
	"dontstopmario":true,

	"mask": [    true, 
             false, true, false, false, true,
             true, true, true, true, false,
             true, true, true, true, true,
             true, true, true, false, false,
             true, true, false, true, true,
             true, true, false, false, true,
             false, true],

	"resistseverything": true,
	"noCollideStops":true,
	"platformpush":false,
	
	"transforms":true,
	"transformtrigger":["animation"],
	"transformanimation":["omshockwavekill"],
	"transformsinto":["nothing"],

	"customtimer":[
		[0.0085,["add","width"],0.25],
		[0,["add","animationscalex"],0.166666666666666667],
		[0,["add","x"],-0.125],
		[0,["add","offsetX"],1.33333333333333333333333],

		[0.0085,["add","width"],0.25],
		[0,["add","animationscalex"],0.166666666666666667],
		[0,["add","x"],-0.125],
		[0,["add","offsetX"],1.33333333333333333333333],
		[0,["set","graphiccolor"],[255,255,255,250]],

		[0.0085,["add","width"],0.25],
		[0,["add","animationscalex"],0.166666666666666667],
		[0,["add","x"],-0.125],
		[0,["add","offsetX"],1.33333333333333333333333],
		[0,["set","graphiccolor"],[255,255,255,240]],

		[0.0085,["add","width"],0.25],
		[0,["add","animationscalex"],0.166666666666666667],
		[0,["add","x"],-0.125],
		[0,["add","offsetX"],1.33333333333333333333333],
		[0,["set","graphiccolor"],[255,255,255,230]],

		[0.0085,["add","width"],0.25],
		[0,["add","animationscalex"],0.166666666666666667],
		[0,["add","x"],-0.125],
		[0,["add","offsetX"],1.33333333333333333333333],
		[0,["set","graphiccolor"],[255,255,255,220]],

		[0.0085,["add","width"],0.25],
		[0,["add","animationscalex"],0.166666666666666667],
		[0,["add","x"],-0.125],
		[0,["add","offsetX"],1.33333333333333333333333],
		[0,["set","graphiccolor"],[255,255,255,210]],

		[0.0085,["add","width"],0.25],
		[0,["add","animationscalex"],0.166666666666666667],
		[0,["add","x"],-0.125],
		[0,["add","offsetX"],1.33333333333333333333333],
		[0,["set","graphiccolor"],[255,255,255,200]],

		[0.0085,["add","width"],0.25],
		[0,["add","animationscalex"],0.166666666666666667],
		[0,["add","x"],-0.125],
		[0,["add","offsetX"],1.33333333333333333333333],
		[0,["set","graphiccolor"],[255,255,255,190]],

		[0.0085,["add","width"],0.25],
		[0,["add","animationscalex"],0.166666666666666667],
		[0,["add","x"],-0.125],
		[0,["add","offsetX"],1.33333333333333333333333],
		[0,["set","graphiccolor"],[255,255,255,180]],

		[0.0085,["add","width"],0.25],
		[0,["add","animationscalex"],0.166666666666666667],
		[0,["add","x"],-0.125],
		[0,["add","offsetX"],1.33333333333333333333333],
		[0,["set","graphiccolor"],[255,255,255,170]],

		[0.0085,["add","width"],0.25],
		[0,["add","animationscalex"],0.166666666666666667],
		[0,["add","x"],-0.125],
		[0,["add","offsetX"],1.33333333333333333333333],
		[0,["set","graphiccolor"],[255,255,255,160]],

		[0.0085,["add","width"],0.25],
		[0,["add","animationscalex"],0.166666666666666667],
		[0,["add","x"],-0.125],
		[0,["add","offsetX"],1.33333333333333333333333],
		[0,["set","graphiccolor"],[255,255,255,150]],

		[0.0085,["add","width"],0.25],
		[0,["add","animationscalex"],0.166666666666666667],
		[0,["add","x"],-0.125],
		[0,["add","offsetX"],1.33333333333333333333333],
		[0,["set","graphiccolor"],[255,255,255,140]],

		[0.0085,["add","width"],0.25],
		[0,["add","animationscalex"],0.166666666666666667],
		[0,["add","x"],-0.125],
		[0,["add","offsetX"],1.33333333333333333333333],
		[0,["set","graphiccolor"],[255,255,255,120]],

		[0.0085,["add","width"],0.25],
		[0,["add","animationscalex"],0.166666666666666667],
		[0,["add","x"],-0.125],
		[0,["add","offsetX"],1.33333333333333333333333],
		[0,["set","graphiccolor"],[255,255,255,100]],

		[0.0085,["add","width"],0.25],
		[0,["add","animationscalex"],0.166666666666666667],
		[0,["add","x"],-0.125],
		[0,["add","offsetX"],1.33333333333333333333333],
		[0,["set","graphiccolor"],[255,255,255,80]],

		[0.0085,["add","width"],0.25],
		[0,["add","animationscalex"],0.166666666666666667],
		[0,["add","x"],-0.125],
		[0,["add","offsetX"],1.33333333333333333333333],
		[0,["set","graphiccolor"],[255,255,255,60]],

		[0.0085,["add","width"],0.25],
		[0,["add","animationscalex"],0.166666666666666667],
		[0,["add","x"],-0.125],
		[0,["add","offsetX"],1.33333333333333333333333],
		[0,["set","graphiccolor"],[255,255,255,40]]

	],
	"dontloopcustomtimer":false,

	"gravity": 0,
	"offsetX": 8,
	"offsetY": 0,
	"quadcenterx": 8,
	"quadcentery": 8,
}