{
	"trackable": false,
	"dontEnterClearPipes":true,
	"hidden": true,
	
	"quadcount": 1,
	"animationtype": "none",
	"lifetime": 0,

	"animationtriggeronspawn":"omshorenotclear",

	"_spawnsound":"switch",

	"regiontriggerexclude":true,

	"width": 0.75,
	"height": 1.5,

	"active": false,

	"category": 1,
	"nospritesets":true,
	

	"mask": [true,
		true,true,true,true,true,
		true,true,true,true,true,
		true, true, true, true, true,
		true, true, true, true, true,
		true, true, true, true, true,
		true, true, true, true, true, 
		true, true],
	"resistseverything": true,
	"noCollideStops":true,
	"platformpush":false,
	"stickToNearestPlayer":true,
	"sticktoplayeroffsetx":0,
	"sticktoplayeroffsety":0,
	
	"transforms":false,

	"gravity": 0,
	"offsetx": 8,
	"offsety": 0,
	"quadcenterx": 8,
	"quadcentery": 8,
}