{
	"trackable": false,
	"dontEnterClearPipes":true,
	"hidden": true,
	"dontmirror":false,
	"dontstoplasers":true,

	"spawnsound":"short roll",
	
	"quadcount": 8,
	"animationtype": "frames",
	"animationstart":1,
	"animationspeed":0.05,
	"animationframes":8,

	"lifetime":0.75,

	"regiontriggerexclude":true,
	"friction":0,

	"width": 0.75,
	"height": 0.75,

	"movetotoponpassivecollide":true,

	"active": true,

	"category": 3,
	"nospritesets":true,
	
	"dontstopmario":true,

	"mask": [true,
		false,false,true,true,true,
		false,true,false,false,true,
		false, true, true, false, true,
		true, true, false, true, true,
		false, true, true, false, false,
		true, false, true, true, true, 
		false, false],
	"resistseverything": true,
	"noCollideStops":false,
	"platformpush":false,
	"stickToNearestPlayer":false,

	"teleportnearestplayer":false,
	"teleportplayeroffsety":-0.5,
	
	"transforms":true,
	"transformtrigger":["leftcollide","rightcollide","animation","animation","water","lifetime"],
	"transformsinto":["bonkleft","bonkright","despawnfast","despawnfastslowb","despawnfastadjust","despawnfast"],
	"transformanimation":["","","omdownrelease","omdownreleaseb"],
	"transformpassedparameters":["speedx","speedy"],

	"var1":0.35,
	"customtimer":[
		[0,["divide","var1"],["property","speedx"]],
		[0,["set","animationspeed"],["property","var1"]],
		[0,["abs","animationspeed"]],
		[0,["_ssubtract","animationspeed"],0.1]
	],
	"dontloopcustomtimer":true,

	"gravity":80,
	"offsetx": 6,
	"offsety": 4.5,
	"quadcenterx": 10.5,
	"quadcentery": 10.5,
}