{
	"trackable": false,
	"dontEnterClearPipes":true,
	"hidden": true,

	"spawnsound":"skid",
	
	"quadcount": 1,
	"animationtype": "none",
	"lifetime":0,
	"regiontriggerexclude":true,

	"animationtriggeronspawn":"omsfcheckl",

	"width": 0.75,
	"height": 1.5,

	"active": false,

	"category": 1,
	"nospritesets":true,
	
	"transforms":true,

	"mask": [true,
	true,true,true,true],
	"resistseverything": true,
	"noCollideStops":true,
	"platformpush":false,

	"sticktonearestplayer":true,
	"sticktoplayeroffsetY":0,
	"sticktoplayeroffsetx":0,

	"gravity": 0,

	"offsetx": 8,
	"offsety": 0,
	"quadcenterx": 8,
	"quadcentery": 8,
}