{
	"trackable": false,
	"dontEnterClearPipes":true,
	"hidden": true,
	
	"quadcount": 1,
	"animationtype":"frames",
	"animationstart":1,
	"animationframes":1,
	"animationspeed":50,

	"spawnsound":"thwomp",

	"lifetime": 0.5,
	"regiontriggerexclude":true,

	"falling":false,

	"width": 0.75,
	"height": 0.75,

	"active": true,

	"category": 5,
	"nospritesets":true,

	"breaksBlocks":true,
	"breakBlockSide":"floor",
	"breaksHardBlocks":false,
	"breaksFlipBlocks":false,
	"hitsswitches":true,

	"speedy":20,

	"gravity":100,

	"weight":999999999,
	

	"mask": [true,
				false, true, false, false, true,
				false, false, false, false, false,
				false, true, false, false, true,
				true, true, false, false, false,
				true, true, false, false, true,
				false, false, false, false, true,
				false, false, false, false],
	"resistseverything": true,
	"notkilledfromblocksbelow":true,
	"noCollideStops":false,
	"platformpush":false,

	"transforms":true,
	"transformtrigger":["animation","animation","animation","animation"],
	"transformanimation":["omstandup","omgpj","_omusepressdown2","_omusepress"],
	"transformsinto":["ground downd again","gpj transfer","roll boost","capspin down"],
	"transformpassedparameters":["speedx","speedy"],
	"playerneardist":0,

	"customtimer":[
		[0,["set","customtimertimer"],0],
		[0,["set","customtimertimer"],0],
		[0,["set","customtimertimer"],0],
		[0,["set","breaksblocks"],false],
		[0.05,["set","transformtrigger"],["falling","animation","animation","animation"]]
	],
	"dontloopcustomtimer":true,

	"offsetx": 7,
	"offsety": 4.5,
	"quadcenterx": 10.5,
	"quadcentery": 10.5,
}