{
	"trackable": false,
	"dontEnterClearPipes":true,
	"hidden": true,
	
	"quadcount": 1,
	"animationtype":"frames",
	"animationstart":1,
	"animationframes":1,
	"animationspeed":50,

	"spawnsound":"thwomp",

	"lifetime": 0.5,
	"regiontriggerexclude":true,

	"width": 0.75,
	"height": 0.75,

	"active": true,

	"category": 5,
	"nospritesets":true,

	"breaksBlocks":true,
	"breakBlockSide":"floor",
	"breaksHardBlocks":false,
	"breaksFlipBlocks":false,
	"hitsswitches":true,

	"watergravity":2,

	"weight":999999999,
	

	"mask": [true,
				false, true, false, false, true,
				false, false, false, false, false,
				false, true, false, false, true,
				true, true, false, false, false,
				true, true, false, false, true,
				false, false, false, false, true,
				false, false, false, false],
	"resistseverything": true,
	"noCollideStops":false,
	"platformpush":false,

	"transforms":true,
	"transformtrigger":["animation"],
	"transformanimation":["omgpj"],
	"transformsinto":["despawnfastgpjuw"],
	"transformpassedparameters":["speedx"],
	"playerneardist":0,

	"customtimer":[
		[0,["add","speedy"],5],
		[0.05,["set","breaksblocks"],false]
	],
	"dontloopcustomtimer":true,

	"offsetx": 7,
	"offsety": 4.5,
	"quadcenterx": 10.5,
	"quadcentery": 10.5,
}