{
	"trackable": false,
	"dontEnterClearPipes":true,
	"hidden": true,
	"dontmirror":false,

	"spawnsound":"skid",
	
	"quadcount": 1,
	"animationtype": "frames",
	"animationstart":1,
	"animationspeed":500,
	"animationframes":1,
	"friction":-0.5,

	"killsenemies":true,

	"lifetime":0.034,

	"movetotoponpassivecollide":true,

	"regiontriggerexclude":true,
	"friction":1,

	"width": 0.75,
	"height": 1.5,

	"speedy":20,

	"active": true,

	"category": 3,
	"nospritesets":true,
	
	"dontstopmario":true,

	"mask": [true,
		false, false, false, false, true,
		false, true, false, false, true,
		false, true, true, false, true,
		true, true, false, true, true,
		false, true, true, false, false,
		true, false, true, true, true, 
		false, false],
	"resistseverything": true,
	
	"transforms":true,
	"transformtrigger":["lifetime","animation"],
	"transformsinto":["slide flat","despawnfastsmoller"],
	"transformanimation":"omdownrelease",
	"transformpassedparameters":["speedx","speedy","animationdirection"],

	"var1":0,
	"varabs1":0,
	"varabs2":0,
	"var2":0,
	"var3":0,
	"varx1":0,
	"varx2":0,
	"customtimer":[
		[0,["set","var1"],["property","y"]],
		[0,["set","varx1"],["property","x"]],
		[0.017,["set","var2"],["property","y"]],
		[0,["set","varx2"],["property","x"]],
		[0,["multiply","var2"],-1],
		[0,["multiply","varx2"],-1],
		[0,["add","var1"],["property","var2"]],
		[0,["add","varx1"],["property","varx2"]],
		[0,["multiply","varx1"],-1],
		[0,["add","var1"],-0.001],

		[0,["set","varabs1"],["property","varx1"]],
		[0,["set","varabs2"],["property","varx1"]],
		[0,["abs","varabs2"]],
		[0,["add","varabs1"],0.0000000000000000000001],
		[0,["add","varabs2"],0.0000000000000000000001],
		[0,["divide","varabs1"],["property","varabs2"]],

		[0,["_multiply","var1"],["property","varabs1"]],
		[0,["multiply","varx1"],["property","varabs1"]],
		[0,["multiply","var1"],-15],

		[0,["multiply","varx1"],25],
		[0,["abs","varx1"]],
		[0,["add","varx1"],0.01],
		[0,["multiply","varx1"],["property","varabs1"]],

		[0,["divide","var1"],["property","varx1"]],
		[0,["add","speedx"],["property","var1"]]
	],
	

	"dontloopcustomtimer":true,

	"gravity":850,
	"offsetx": 6,
	"offsety": -8,
	"quadcenterx": 8,
	"quadcentery": 13,
}