{
	"trackable": false,
	"dontEnterClearPipes":false,
	"hidden": true,
	"dontmirror":false,
	
	"quadcount": 1,
	"animationtype": "frames",
	"animationstart":1,
	"animationspeed":500,
	"animationframes":1,

	"killsenemies":true,

	"lifetime":2,

	"regiontriggerexclude":true,
	"friction":0,

	"width": 0.75,
	"height": 1.5,

	"active": true,

	"category": 3,
	"nospritesets":true,
	
	"dontstopmario":true,

	"mask": [true,
		false, false, false, false, true,
		false, true, false, false, true,
		false, true, true, false, true,
		true, true, false, true, true,
		false, true, true, false, false,
		true, false, true, true, true, 
		false, false],
	"resistseverything": true,

	"teleportnearestplayer":true,
	
	"transforms":true,
	"transformtrigger":["floorcollide","floorcollide","animation"],
	"transformsinto":["slide hill","slide hill","despawnfastsmaller"],
	"transformtriggerobjectcollide":["pixeltile","redseesaw"],
	"transformanimation":"omdownrelease",
	"transformpassedparameters":["speedx","speedy","animationdirection"],

	"customtimer":[
		[0,["add","speedy"],7],
		[0.017,["add","speedy"],7],
		[0.05,["set","friction"],25]
	],
	"dontloopcustomtimer":true,

	"gravity":80,
	"offsetx": 6,
	"offsety": -8,
	"quadcenterx": 8,
	"quadcentery": 13,
}