{
	"trackable": false,
	"dontEnterClearPipes":true,
	"hidden": true,

	"quadcount": 1,
	"animationtype": "frames",
	"animationstart":1,
	"animationspeed":50,
	"animationframes":1,
	"quadno":1,
	"regiontriggerexclude":true,

	"animationtriggeronspawn":"omgroundspin",

	"width": 0.75,
	"height": 1.5,
	"lifetime":0.2,

	"active": true,

	"category": 4,
	"nospritesets":true,
	
	"dontstopmario":true,

	"mask": [	true,
				false, false, true, true, true,
				false, false, false, false, true,
				false, true, true, false, true,
				true, true, false, true, true,
				true, true, true, false, true,
				true, false, true, true, true,
				false, false, false, false],
	"resistseverything": true,
	"teleportnearestplayer":true,
	
	"transforms":true,
	"transformtrigger":["collide","collide","collide","collide","collide","collide","animation","animation","animation","animation","animation","animation","animation","animation","animation","animation","animation","animation","water","nun"],
	"transformtriggerenemycollide":["cappy","nobouncecappy","norollcappy","nonocappy","rolling cappy","rolling nobouncecappy","none","none","none","none","none","none","none","none","none"],
	"transformanimation":["none","none","none","done","none","done","omlongjump","omcapreturn","omusepressup","omtriplejump","omspininstead","omsideflipl","omsideflipr","omdoublejump","ombackflip","ommiddlepress","ombetatest","omhillslide"],
	"transformsinto":["gcapjump test","gcapjump test","gcapjump test","gcapjump test","gcapjump test","gcapjump test","long jump","despawnfastcapreturn","capspin up","triple jump test test","triple spin test","side flip left test","side flip right test","despawnfastdblj","backflip test","ground spin","betaflip test","slide test","despawnfastslowb","spincheck air"],
	"transformpassedparameters":["speedx"],

	"weight":0,

	"dontloopcustomtimer":true,
	"offsetx": 6,
	"offsety": -6,
	"quadcenterx": 8,
	"quadcentery": 11,
}