{
	"trackable": false,
	"dontEnterClearPipes":true,
	"hidden": true,
	"dontmirror":true,
	"dontstoplasers":true,
	
	"quadcount": 4,
	"animationtype": "frames",
	"animationstart":1,
	"animationspeed":0.05,
	"animationframes":4,

	"lifetime": 500,
	"regiontriggerexclude":true,

	"width": 0.75,
	"height": 1.5,

	"speedy":5,

	"weight":0,

	"active": true,

	"category": 3,
	"nospritesets":true,

	"var1":0,

	"mask": [	true,
				false, true, true, true, true,
				false, false, false, false, true,
				false, true, true, false, true,
				true, true, false, true, true,
				true, true, true, false, true,
				true, false, true, true, true,
				false, false, false, false],
	"resistseverything": true,
	"noCollideStops":false,
	"platformpush":false,

	"transforms":true,
	"transformtrigger":["floorcollide","animation","animation","animation","animation","animation","animation","lifetime","water"],
	"transformsinto":["despawnfast","despawnfast","spincheck air","capspin left","capspin right","capspin down","spin pound","spin jump","despawnfastslowb"],
	"transformanimation":["none","omjumppress","omuppress","omusepressleft","omusepressright","omusepressdown","omspinpound"],
	"transformpassedparameters":["speedy","speedx","animationtimerstage","animationtimer","quadi","quad","blowmaxspeedy","maxdrift","reflects","animationspeed"],
	"playerneardist":500,

	"customtimer":[
		[0,["set","var1"],["property","speedx"]],

		[0,["multiply","var1"],-1],
		[0,["add","var1"],["property","maxdrift"]],
		[0,["set","lifetimer"],["property","var1"]],
		[0.04,["add","speedx"],1],
		[0,["set","lifetimer"],0]
	],

	"dontloopcustomtimer":true,

	"gravity":10,
	"offsetx": 6,
	"offsety": -1,
	"quadcenterx": 14,
	"quadcentery": 16,
}