{
	"trackable": false,
	"dontEnterClearPipes":true,
	"hidden": true,
	"dontmirror":true,
	"dontstoplasers":true,

	"spawnsound":"propeller",

	"animationtriggeronspawn":"omnospincancel",
	
	"quadcount": 4,
	"animationtype": "frames",
	"animationstart":1,
	"animationspeed":0.04,
	"animationframes":4,
	"lifetime":0.08,

	"spawnoffsety":0,

	"regiontriggerexclude":true,
	"friction":5,

	"speedy":0,

	"weight":0,

	"width": 0.75,
	"height": 1.5,

	"active": true,

	"category": 4,
	"nospritesets":true,
	
	"dontstopmario":true,

	"mask": [	false,
				false, true, true, true, true,
				false, false, false, false, true,
				false, true, true, false, true,
				true, true, false, true, true,
				true, true, true, false, true,
				true, false, true, true, true,
				false, false, false, false],
	"resistseverything": true,
	"noCollideStops":false,
	"platformpush":false,
	"stickToNearestPlayer":false,

	"teleportnearestplayer":true,
	
	"transforms":true,
	"transformtrigger":["lifetime","animation"],
	"transformanimation":["omspinpound"],
	"transformsinto":["spin jump","spinpound"],
	"transformpassedparameters":["speedx","animationtimer","speedy"],


	"customtimer":[
		[0,["divide","speedy"],2]
	],
	"dontloopcustomtimer":true,

	"gravity":10,
	"offsetx": 6,
	"offsety": -1,
	"quadcenterx": 14,
	"quadcentery": 16,
}