{
	"trackable": false,

	"quadcount": 3,
	"dontEnterClearPipes":true,
	"hidden": true,
	"dontmirror":true,

	"spawnsound":"boomerang",

	"regiontriggerexclude":true,

	"animationtriggeronspawn":"omcappy",

	"animationtype":"frames",
	"animationframes":3,
	"animationstart":1,
	"animationspeed":0.09,

	"lifetime":1.375,

	"static":false,
	"active":true,

	"ignoreplatform":true,

	"autodelete":false,
	"extremeautodelete":false,

	"rotationanimation":true,
	"rotationanimationspeed":-14.7,

	"doesntunrotate":true,

	"rotation":1.7,

	"speedx":5,
	"speedy":5,

	"nospritesets": true,
	"killsenemies":true,
	"resistseverything": true,
	"breaksBlocks":true,
	"breaksBlocksSide":"global",
	"breaksHardBlocks":false,
	"breaksFlipBlocks":false,
	"killsenemies":true,
	"nocollidestops":true,

	"width": 0.75,
	"height": 0.75,

	"category": 3,

	"platformpush":false,
	"platform":false,
	"platformCollisionUp":false,

	"sticktonearestplayer":true,
	"sticktoplayeroffsetx":0.75,

	"dontstopmario":true,

	"transforms":true,
	"transformtrigger":["lifetime","animation","animation"],
	"transformsinto":["returning cappy","returning cappy",""],
	"transformanimation":["","omforcereturn","omcapdelete"],
	"animationtriggerondeath":"omcappydown",

	"mask": [	false,
				false, true, false, false, true,
				false, false, true, false, false,
				true, true, false, false, true,
				true, true, false, false, false,
				true, true, false, false, true,
				false, false, false, false, true,
				false, false, false, false],

	"gravity": 0,

	"ignorefaithplates": true,
	"emancipatecheck": true,

	"customtimer":[
		[0.025,["set","sticktoplayeroffsetx"],1],
		[0,["set","sticktoplayeroffsety"],0],

		[0.025,["set","sticktoplayeroffsetx"],0.866],
		[0,["set","sticktoplayeroffsety"],-0.5],
		[0.025,["set","sticktoplayeroffsetx"],0.707],
		[0,["set","sticktoplayeroffsety"],-0.707],
		[0.025,["set","sticktoplayeroffsetx"],0.5],
		[0,["set","sticktoplayeroffsety"],-0.866],

		[0.025,["set","sticktoplayeroffsetx"],0],
		[0,["set","sticktoplayeroffsety"],-1],

		[0.025,["set","sticktoplayeroffsety"],-0.866],
		[0,["set","sticktoplayeroffsetx"],-0.5],
		[0.025,["set","sticktoplayeroffsety"],-0.707],
		[0,["set","sticktoplayeroffsetx"],-0.707],
		[0.025,["set","sticktoplayeroffsety"],-0.5],
		[0,["set","sticktoplayeroffsetx"],-0.866],

		[0.025,["set","sticktoplayeroffsetx"],-1],
		[0,["set","sticktoplayeroffsety"],0],

		[0.025,["set","sticktoplayeroffsetx"],-0.866],
		[0,["set","sticktoplayeroffsety"],0.5],
		[0.025,["set","sticktoplayeroffsetx"],-0.707],
		[0,["set","sticktoplayeroffsety"],0.707],
		[0.025,["set","sticktoplayeroffsetx"],-0.5],
		[0,["set","sticktoplayeroffsety"],0.866],

		[0.025,["set","sticktoplayeroffsety"],1],
		[0,["set","sticktoplayeroffsetx"],0],

		[0.025,["set","sticktoplayeroffsety"],0.866],
		[0,["set","sticktoplayeroffsetx"],0.5],
		[0.025,["set","sticktoplayeroffsety"],0.707],
		[0,["set","sticktoplayeroffsetx"],0.707],
		[0.025,["set","sticktoplayeroffsety"],0.5],
		[0,["set","sticktoplayeroffsetx"],0.866],



		[0.025,["set","sticktoplayeroffsety"],0],
		[0,["set","sticktoplayeroffsetx"],1.5],

		[0.025,["set","sticktoplayeroffsetx"],1.732],
		[0,["set","sticktoplayeroffsety"],-1],
		[0.025,["set","sticktoplayeroffsetx"],1.414],
		[0,["set","sticktoplayeroffsety"],-1.414],
		[0.025,["set","sticktoplayeroffsetx"],1],
		[0,["set","sticktoplayeroffsety"],-1.732],

		[0.025,["set","sticktoplayeroffsety"],-2],
		[0,["set","sticktoplayeroffsetx"],0],

		[0.025,["set","sticktoplayeroffsety"],-1.732],
		[0,["set","sticktoplayeroffsetx"],-1],
		[0.025,["set","sticktoplayeroffsety"],-1.414],
		[0,["set","sticktoplayeroffsetx"],-1.414],
		[0.025,["set","sticktoplayeroffsety"],-1],
		[0,["set","sticktoplayeroffsetx"],-1.732],

		[0.025,["set","sticktoplayeroffsetx"],-2],
		[0,["set","sticktoplayeroffsety"],0],

		[0.025,["set","sticktoplayeroffsetx"],-1.732],
		[0,["set","sticktoplayeroffsety"],1],
		[0.025,["set","sticktoplayeroffsetx"],-1.414],
		[0,["set","sticktoplayeroffsety"],1.414],
		[0.025,["set","sticktoplayeroffsetx"],-1],
		[0,["set","sticktoplayeroffsety"],1.732],

		[0.025,["set","sticktoplayeroffsetx"],0],
		[0,["set","sticktoplayeroffsety"],2],

		[0.025,["set","sticktoplayeroffsety"],1.732],
		[0,["set","sticktoplayeroffsetx"],1],
		[0.025,["set","sticktoplayeroffsety"],1.414],
		[0,["set","sticktoplayeroffsetx"],1.414],
		[0.025,["set","sticktoplayeroffsety"],1],
		[0,["set","sticktoplayeroffsetx"],1.732],



		[0.025,["set","sticktoplayeroffsety"],0],
		[0,["set","sticktoplayeroffsetx"],2.5],

		[0.025,["set","sticktoplayeroffsetx"],2.598],
		[0,["set","sticktoplayeroffsety"],-1.5],
		[0.025,["set","sticktoplayeroffsetx"],2.121],
		[0,["set","sticktoplayeroffsety"],-2.121],
		[0.025,["set","sticktoplayeroffsetx"],1.5],
		[0,["set","sticktoplayeroffsety"],-2.598],

		[0.025,["set","sticktoplayeroffsety"],-3],
		[0,["set","sticktoplayeroffsetx"],0],

		[0.025,["set","sticktoplayeroffsety"],-2.598],
		[0,["set","sticktoplayeroffsetx"],-1.5],
		[0.025,["set","sticktoplayeroffsety"],-2.121],
		[0,["set","sticktoplayeroffsetx"],-2.121],
		[0.025,["set","sticktoplayeroffsety"],-1.5],
		[0,["set","sticktoplayeroffsetx"],-2.598],

		[0.025,["set","sticktoplayeroffsetx"],-3],
		[0,["set","sticktoplayeroffsety"],0],

		[0.025,["set","sticktoplayeroffsetx"],-2.598],
		[0,["set","sticktoplayeroffsety"],1.5],
		[0.025,["set","sticktoplayeroffsetx"],-2.121],
		[0,["set","sticktoplayeroffsety"],2.121],
		[0.025,["set","sticktoplayeroffsetx"],-1.5],
		[0,["set","sticktoplayeroffsety"],2.598],

		[0.025,["set","sticktoplayeroffsetx"],0],
		[0,["set","sticktoplayeroffsety"],3],

		[0.025,["set","sticktoplayeroffsety"],2.598],
		[0,["set","sticktoplayeroffsetx"],1.5],
		[0.025,["set","sticktoplayeroffsety"],2.121],
		[0,["set","sticktoplayeroffsetx"],2.121],
		[0.025,["set","sticktoplayeroffsety"],1.5],
		[0,["set","sticktoplayeroffsetx"],2.598],

		[0.025,["set","sticktoplayeroffsety"],0],
		[0,["set","sticktoplayeroffsetx"],2.5],


		[0.025,["set","sticktoplayeroffsetx"],1.5],
		[0,["set","sticktoplayeroffsety"],-1],

		[0,["set","rotation"],-0],
		[0,["set","rotationanimation"],false],
		[0,["set","animationtriggerondeath"],false],

		[0.025,["set","sticktoplayeroffsetx"],1],
		[0,["set","sticktoplayeroffsety"],-1],
		[0.025,["set","sticktoplayeroffsetx"],0.5],
		[0,["set","sticktoplayeroffsety"],-0.866]
],

	"dontloopcustomtimer":true,

	"offsetx": 6,
	"offsety": 6,
	"quadcenterx": 6,
	"quadcentery": 0
}