{
	"trackable": false,
	"dontEnterClearPipes":true,
	"hidden": true,
	"dontmirror":true,
	"dontstoplasers":true,

	"spawnsound":"raccoonswing",
	
	"lifetime":10,

	"quadcount": 4,
	"animationtype": "frames",
	"animationstart":1,
	"animationspeed":0.03,
	"animationframes":4,

	"regiontriggerexclude":true,

	"width": 0.75,
	"height": 1.5,

	"breaksblocks":true,
	"breakblocksside":"floor",
	"breaksflipblocks":true,
	"killsenemies":true,

	"active": true,

	"category": 3,
	"nospritesets":true,
	
	"dontstopmario":true,

	"mask": [true,
		false,true,true,false,true,
		false,true,false,false,true,
		false, true, true, false, true,
		true, true, false, true, true,
		false, true, true, false, true,
		true, false, true, true, true, 
		false, false],
	"resistseverything": true,
	"noCollideStops":false,
	"platformpush":false,
	"stickToNearestPlayer":false,

	"teleportnearestplayer":true,
	
	"transforms":true,
	"transformtrigger":["floorcollide","water"],
	"transformsinto":["spinning on the pound","despawnfastslowb"],
	"transformpassedparameters":["animationtimer"],

	"customtimer":[
		[0,["set","speedy"],20],
		[0.1,["set","speedy"],20],
		[0,["set","speedx"],0]
	],

	"dontloopcustomtimer":true,

	"gravity":50,
	"offsetx": 6,
	"offsety": -1,
	"quadcenterx": 14,
	"quadcentery": 16,
}