{
	"trackable": false,
	"dontEnterClearPipes":true,
	"hidden": true,
	"dontstoplasers":true,

	"_spawnsound":"capefly",

	"animationtriggeronspawn":"omspincheckair",
	
	"quadcount": 1,
	"animationtype": "frames",
	"animationstart":1,
	"animationspeed":50,
	"animationframes":1,
	"quadno":1,
	"lifetime": 0.1,
	"regiontriggerexclude":true,

	"width": 0.75,
	"height": 1.5,
	"lifetime":0.2,

	"active": true,

	"category": 3,
	"nospritesets":true,
	"dontstopmario":true,
	

	"mask": [	true,
				false, false, true, true, true,
				false, false, false, false, true,
				false, true, true, false, true,
				true, true, false, true, true,
				true, true, true, false, true,
				true, false, true, true, true,
				false, false, false, false],
	"resistseverything": true,
	"noCollideStops":false,
	"platformpush":false,
	"stickToNearestPlayer":false,

	"teleportnearestplayer":true,
	
	"transforms":true,
	"transformtrigger":["collide","collide","animation","animation","animation","animation","animation","water"],
	"transformtriggerenemycollide":["cappy","norollcappy"],
	"transformanimation":["none","none","omepicdance","omusepressup","omstarspin","omairspin","omhillslide"],
	"transformsinto":["despawnfastcapjumpalt","despawnfastcapjumpalt","kickboost","capspin up","starspin","spin jump air","slide test","despawnfastslowb"],
	"transformpassedparameters":["speedx","speedy"],

	"weight":0,

	"customtimer":[
	[0,["set","quad"],1],
	[0,"setframe",1],
	[0,["set","animationtimer"],0],
	[0,["set","quadcount"],1],
	[0,["set","animationspeed"],999999999]
	],
	"dontloopcustomtimer":true,
	"offsetX": 6,
	"offsetY": -6,
	"quadcenterx": 8,
	"quadcentery": 11,
}