{
	"trackable": false,
	"dontEnterClearPipes":true,
	"hidden": true,
	"dontmirror":true,

	"dontstoplasers":true,
	
	"quadcount": 4,
	"animationtype": "frames",
	"animationstart":1,
	"animationspeed":0.04,
	"animationframes":4,

	"animationtriggeronspawn":"omdirections",

	"maxdrift":4,
	"reflects":false,

	"regiontriggerexclude":true,
	"friction":25,

	"speedy":5,

	"width": 0.75,
	"height": 1.5,

	"active": true,

	"weight":0,

	"category": 3,
	"nospritesets":true,
	
	"dontstopmario":true,

	"mask": [	true,
				false, true, true, true, true,
				false, false, false, false, true,
				false, true, true, false, true,
				true, true, false, true, true,
				true, true, true, false, true,
				true, false, true, true, true,
				false, false, false, false],
	"resistseverything": true,
	"noCollideStops":false,
	"platformpush":false,
	"stickToNearestPlayer":false,

	"teleportnearestplayer":true,
	
	"transforms":true,
	"transformtrigger":["floorcollide","animation","animation","animation","animation","animation","animation","animation","animation","water"],
	"transformanimation":["none","omuppress","omusepressleft","omusepressright","omusepressdown","omlefthold","omrighthold","omjumppress","omspinpound"],
	"_transformtriggerobjectcollide":["tile"],
	"transformsinto":["despawnfast","spincheck air","capspin left","capspin right","capspin down","spin jump left","spin jump right","despawnfast","spin pound","despawnfastslowb"],
	"transformpassedparameters":["speedy","speedx","animationtimerstage","animationtimer","quadi","quad","blowmaxspeedy","maxdrift","reflects","animationspeed"],

	"blowrange":[0.5,0.75,0.001,0.001],
	"blowmaxspeedy":10,
	"blowchecktable":["enemy"],

	"_customtimer":[
		[0.017,["set","transforms"],"true"]
	],

	"gravity":10,
	"offsetx": 6,
	"offsety": -1,
	"quadcenterx": 14,
	"quadcentery": 16,
}