{
	"trackable": false,
	"dontEnterClearPipes":true,
	"hidden": true,
	"dontmirror":true,
	
	"quadcount": 4,
	"animationtype": "frames",
	"animationstart":1,
	"animationspeed":0.03,
	"animationframes":4,

	"spawnsound":"thwomp",

	"lifetime": 0.2,
	"regiontriggerexclude":true,

	"spawnoffsety":0,
	"movetotoponpassivecollide":true,

	"speedy":30,

	"breaksblocks":true,
	"breakblockside":"floor",
	"breaksflipblocks":true,
	"killsenemies":true,

	"width": 0.75,
	"height": 1.5,

	"active": true,

	"category": 5,
	"nospritesets":true,

	"gravity":100,

	"weight":999999999,
	

	"mask": [false,
				false, true, false, false, true,
				false, false, false, false, false,
				false, true, false, false, true,
				true, true, false, false, false,
				true, true, false, false, true,
				false, false, false, false, true,
				false, false, false, false],
	"resistseverything": true,
	"noCollideStops":false,
	"platformpush":false,

	"jumpsfromblocksbelow":true,

	"transforms":true,
	"transformtrigger":["animation","animation","falling"],
	"transformanimation":["omgpj","omusepressdown"],
	"transformsinto":["despawnfastgpj","capspin down","spin pound"],
	"transformpassedparameters":["animationtimer"],
	"transformsetparameters":[["currentcustomtimerstage",2]],
	"playerneardist":0,

	"_customtimer":[
		[0.034,["set","breaksblocks"],false],
		[0,["_set","breaksblocks"],true]
	],
	"dontloopcustomtimer":false,

	"offsetx": 6,
	"offsety": -1,
	"quadcenterx": 14,
	"quadcentery": 16,
}