{
	"trackable": false,
	"dontEnterClearPipes":true,
	"hidden": true,
	
	"spawnsenemy":"shockwave",
	"spawnenemyoffsetx":0.0625,
	"spawnenemydelays":[9999999],
	"spawnmax":0,

	"quadcount": 1,
	"animationtype":"frames",
	"animationstart":1,
	"animationframes":1,
	"animationspeed":50,

	"spawnsound":"thwomp",

	"lifetime": 0.5,
	"regiontriggerexclude":true,

	"width": 0.75,
	"height": 1.5,

	"active": true,
	"speedy":0,

	"category": 5,
	"nospritesets":true,

	"breaksBlocks":true,
	"breakBlockSide":"floor",
	"breaksHardBlocks":false,
	"breaksFlipBlocks":false,
	"hitsswitches":true,

	"gravity":100,

	"weight":999999999,
	

	"mask": [true,
				false, true, false, false, true,
				false, false, false, false, false,
				false, true, false, false, true,
				true, true, false, false, false,
				true, true, false, false, true,
				false, false, false, false, true,
				false, false, false, false],
	"resistseverything": true,
	"noCollideStops":false,
	"platformpush":false,

	"transforms":true,
	"transformtrigger":["none","animation"],
	"transformanimation":["none","omgpj"],
	"transformsinto":["star downd","gpj transfer"],
	"transformpassedparameters":["speedx","animationdirection"],
	"playerneardist":0,

	"customtimer":[
		[0.034,["set","transformtrigger"],["falling","animation"]],
		[0.017,"spawnenemy"],
		[0.00,["set","breaksblocks"],false]
	],
	"dontloopcustomtimer":true,

	"offsetx": 6,
	"offsety": -1,
	"quadcenterx": 8,
	"quadcentery": 16,
}