{
	"trackable": false,
	"dontstoplasers":true,

	"quadcount": 8,
	"dontEnterClearPipes":true,
	"hidden": true,
	"dontmirror":false,
	"regiontriggerexclude":true,

	"doesntunrotate":false,

	"friction":20,

	"lifetime":0.5,

	"animationtriggeronspawn":"ompound",

	"animationtype":"frames",
	"animationstart":1,
	"animationframes":8,
	"animationspeed":0.025,

	"_speedy":-1,

	"teleportnearestplayer": true,
	"teleportPlayerOffsetX": 0,
	"teleportPlayerOffsetY": 0,
	"teleportPlayerSpeedX": 0,
	"teleportPlayerSpeedY": 0,

	"transforms": true,
	"transformsinto": ["star downd"],
	"transformtrigger": ["lifetime"],
	"_transformanimation":["omdive","omcantpound"],
	"transformpassedparameters":["animationdirection","speedx"],
	"transformpassedparametersbeforespawn":true,

	"enemyKillsDontFlyAway":true,
	"nospritesets": true,
	"resistseverything": true,

	"width": 0.75,
	"height": 1.5,

	"category": 3,

	"mask": [	true,
				false, true, false, false, true,
				false, false, false, false, false,
				false, true, false, false, true,
				true, true, false, false, false,
				true, true, false, false, true,
				false, false, false, false, true,
				false, false, false, false],

	"gravity": 0,

	"customtimer":[
		[0,["set","speedy"],0],
		[0,"playsound","suit"]
	],
	"dontloopcustomtimer": true,
	"ignorefaithplates": true,
	"emancipatecheck": false,

	"offsetX": 5.25,
	"offsetY": 0,
	"quadcenterX": 10.5,
	"quadcenterY": 16,
}