{
	"trackable": false,
	"dontEnterClearPipes":true,
	"hidden": true,
	"dontstoplasers":true,
	
	"quadcount": 1,
	"animationtype": "none",
	"regiontriggerexclude":true,

	"killsenemies":true,
	"breaksblocks":true,

	"lifetime":0.25,

	"width": 2.5,
	"height": 1.25,

	"active": true,

	"blowable":false,

	"category": 5,
	"nospritesets":true,
	
	"dontstopmario":true,

	"mask": [    true, 
             false, true, false, false, true,
             true, true, true, true, false,
             true, true, true, true, true,
             true, true, true, false, false,
             true, true, false, true, true,
             false, true, false, false, true,
             false, true],

	"resistseverything": true,
	"nocollidestops":true,
	"ignoreplatform":true,
	"ignorefunnel":true,
	"ignorefaithplates":true,

	"ignoreceilcollide":true,
	"ignoreleftcollide":true,
	"ignorerightcollide":true,
	"ignorefloorcollide":true,

	"sticktonearestplayer":true,
	"sticktoplayeroffsety":-0.3,
	
	"transforms":true,
	"transformtrigger":"animation",
	"transformsinto":"",
	"transformanimation":"noshield",

	"customtimer":[
	[0.034,["set","width"],1.75],
	[0,["set","breaksblocks"],false]

	],
	"dontloopcustomtimer":true,

	"gravity": 0,
	"offsetx": 8,
	"offsety": 0,
	"quadcenterx": 8,
	"quadcentery": 8,
}