{
	"trackable": false,
	"dontstoplasers":true,

	"quadcount": 1,
	"dontEnterClearPipes":true,
	"hidden": true,
	"dontmirror":false,
	"regiontriggerexclude":true,

	"friction":20,

	"animationtriggeronspawn":"shockwavekill",

	"spawnsound":"iciclefall",

	"doesntunrotate":false,

	"animationtype":"frames",
	"animationstart":1,
	"animationframes":1,
	"animationspeed":500,

	"rotationanimation":true,
	"rotationanimationspeed":0,

	"speedY":25,

	"gravity":120,

	"lifetime":10,

	"weight":999999999,

	"teleportnearestplayer": true,
	"teleportPlayerOffsetX": 0,
	"teleportPlayerOffsetY": 0,
	"teleportPlayerSpeedX": 0,
	"teleportPlayerSpeedY": 0,

	"transforms": true,
	"transformsinto": ["standing on the ground","despawnfastslow"],
	"transformtrigger": ["floorcollide","water"],
	"transformpassedparameters":["speedx","speedy","animationdirection"],
	"transformpassedparametersbeforespawn":true,

	"enemyKillsDontFlyAway":true,
	"nospritesets": true,
	"resistseverything": true,
	"breaksBlocks":true,
	"breakBlockSide":"floor",
	"breaksHardBlocks":false,
	"breaksFlipBlocks":false,
	"killsenemies":true,

	"width": 0.75,
	"height": 1.5,

	"category": 3,

	"mask": [	true,
				false, true, false, false, true,
				false, false, false, false, false,
				false, true, false, false, true,
				true, true, false, false, false,
				true, true, false, false, true,
				false, false, false, false, true,
				false, false, false, false],

	"customtimer":[
		[0.034,"playsound","iciclefall"]
	],
	"dontloopcustomtimer": true,
	"ignorefaithplates": true,
	"emancipatecheck": false,

	"offsetx": 6,
	"offsety": -1,
	"quadcenterx": 8,
	"quadcentery": 16,
}