{
	"trackable": false,

	"quadcount": 5,
	"dontEnterClearPipes":true,
	"hidden": true,
	"dontmirror":false,
	"regiontriggerexclude":true,

	"animationtriggeronspawn":"omstarspin",

	"spawnchildren":["starspin shield"],

	"animationtype": "frames",
	"animationstart":1,
	"animationframes":5,
	"animationspeed":0.05,

	"breaksblocks":true,
	"killsenemies":false,
	
	"lifetime":0.25,

	"spawnsound":"starspin",

	"transforms":true,
	"transformtrigger":["leftcollide","rightcollide","animation","animation","lifetime"],
	"transformsinto":["bonkleftstar","bonkrightstar","star pound","despawndecide","despawndecide"],
	"transformanimation":["none","none","omspinpound","omcancelmove"],
	"transformpassedparameters":["speedx","speedy","animationdirection"],

	"teleportnearestplayer": true,
	"teleportPlayerOffsetX": 0,
	"teleportPlayerOffsetY": 0,
	"teleportPlayerSpeedX": 0,
	"teleportPlayerSpeedY": 0,
	
	"sticktonearestplayer":false,

	"enemyKillsDontFlyAway":false,
	"nospritesets": true,
	"resistseverything": true,
	"ignoreplatform":true,

	"width": 0.75,
	"height": 1.5,

	"gravity":30,

	"category": 3,

	"mask": [	true,
				false, true, true, true, true,
				false, false, false, false, true,
				false, true, true, false, true,
				true, true, false, true, true,
				true, true, true, false, true,
				true, false, true, true, true,
				false, false, false, false],


	"customtimer":[
		[0,["set","speedy"],-11],
		[0,["divide","speedx"],2.1],
		[0,["add","speedx"],-0.02],
		[0.034,["add","speedx"],0.04],
		[0.05,["add","speedx"],-0.02]
	],
	"dontloopcustomtimer": true,
	"ignorefaithplates": true,
	"emancipatecheck": false,

	"offsetx": 7.5,
	"offsety": 0,
	"quadcenterx": 15,
	"quadcentery": 16,
}