{
	"trackable": false,

	"quadcount": 3,
	"dontEnterClearPipes":true,
	"hidden": true,
	"dontmirror":false,
	"regiontriggerexclude":true,

	"lifetime":0.5,
	"gravity":0,

	"dontstoplasers":true,

	"animationtype": "frames",
	"animationstart":1,
	"animationframes":3,
	"animationspeed":0.075,

	"breaksblocks":true,
	"breakBlockSide":"sides",

	"speedY":0,
	"spawnSound":"swim",

	"teleportnearestplayer": true,
	"teleportPlayerOffsetX": 0,
	"teleportPlayerOffsetY": 0,
	"teleportPlayerSpeedX": 0,
	"teleportPlayerSpeedY": 0,

	"transforms": true,
	"transformsinto": ["bonkleft water","bonkright water","despawnfastadjust","swimdive","despawnfastslow"],
	"transformtrigger": ["leftcollide","rightcollide","collide","animation","notinwater"],
	"transformanimation": "naw",
	"transformpassedparameters":["speedx"],
	"playerneardist":500,

	"enemyKillsDontFlyAway":true,
	"nospritesets": true,
	"resistseverything": true,

	"width": 1.5,
	"height": 0.75,

	"category": 9,

	"mask": [	true,
				false, true, true, true, true,
				false, false, false, false, true,
				false, true, false, false, true,
				true, true, false, false, false,
				true, true, true, false, true,
				true, false, true, false, true,
				false, true, false, false],
	"var1":0,
	"var2":0,
	"var3":0,
	"varabs1":0,
	"customtimer":[
		[0,["set","var1"],["property","speedx"]],
		[0,"playsound","stomp"],
		[0,["set","playerneardist"],["property","speedx"]],
		[0,["abs","var1"]],
		[0,["add","var1"],0.00000000000000000000000000000000000000000000000000000000000000000000000000000000001],
		[0,["divide","speedx"],["property","var1"]],
		[0,["multiply","speedx"],10.5],
		[0,["set","friction"],12],
		[0.034,["set","transformtrigger"],["leftcollide","rightcollide","there is no transformtrigger. this transform shalt not occur","animation","notinwater"]],
		[0.166,["set","animationspeed"],50],
		[0.2,["set","transformanimation"],"omswimdive"]
	],

	"dontloopcustomtimer": true,
	"ignorefaithplates": true,
	"emancipatecheck": false,

	"offsetx": 13.5,
	"offsety": 2,
	"quadcenterx": 15,
	"quadcentery": 7,
}