{
	"trackable": false,
	"dontEnterClearPipes":true,
	"hidden": true,
	"dontmirror":true,

	"animationtriggeronspawn":"omwallslide",

	"quadcount": 1,
	"animationtype": "none",
	"lifetime": 0.1,
	"regiontriggerexclude":true,

	"spawnsound":"skid",

	"width": 0.75,
	"height": 1.5,

	"speedy":3,

	"active": true,
	"spawnoffsety":-0.02,

	"category": 3,
	"nospritesets":true,

	"mask": [true,
		false,true,true,true,true,
		false,true,false,false,true,
		false, true, true, false, true,
		true, true, false, true, true,
		false, true, true, false, true,
		true, false, true, true, true,
		false],
	"resistseverything": true,
	"noCollideStops":false,
	"platformpush":false,
	"stickToNearestPlayer":false,


	"teleportnearestplayer":true,
	"teleportplayeroffsetx":0,
	"teleportplayerspeedx":-2,
	"teleportplayerspeedy":0,

	"transforms":true,
	"transformtrigger":["floorcollide","animation","animation","animation","animation","animation","lifetime","water"],
	"transformanimation":["none","omgrabledge","omdownpress","omusepressright","omusepressup","omwalljump"],
	"transformsinto":["despawnfastlow","ledge grab left","despawnfast","capspin right","capspin up","despawnfastwjfl","wall slide left retest","despawnfast"],
	"transformpassedparameters":["speedy"],

	"gravity":80,

	"customtimer":[
		[0,["_set","speedy"],3],
		[0.05,["_set","transformanimation"],["none","omgrabledge","jumppress","usepress","usepress right","usepress up","omrunpress"]],
		[0,["set","speedx"],-2]
		
	],

	"blowrange":[0.5,0.75,0.001,0.001],
	"blowmaxspeedy":3,
	"blowchecktable":["enemy"],
	
	"dontloopcustomtimer":true,

	"offsetX": 8,
	"offsetY": 5,
	"quadcenterx": 8,
	"quadcentery": 10,
}