{
	"trackable": false,
	"dontEnterClearPipes":true,
	"hidden": true,
	"dontmirror":true,

	"animationtriggeronspawn":"omslideretest",
	
	"quadcount": 1,
	"animationtype": "none",
	"lifetime": 0.08,
	"regiontriggerexclude":true,

	"width": 0.75,
	"height": 1.5,

	"active": true,

	"spawnchildren":["check coast","check shore"],

	"category": 3,
	"nospritesets":true,
	"_spawnoffsetx":0.075,
	"_spawnoffsety":-0.02,

	"mask": [true,
		false,true,true,true,true,
		false,true,false,false,true,
		false, true, true, false, true,
		true, true, false, true, true,
		false, true, true, false, true,
		true, false, true, true, true,
		false],
	"resistseverything": true,
	"noCollideStops":false,
	"platformpush":false,
	"stickToNearestPlayer":false,

	"teleportnearestplayer":true,
	"reflects":false,
	
	"transforms":true,
	"transformtrigger":["leftcollide","animation","animation","animation"],
	"transformanimation":["none","omcangrab","omcantwall","omwalljump"],
	"transformsinto":["wall slide left","wall grab left test","despawnfast","despawnfastwjfl"],
	"transformpassedparameters":["speedx","speedy"],

	"customtimer":[
		[0,["add","speedx"],-0.08]
	],
	"dontloopcustomtimer":true,
	"offsetX": 8,
	"offsetY": 5,
	"quadcenterx": 8,
	"quadcentery": 10,
}