{
	"trackable": false,
	"dontEnterClearPipes":true,
	"hidden": true,
	"dontmirror":true,
	
	"quadcount": 1,
	"animationtype": "none",
	"lifetime": 0.08,
	"regiontriggerexclude":true,

	"animationtriggeronspawn":"omslideretest",

	"width": 0.75,
	"height": 1.5,

	"speedx":0.08,

	"active": true,

	"category": 3,
	"nospritesets":true,

	"spawnchildren":["check coast","check shore"],
	"_spawnchildrenoffsety":-2,
		"mask": [true,
		false,true,true,true,true,
		false,true,false,false,true,
		false, true, true, false, true,
		true, true, false, true, true,
		false, true, true, false, true,
		true, false, true, true, true,
		false],

	"resistseverything": true,
	"noCollideStops":false,
	"platformpush":false,
	"stickToNearestPlayer":false,

	"reflects":false,

	"teleportnearestplayer":true,
	
	"transforms":true,
	"transformtrigger":["rightcollide","animation","animation","animation"],
	"transformanimation":["none","omcangrab","omcantwall","omwalljump"],
	"transformsinto":["wall slide right","wall grab right test","despawnfast","despawnfastwjfr"],
	"transformpassedparameters":["speedx","speedy"],

	"customtimer":[
		[0,["add","speedx"],0.08]
	],
	"dontloopcustomtimer":true,
	"offsetX": 5,
	"offsetY": 5,
	"quadcenterx": 8,
	"quadcentery": 10,
}