{
	"trackable": false,
	"dontEnterClearPipes":true,
	"hidden": true,
	"dontmirror":true,
	
	"quadcount": 1,
	"animationtype": "none",
	"lifetime": 0.1,
	"regiontriggerexclude":true,

	"animationtriggeronspawn":"omwallslide",

	"spawnsound":"skid",

	"width": 0.75,
	"height": 1.5,

	"speedy":3,
	"speedx":0,

	"active": true,
	"spawnoffsety":-0.02,

	"category": 3,
	"nospritesets":true,

	"mask": [true,
		false,true,true,true,true,
		false,true,false,false,true,
		false, true, true, false, true,
		true, true, false, true, true,
		false, true, true, false, true,
		true, false, true, true, true,
		false],
	"resistseverything": true,
	"noCollideStops":false,
	"platformpush":false,
	"stickToNearestPlayer":false,

	"reflects":false,

	"teleportnearestplayer":true,
	"teleportplayerspeedx":2,
	"teleportplayeroffsety":0,
	"teleportplayerspeedy":0,
	
	"transforms":true,
	"transformtrigger":["floorcollide","animation","animation","animation","animation","animation","lifetime","water"],
	"transformanimation":["none","omgrabledge","omdownpress","omusepressleft","omusepressup","omwalljump"],
	"transformsinto":["despawnfastlow","ledge grab right","despawnfast","capspin left","capspin up","despawnfastwjfr","wall slide right retest","despawnfast"],
	"transformpassedparameters":["speedy"],

	"gravity":80,

	"customtimer":[
		[0.5,["set","speedx"],2]
	],
	"dontloopcustomtimer":true,

	"blowrange":[0.5,0.75,0.001,0.001],
	"blowmaxspeedy":3,
	"blowchecktable":["enemy"],
	
	"offsetX": 5,
	"offsetY": 5,
	"quadcenterx": 8,
	"quadcentery": 10,
}