{
	"trackable": false,
	"dontEnterClearPipes":true,
	"hidden": true,
	"dontmirror":true,

	"_spawnsound":"coin",
	
	"quadcount": 1,
	"animationtype": "none",
	"lifetime": 0.08,
	"regiontriggerexclude":true,

	"width": 0.75,
	"height": 1.5,

	"active": true,

	"spawnchildren":["check coast","check shore"],

	"category": 3,
	"nospritesets":true,
	"_spawnoffsetx":0.075,
	"_spawnoffsety":-0.02,

	"mask": [true,
		false,true,true,true,true,
		false,true,false,false,true,
		false, true, true, false, true,
		true, true, false, true, true,
		false, true, true, false, true,
		true, false, true, true, true,
		false],
	"resistseverything": true,
	"noCollideStops":false,
	"platformpush":false,
	"stickToNearestPlayer":false,

	"teleportnearestplayer":true,
	"reflects":false,
	
	"transforms":true,
	"transformtrigger":"animation",
	"transformanimation":"omgrabledge",
	"transformsinto":"ledge grab right",

	"dontloopcustomtimer":true,
	"offsetx": 6,
	"offsety": 5,
	"quadcenterx": 8,
	"quadcentery": 10,
}