{
	"quadcount":1,
    "nospritesets":true,

    "spawnsenemy":"none",
    "spawnenemydelays":[99e99],
    "graphiccolor":[0,0,0,0],
    "description":"game chart - loads an coded chart - right click to set chart id",

    "xrelativetocamera":13.5,
    "yrelativetocamera":18,

    "spawnonload":true,
    "autodelete":false,

    "width":1,
    "height":1,

    "static":true,
    "active":false,

    "chartid":"none",

    "customtimer":[
[0,["set","transformsinto"],["property","chartid"]],
[0,["set","lifetimer"],0]
],

    "arrow_type":"none",
    "isturn":"enemy",

    "transforms":true,
    "transformsinto":"none",
    "transformtrigger":"lifetime",

    "dontloopcustomtimer":true,

	"rightclick":[
		["text","game chart id:"],
		["input","chartid",12]
	],
	"rightclicktypes":["string"],
	"rightclickdefaults":["gamechart_00"],

    "offsetX":8,
    "offsetY":0,
    "quadcenterX":8,
    "quadcenterY":8
    
}