{
	"quadcount": 1,
	"nospritesets": true,
	"spawnonload": true,
	"showicononeditor": true,
	
	"width": 1.75,
	"height": 1.75,
	
	"offsetX": 14,
	"offsetY": -6,
	"quadcenterX": 132,
	"quadcenterY": 132,
	"animationscalex": -0.15,
	"animationscaley": 0.15,
	"spawnoffsetx": -0.125,
	
	"static": true,
	"active": true,
	"autodelete": false,

	"category": 1,
	"mask": [true],

	"resistseverything": true,

	"random": true,
	"positions": [[29, 12],[153, 23]],
	"pos": [0, 0],
	"customtimer": [
		[0, ["set", "drawable"], false],
		
		[0, ["set", "quadgroup"], ["property", "positions"]],
		[0, ["random", "index"], 2],
		[0, ["ceil", "index"]],
		[0, "setframe", ["property", "index"]],
		[0, ["set", "pos"], ["property", "quad"]],
		[0, ["set", "quadgroup"], ["property", "pos"]],
		[0, "setframe", 1],
		[0, ["set", "x"], ["property", "quad"]],
		[0, ["add", "x"], -1.375],
		[0, "setframe", 2],
		[0, ["set", "y"], ["property", "quad"]],
		[0, ["add", "y"], -1.75],

		[0, ["set", "customtimeraction"], ["property", "transform"]],
		[0, "him clone"],
		[999, "wait"]
	],

	"transformpassedparameters": ["h_speed","h_acceleration","h_fastwake","h_ending"],

	"h_speed": 7,
	"h_acceleration": 0.6,
	"h_fastwake": false,
	"h_ending": false,
	"rightclickmenu": ["mode",
		[["h_speed", 7],["h_acceleration", 0.6]],
		[["h_speed", 10],["h_acceleration", 0.8]],
		[["h_speed", 10],["h_acceleration", 1.2]],
		[["h_speed", 20],["h_acceleration", 1.6],["h_fastwake",true],["h_ending",true]]
	],
	"rightclickmenutable": true,
	"rightclickmenumultipleproperties": true,
	"rightclickmenudisplay": ["mode", "normal", "hard", "harder","uded"]
}