{
    "hidden": true,

    "ignoregravity": true,
    "resistseverything": true,

    "width": 3,
    "height": 1,

    "active": false,

    "category": 1,
    "mask": [true],

    "movement": "shadow",
    "shadowlag": 0,
    "shadowinterpolate": false,
    "shadowtarget": "tile",

    "spawnsenemy": "him semisolid collide",
	"spawnenemydelays": [99e99],
	"spawnpassedparameters": ["x","y","globalcollide"],

    "varout": 0,
    "spawnedi": 0,
    "customtimer": [
        [0,["set","x"]],
        [0,["set","y"]],
        [0,["set","globalcollide"],["property","addoutput"]],

        [0,["set","loopline"],["property","currentcustomtimerstage"]],

        [0,["set","pass"],true],
        [0,["set","quadgroup"],["property","spawner"]],
        [0,"setframe","semihelper"],
        [0,["set","__baseclass"],["property","quad"]],

        [0,"spawnenemy"],
        [0,["set","x"]],
        [0,["set","y"]],
        [0,["add","spawnedi"],1],
        [0,["set","customtimertimer"],0],

        [0,["set","quadgroup"],["property","spawnedenemies"]],
        [0,"setframe",["property","spawnedi"]],
        [0,["set","quadgroup"],["property","quad"]],
        [0,["set","enemystore"],["property","quad"]],
        [0,"setframe","outtable"],
        [0,["set","quadgroup"],["property","quad"]],
        [0,"setframe",1],
        [0,["if",["property","quad"],"exists",""],["add","currentcustomtimerstage"],6],
            [0,["set","quadgroup"],["property","enemystore"]],
            [0,"setframe","x"],
            [0,["set","semix"],["property","quad"]],
            [0,"setframe","y"],
            [0,["set","semiy"],["property","quad"]],
            [0,["if",["property","quad"],"exists",""],["add","semix"],0.625],
        [0,["set","currentcustomtimerstage"],["property","loopline"]]
    ],

    "tracked": true,

    "transforms": true,
    "transformsinto": "NIL",
    "transformtrigger": "animation",
    "transformanimation": "nomorehim"
}