{
    "hidden": true,

    "ignoregravity": true,
    "resistseverything": true,

    "width": 3,
    "height": 1,

    "active": false,

    "category": 1,
    "mask": [true],

    "offy": 0,
    "customtimer": [
        [0,["set","quadgroup"],["property","playerobj"]],
        [0,"setframe","y"],
        [0,["set","vary"],["property","quad"]],
        [0,"setframe","falling"],
        [0,["if",["property","quad"],"==",true],["add","currentcustomtimerstage"],2],
        [0,"setframe","jumping"],
        [0,["if",["property","quad"],"==",false],["set","offy"],["property","vary"]],

        [0,"setframe","x"],
        [0,["set","x"],["property","quad"]],
        [0,["subtract","x"],1.125],
        [0,["set","y"],0.75],
        [0,["add","y"],["property","offy"]],
        [0,["set","quad"]],
        [0,["set","quadgroup"]],
        [0,["set","customtimertimer"],0]
    ],

    "tracked": true,

    "transforms": true,
    "transformsinto": "NIL",
    "transformtrigger": "animation",
    "transformanimation": "nomorehim"
}