{
    "hidden": true,

    "ignoregravity": true,
    "resistseverything": true,

    "width": 0.5,
    "height": 0.5,

    "category": 1,
    "mask": [true],

    "customtimer": [
        [0,["set","quadgroup"],["property","spawner"]],
        [0,"setframe","x"],
        [0,["set","x"],["property","quad"]],
        [0,"setframe","y"],
        [0,["set","y"],["property","quad"]],
        [0,["add","y"],1.25],

        [0,"setframe","falling"],
        [0,["set","fallpass"],false],
        [0,["if",["property","quad"],"==",true],["add","currentcustomtimerstage"],1],
            [0,["set","fallpass"],true],

        [0,"setframe","godirection"],
        [0,["set","quadgroup"],{"left":-0.5,"right":1.75}],
        [0,"setframe",["property","quad"]],
        [0,["add","x"],["property","quad"]],
        [0,["set","speedy"],1],
        [0,["set","customtimertimer"],0],

        [0,["set","dojump"],false],
        [0,["if","speedy","==",0],["add","currentcustomtimerstage"],1],
            [0,["if",["property","fallpass"],"==",true],["set","dojump"],true]
    ],

    "tracked": true,
    
    "transforms": true,
    "transformsinto": "NIL",
    "transformtrigger": "animation",
    "transformanimation": "nomorehim"
}