{
    "hidden": true,

    "static": true,
    "activestatic": true,
    "resistseverything": true,

    "width": 1,
    "height": 1.75,

    "category": 1,
    "mask": [true],

    "customtimer": [
        [0,["if",["property","spawner"],"exists",""],["set","himstore"],["property","spawner"]],
        [0,["set","spawner"]],
        [0,["set","quadgroup"],["property","himstore"]],
        [0,"setframe","x"],
        [0,["set","x"],["property","quad"]],
        [0,"setframe","y"],
        [0,["set","y"],["property","quad"]],

        [0,"setframe","speedy"],
        [0,["set","transforms"],false],
        [0,["if","quad","==",0],["set","transforms"],true],

        [0,"setframe","godirection"],
        [0,["set","quadgroup"],{"left":-1,"right":1.75}],
        [0,"setframe",["property","quad"]],
        [0,["add","x"],["property","quad"]],
        [0,["set","customtimertimer"],0]
    ],

    "tracked": true,

    "transforms": true,
    "transformsinto": ["him wall check climb", "NIL"],
    "transformtrigger": ["collide", "animation"],
    "transformanimation": "nomorehim",
    "transformpassedparameters": ["himstore","playerobj"]
}