{
    "hidden": true,

    "ignoregravity": true,
    "resistseverything": true,

    "width": 1.75,
    "height": 1,

    "spawnoffsety": 1,

    "static": true,
    "activestatic": true,

    "category": 1,
    "mask": [true],

    "canfall": false,
    "varout": 0,
    "customtimer": [
        [0,["set","globalcollide"],["property","addoutput"]],

        [0,["set","loopline"],["property","currentcustomtimerstage"]],
        
        [0,["set","customtimertimer"],0],
        [0,["set","quadgroup"],["property","spawner"]],
        [0,"setframe","y"],
        [0,["set","y"],["property","quad"]],
        [0,["add","y"],1.75],
        [0,"setframe","x"],
        [0,["set","x"],["property","quad"]],

        [0,["set","pass"],true],
        [0,["set","canfall"],false],

        [0,["set","quadgroup"],["property","outtable"]],
        [0,["add","varout"],1],
        [0,"setframe",["property","varout"]],
        [0,["if",["property","quad"],"notexists",""],["add","currentcustomtimerstage"],2],
            [0,["set","pass"],false],
            [0,["subtract","currentcustomtimerstage"],6],
        [0,["if",["property","pass"],"==",false],["add","currentcustomtimerstage"],1],
            [0,["set","canfall"],true],
        [0,["subtract","varout"],1],
        [0,["set","currentcustomtimerstage"],["property","loopline"]]
    ],

    "tracked": true,

    "transforms": true,
    "transformsinto": "NIL",
    "transformtrigger": "animation",
    "transformanimation": "nomorehim"
}