{
	"hidden": true,
	
	"quadcount": 1,
	"nospritesets": true,
	"spawnonload": true,
	"showicononeditor": true,
	
	"width": 1.75,
	"height": 1.75,
	
	"offsetX": 14,
	"offsetY": -6,
	"quadcenterX": 132,
	"quadcenterY": 132,
	"animationscalex": -0.15,
	"animationscaley": 0.15,

	"spawnoffsetx": -0.125,
	
	"static": false,
	"active": true,
	"gravity": 80,
	"friction": 4,

	"autodelete": false,

	"category": 4,
	"mask": [true, 
		false, false, false, false, true,
		false, true, false, true, false,
		false, false, false, false, true,
		true, true, false, false, false,
		false, true, true, false, false,
		true, false, true, true, true],

	"resistseverything": true,
	"notkilledfromblocksbelow": true,

	"kills": true,

	"spawnsenemy": "him wall check",
	"spawnenemydelays": [99e99],
	"spawnpassedparameters": ["playerobj"],

	"transforms": false,
	"transformsinto": "him weak",
	"transformtrigger": "animation",
	"transformanimation": "himweak",
	"transformpassedparameters": ["speedx","speedy"],

	"h_speed": 0,
	"h_acceleration": 0,

	"trackingmode": "mario",
	"spawnedi": 7,
	"customtimer": [
		[0,["if","h_ending","==",true],["set","transforms"],true],

		[0,["set","savedquadgroup"],["property","quadgroup"]],
		[0,"spawnenemy"],
		[0,["set","spawnsenemy"],"him ledge check"],
		[0,"spawnenemy"],
		[0,["set","spawnsenemy"],"him semisolid helper"],
		[0,"spawnenemy"],
		[0,["set","spawnsenemy"],"him semisolid check"],
		[0,"spawnenemy"],
		[0,["set","spawnsenemy"],"him jump check"],
		[0,"spawnenemy"],
		[0,["set","spawnsenemy"],"him semisolidfall check"],
		[0,"spawnenemy"],
		[0,["set","spawnsenemy"],"him rock hitbox"],
		[0,"spawnenemy"],
		[0,["set","spawnsenemy"],"him drone"],
		[0,["set","spawnpassedparameters"],["dir","mapwidth"]],

		[0,["set","quadgroup"],["property","spawnedenemies"]],
		[0,"setframe",1],
		[0,["set","wallcheck"],["property","quad"]],
		[0,"setframe",2],
		[0,["set","ledgecheck"],["property","quad"]],
		[0,"setframe",3],
		[0,["set","semihelper"],["property","quad"]],
		[0,"setframe",4],
		[0,["set","semicheck"],["property","quad"]],
		[0,"setframe",5],
		[0,["set","jumpcheck"],["property","quad"]],
		[0,"setframe",6],
		[0,["set","semifallcheck"],["property","quad"]],
		[0,"setframe",7],
		[0,["set","rockcheck"],["property","quad"]],

		[0,["set", "h_revspeed"],["property","h_speed"]],
		[0,["reverse", "h_revspeed"]],

		[0,["set","loopline"],["property","currentcustomtimerstage"]],

		[0,["set","quadgroup"],["property","rockcheck"]],
		[0,"setframe","washit"],
		[0,["if",["property","quad"],"==",false],["add","currentcustomtimerstage"],22],
			[0,["set","quadgroup"],["property","playerobj"]],
			[0,"setframe","x"],
			[0,["subtract","quad"],0.5],
			[0,["subtract","quad"],["property","x"]],
			[0,["multiply","quad"],99e10],
			[0,["max","quad"],-1],
			[0,["min","quad"],1],
			[0,["set","speedx"],["property","quad"]],
			[0,["multiply","speedx"],-4],
			[0,["set","speedy"],-8],
			[0,["multiply","quad"],-6.28318531],
			[0,["set","rotationanimation"],true],
			[0,["set","rotationanimationspeed"],["property","quad"]],
			[0,["set","quadgroup"],["property","savedquadgroup"]],
			[0,"setframe",1],
			[0,"playsound","him"],
			[0.25,["set","rotationanimationspeed"],0],
			[0,["set","speedx"],0],
			[0,["if","h_fastwake","==",true],["add","currentcustomtimerstage"],2],
				[1.5,["set","rotationanimation"],false],
				[0,["add","currentcustomtimerstage"],1],
			[0.4,["set","rotationanimation"],false],

		[0,["set","quadgroup"],["property","wallcheck"]],
		[0,"setframe","transformedinto"],
		[0,["if",["property","quad"],"exists",""],["set","wallcheck"],["property","quad"]],

		[0,["set","quadgroup"],["property","playerobj"]],
		[0,"setframe","x"],
		[0,["set","varx"],["property","quad"]],
		[0,["subtract","varx"],0.5],
		[0,["subtract","varx"],["property","x"]],
		[0,"setframe","y"],
		[0,["set","vary"],["property","quad"]],
		[0,["subtract","vary"],0.5],
		[0,["subtract","vary"],["property","y"]],
		[0,["atan2","angle"],[["property","varx"],["property","vary"]]],
		[0,["abs","angle"]],

		[0,["if","falling","==",true],["add","currentcustomtimerstage"],12],
		[0,["set","quadgroup"],["property","wallcheck"]],
		[0,"setframe","targetheight"],
		[0,["if",["property","quad"],"notexists",""],["add","currentcustomtimerstage"],10],
			[0,["multiply","speedx"],0.75],
			[0,["subtract","quad"],["property","y"]],
			[0,["abs","quad"]],
			[0,["multiply","quad"],2],
			[0,["multiply","quad"],["property","gravity"]],
			[0,["sqrt","quad"]],
			[0,["set","speedy"],["property","quad"]],
			[0,["reverse","speedy"]],
			[0,"playsound","jumpbig"],
			[0,["set","falling"],true],

		[0,["set","quadgroup"],["property","playerobj"]],
		[0,"setframe","x"],
		[0,["set","playerx"],["property","quad"]],
		[0,["add","playerx"],-1.125],
		[0,["subtract","quad"],0.5],
		[0,["set","targetx"],["property","quad"]],
		[0,"setframe","y"],
		[0,["set","playery"],["property","quad"]],
		[0,["add","playery"],-3],
		[0,["subtract","quad"],1],
		[0,["set","targety"],["property","quad"]],
		[0,["set","mariofalling"],false],
		[0,"setframe","falling"],
		[0,["if",["property","quad"],"==",true],["set","mariofalling"],true],
		[0,"setframe","jumping"],
		[0,["if",["property","quad"],"==",true],["set","mariofalling"],true],

		[0,["if","falling","==",true],["add","currentcustomtimerstage"],18],
		[0,["if","trackingmode","==","pathdrone"],["add","currentcustomtimerstage"],17],
		[0,["if","angle",">",1],["add","currentcustomtimerstage"],16],
			[0,["set","quadgroup"],["property","semifallcheck"]],
			[0,"setframe","canfall"],
			[0,["if","quad","==",true],["add","currentcustomtimerstage"],13],
				[0,["set","trackingmode"],"pathdrone"],
				[0,["set","quadgroup"],["property","spawnedenemies"]],
				[0,["set","dir"],-1],
				[0,["add","spawnedi"],1],
				[0,"spawnenemy"],
				[0,"setframe",["property","spawnedi"]],
				[0,["set","dronel"],["property","quad"]],
				[0,["set","dir"],1],
				[0,["add","spawnedi"],1],
				[0,"spawnenemy"],
				[0,"setframe",["property","spawnedi"]],
				[0,["set","droner"],["property","quad"]],
				[0,["set","removedrones"],true],

		[0,["if","trackingmode","~=","pathdrone"],["add","currentcustomtimerstage"],44],
			[0,["set","passl"],true],
			[0,["set","quadgroup"],["property","dronel"]],
			[0,"setframe","canfall"],
			[0,["if",["property","quad"],"==",false],["set","passl"],false],
			[0,"setframe","disqualified"],
			[0,["set","disqualifiedl"],["property","quad"]],
			[0,["if","quad","==",true],["set","passl"],true],
			[0,["set","passr"],true],
			[0,["set","quadgroup"],["property","droner"]],
			[0,"setframe","canfall"],
			[0,["if",["property","quad"],"==",false],["set","passr"],false],
			[0,"setframe","disqualified"],
			[0,["set","disqualifiedr"],["property","quad"]],
			[0,["if","quad","==",true],["set","passr"],true],
			[0,["if",["property","passl"],"==",false],["add","currentcustomtimerstage"],28],
			[0,["if",["property","passr"],"==",false],["add","currentcustomtimerstage"],27],
				[0,["set","distl"],99e10],
				[0,["set","distr"],99e10],
				[0,["if","disqualifiedl","==",true],["add","currentcustomtimerstage"],5],
					[0,["set","quadgroup"],["property","dronel"]],
					[0,"setframe","x"],
					[0,["set","distl"],["property","quad"]],
					[0,["subtract","distl"],["property","playerx"]],
					[0,["abs","distl"]],
				[0,["if","disqualifiedr","==",true],["add","currentcustomtimerstage"],5],
					[0,["set","quadgroup"],["property","droner"]],
					[0,"setframe","x"],
					[0,["set","distr"],["property","quad"]],
					[0,["subtract","distr"],["property","playerx"]],
					[0,["abs","distr"]],
				[0,["if","distl","<","distr"],["set","quadgroup"],["property","dronel"]],
				[0,["if","distr","<","distl"],["set","quadgroup"],["property","droner"]],
				[0,"setframe","x"],
				[0,["set","targetx"],["property","quad"]],
				[0,["add","targetx"],0.625],
				[0,"setframe","y"],
				[0,["set","targety"],["property","quad"]],
				[0,["add","targety"],3],
				[0,["set","varx"],["property","x"]],
				[0,["subtract","varx"],["property","targetx"]],
				[0,["abs","varx"]],
				[0,["if","varx","<",0.24],["set","trackingmode"],"mario"],
				[0,["if","angle",">",1.5],["set","trackingmode"],"mario"],
			[0,["add","currentcustomtimerstage"],14],

		[0,["set","quadgroup"],["property","semicheck"]],
		[0,["if","angle","<",2],["set","trackingmode"],"mario"],
		[0,["if","trackingmode","==","semisolid"],["add","currentcustomtimerstage"],2],
		[0,["if",["property","mariofalling"],"==",true],["add","currentcustomtimerstage"],10],
		[0,["if","angle","<",2.6],["add","currentcustomtimerstage"],9],
			[0,"setframe","semiy"],
			[0,["if",["property","quad"],"notexists",""],["add","currentcustomtimerstage"],7],
				[0,["set","var1"],["property","quad"]],
				[0,["subtract","var1"],1.75],
				[0,["if","var1",">=","y"],["add","currentcustomtimerstage"],4],
					[0,["set","trackingmode"],"semisolid"],
					[0,["set","targety"],["property","var1"]],
					[0,"setframe","semix"],
					[0,["set","targetx"],["property","quad"]],

		[0,["set","quadgroup"],["property","ledgecheck"]],
		[0,"setframe","dojump"],
		[0,["if","quad","~=",true],["add","currentcustomtimerstage"],12],
			[0,["set","vary"],["property","targety"]],
			[0,["subtract","vary"],1],
			[0,["subtract","vary"],["property","y"]],
			[0,["if","vary",">=",0],["add","currentcustomtimerstage"],8],
				[0,["abs","vary"]],
				[0,["multiply","vary"],2],
				[0,["multiply","vary"],["property","gravity"]],
				[0,["sqrt","vary"]],
				[0,["set","speedy"],["property","vary"]],
				[0,["reverse","speedy"]],
				[0,"playsound","jumpbig"],
				[0,["set","falling"],true],

		[0,["set","quadgroup"],["property","jumpcheck"]],
		[0,"setframe","canjump"],
		[0,["if",["property","quad"],"==",false],["add","currentcustomtimerstage"],16],
		[0,["if","falling","==",true],["add","currentcustomtimerstage"],15],
		[0,["set","var1"],["property","targetx"]],
		[0,["subtract","var1"],["property","x"]],
		[0,["abs","var1"]],
		[0,["if","var1",">",3],["add","currentcustomtimerstage"],11],
			[0,["set","var1"],["property","y"]],
			[0,["subtract","var1"],["property","targety"]],
			[0,["if","var1","<",1],["add","currentcustomtimerstage"],8],
				[0,["add","var1"],0.2],
				[0,["multiply","var1"],2],
				[0,["multiply","var1"],["property","gravity"]],
				[0,["sqrt","var1"]],
				[0,["set","speedy"],["property","var1"]],
				[0,["reverse","speedy"]],
				[0,"playsound","jumpbig"],
				[0,["set","falling"],true],

		[0,["set","quadgroup"],["property","semifallcheck"]],
		[0,"setframe","canfall"],
		[0,["if",["property","quad"],"==",false],["add","currentcustomtimerstage"],8],
		[0,["if","falling","==",true],["add","currentcustomtimerstage"],7],
		[0,["if","angle",">",1],["add","currentcustomtimerstage"],6],
			[0,["set","var1"],["property","y"]],
			[0,["subtract","var1"],["property","targety"]],
			[0,["if","var1",">",0],["add","currentcustomtimerstage"],3],
				[0,["add","y"],0.01],
				[0,["set","falling"],true],
				[0,["set","trackingmode"],"mario"],

		[0,["set","godirection"],"left"],
		[0,["if","targetx",">","x"],["set","godirection"],"right"],
		[0,["set","animationdirection"],["property","godirection"]],
		[0,["set","quadgroup"],{"left":-12, "right":12}],
		[0,"setframe",["property","godirection"]],
		[0,["set","acc"],["property","customtimertimer"]],
		[0,["multiply","acc"],["property","h_acceleration"]],
		[0,["multiply","quad"],["property","acc"]],
		[0,["add","speedx"],["property","quad"]],
		[0,["max","speedx"],["property","h_revspeed"]],
		[0,["min","speedx"],["property","h_speed"]],

		[0,["set","quadgroup"],["property","savedquadgroup"]],
		[0,"setframe",1],
		[0,["set","customtimertimer"],0],
		[0,["set","removedrones"],false],
		[0,["set","currentcustomtimerstage"],["property","loopline"]]
	],
	"dontloopcustomtimer": true
}