{
	"hidden": false,

	"quadcount": 8,
	"nospritesets": true,
	"spawnonload": true,
	
	"width": 1,
	"height": 1,
	
	"offsetX": 8,
	"offsetY": 0,
	"quadcenterX": 8,
	"quadcenterY": 8,

	"static": true,
	"active": true,

	"emancipatecheck": false,
	"autodelete": false,

	"category": 6,
	"mask": [true,
		false, false, false, true, true,
		true, true, true, true, true,
		true, true, true, true, true,
		true, true, true, true, true,
		true, true, true, true, true,
		true, true, true, true, true],

	"resistseverything": true,

	"animationtype": "frames",
	"animationstart": 1,
	"animationframes": 8,
	"animationspeed": 0.08,

	"transforms": true,
	"transformsinto": "NIL",
	"transformtrigger": "animation",
	"transformanimation": "exit"
}