{
	"hidden": true,
	
	"quadcount": 1,
	"nospritesets": true,
	
	"width": 1.5,
	"height": 0.5,

	"offsetX": 12,
	"offsetY": 4,
	"quadcenterX": 12,
	"quadcenterY": 4,

	"speedy": -2,
	"gravity": 0,
	"lifetime": 0.6,

	"spawnsenemy": "points fadecolor",
	"spawnenemydelays": [999],

	"customtimer": [
		[0, ["set", "savedquadgroup"], ["property", "quadgroup"]],
		[0, ["set", "savedquad"], ["property", "quad"]],
		[0, "spawnenemy"],
		[0, ["set", "quadgroup"], ["property", "spawnedenemies"]],
		[0, "setframe", 1],
		[0, ["set", "graphiccolor"], ["property", "quad"]],
		[0, ["set", "quadgroup"], ["property", "savedquadgroup"]],
		[0, ["set", "quad"], ["property", "savedquad"]]
	],
	"dontloopcustomtimer": true,
	
	"static": false,
	"active": true,
	
	"category": 1,
	"mask": [true, 
		true, true, true, true, true,
		true, true, true, true, true,
		true, true, true, true, true,
		true, true, true, true, true,
		true, true, true, true, true,
		true, true, true, true, true]
}