{
	"editortab": "all enemies",

	"quadcount": 4,
	"nospritesets": true,

	"offsetX": 4,
	"offsetY": -8,
	"quadcenterX": 8,
	"quadcenterY": 16,
	"spawnoffsety": -0.25,
	
	"width": 0.5,
	"height": 0.75,
	
	"static": true,

	"category": 4,
	"mask": [true, 
		false, false, false, false, true,
		false, true, false, true, false,
		false, false, true, false, false,
		true, true, false, false, false,
		false, true, true, false, false,
		true, false, true, true, true,
		false, true],

	"kills": true,
	"freezable": false,

	"customtimer": [
		[0,["add","x"],["property","offx"]],
		[0,["add","y"],["property","offy"]],

		[0,["if",["property","efrozen"],"==",true],["set","transformsinto"],["icey debris spawn"]],
		[0,["if",["property","efrozen"],"==",true],["set","transformtrigger"],["transformtrigger",["shot"]]],

		[0,["set","quadno"],1],
		[0,["set","erng"],[1,2,3,4]],
		[0,["if","etype","==","short"],["add","currentcustomtimerstage"],2],
			[0,["set","quadno"],3],
			[0,["set","height"],1.5],

		[0,["if",["property","efrozen"],"==",true],["add","quadno"],1],
		[0,["if",["property","efrozen"],"==",true],["set","erng"],[5,6,7,8]],
		[0,"setframe",["property","quadno"]]
	],
	"dontloopcustomtimer": true,

	"transforms": true,
	"transformsinto": ["icey shake","icey debris spawn"],
	"transformtrigger": ["playernear","shot"],
	"playerneardist": [-1.5,0,3.5,12.5],
	"transformpassedparameters": ["etype","erng","quadno","height","efrozen"],
	"transformpassedparametersbeforespawn": true,

	"etype": "short",
	"offx": 0,
	"offy": 0,
	"rightclick": [
		["text","type:"],
		["dropdown","etype",8,["short","tall"]],
		["checkbox","efrozen","static?"],
		["text","offset:"],
		["input","offx",6],
		["input","offy",6]
	],
	"rightclicktypes": ["string","bool","num","num"],
	"rightclickdefaults": ["short","false","0","0"]
}