{
	"hidden": true,
	
	"quadcount": 8,
	"nospritesets": true,

	"offsetX": 4,
	"offsetY": 4,
	"quadcenterX": 4,
	"quadcenterY": 4,
	"spawnoffsety": -0.25,
	
	"width": 0.5,
	"height": 0.5,

	"category": 1,
	"mask": [true, 
		true, true, true, true, true,
		true, true, true, true, true,
		true, true, true, true, true,
		true, true, true, true, true,
		true, true, true, true, true,
		true, true, true, true, true,
		true, true],

	"customtimer": [
		[0,["if",["property","erng"],"exists",""],["random","quadno"],["property","erng"]],
		[0,"setframe",["property","quadno"]]
	],
	"dontloopcustomtimer": true
}