{	
	"quadcount": 4,
	"nospritesets": true,

	"offsetX": 6,
	"offsetY": 0,
	"quadcenterX": 8,
	"quadcenterY": 10,
	"spawnoffsety": -0.125,
	
	"width": 0.75,
	"height": 0.75,

	"animationtype": "frames",
	"animationstart": 1,
	"animationframes": 4,
	"animationspeed": 0.05,

	"static": true,

	"category": 4,
	"mask": [true,
		true, false, true, true, true,
		true, true, true, true, true,
		true, false, true, true, true,
		true, true, true, true, true,
		true, true, true, true, true,
		true, true, true, true, true,
		true],

	"ignoreplatform": true,

	"edible":true,
	"copyability":"cutter",

	"kills": true
}