{
	"hidden": true,
	
	"quadcount": 1,
	"nospritesets": true,
	
	"width": 0.25,
	"height": 0.25,
	
	"offsetX": 2,
	"offsetY": 6,
	"quadcenterX": 3,
	"quadcenterY": 3,

	"static": false,
	"active": true,
	"autodelete": true,

	"category": 5,
	"mask": [true,
		false, true, true, true, true,
		true, true, true, true, true,
		true, true, true, true, true,
		true, true, true, true, true,
		true, true, true, true, true,
		true, true, true, true, true],

	"nocollidestops": true,

	"transforms": true,
	"transformsinto": "NIL",
	"transformtrigger": "collide",

	"spawnsound": "rock"
}