{
	"hidden":true,
	"quadcount":4,
	"nospritesets":true,

	"quadcenterX":19,
	"quadcenterY":19,
	"offsetX":12,
	"offsetY":-4,
	"spawnoffsety": 0.25,
	
	"animationtype":"frames",
	"animationframes":4,
	"animationstart":1,
	"animationspeed":0.05,
	"lifetime":0.2,

	"width":1.5,
	"height":1.5,
	"activestatic": true,
	"static": true,
	"resistseverything":true,

	"category": 4,
	"mask": [true, 
		false, false, false, true, true,
		false, true, false, true, false,
		false, false, false, false, false,
		true, true, false, false, false,
		false, true, true, false, false,
		true, false, true, true, true,
		false],

	"kills": true,
	"killsenemies": true,
	
	"breaksblocks": true,
	"customtimer": [
		[0.05,["set","breaksblocks"]]
	],
	"dontloopcustomtimer": true
}