{
	"hitboxcolor": [161, 47, 237],
	
	"quadcount": 1,
	"nospritesets": true,
	"showicononeditor": true,
	"spawnonload": true,
	
	"width": 1,
	"height": 1,
	
	"offsetX": 8,
	"offsetY": 0,
	"quadcenterX": 8,
	"quadcenterY": 8,
	
	"static": true,
	"active": true,
	"autodelete": false,
	
	"category": 4,
	"mask": [true,
		true, false, true, true, true,
		true, true, true, true, true,
		true, true, true, true, true,
		true, true, true, true, true,
		true, true, true, true, true,
		true, true, true, true, true],

	"resistseverything": true,
	"freezable": false,
	"dontstoplasers": true,
}