{
	"hidden":true,
	"width":0.75,
	"height":0.75,

	"weight":0,
	"active":true,
	"category":1,
	"mask":[	true, 
			true, true, true, true, true,
			true, true, true, true, true,
			true, true, true, false, true,
			true, true, true, true, true,
			true, true, true, true, true,
			true, true, true, true, true,
			true],
	"resistseverything":true,
	"ignoregravity":true,
	"ignorecheckrect":[true],
	"ignorequicksand":true,
	"regiontriggerexclude":true,

	"hitboxcolor":[0,0,255],

	"outi":1,
	"customtimer":[
		[0,["set","floorcollide"],["property","addoutput"]],

		[0,["set","loopline"],["property","currentcustomtimerstage"]],
		[0,["add","loopline"],2],
		[0,["add","currentcustomtimerstage"],1],
			[0,["set","customtimertimer"],0],

		[0,["set","angle"]],
		[0,["set","quadgroup"],["property","spawner"]],
		[0,"setframe","delete"],
		[0,["set","instantdelete"],["property","quad"]],
		[0,"setframe","x"],
		[0,["set","x"],["property","quad"]],
		[0,"setframe","y"],
		[0,["set","y"],["property","quad"]],

		[0,["set","speedy"],20],

		[0,["set","quadgroup"],["property","outtable"]],
		[0,"setframe",["property","outi"]],
		[0,["if",["property","quad"],"notexists",""],["set","currentcustomtimerstage"],["property","loopline"]],
		[0,["set","quadgroup"],["property","quad"]],
		[0,["add","outi"],1],
		[0,"setframe",1],
		[0,["if","quad","~=","redseesaw"],["set","currentcustomtimerstage"],["property","loopline"]],
		[0,"setframe",2],
		[0,["set","quadgroup"],["property","quad"]],
		[0,"setframe","rotation"],
		[0,["reverse","quad"]],
		[0,["add","quad"],-1.57079632679],
		[0,["reverse","quad"]],

		[0,["set","angle"],["property","quad"]],

		[0,["set","currentcustomtimerstage"],["property","loopline"]]
	]
}