{
	"hidden": true,
	
	"quadcount": 16,
	"nospritesets": true,
	"spawnonload": true,
	
	"width": 1.75,
	"height": 1.75,

	"offsetX": 14,
	"offsetY": -6,
	"quadcenterX": 132,
	"quadcenterY": 132,
	"animationscalex": 0.15,
	"animationscaley": 0.15,

	"animationtype": "frames",
	"animationstart": 1,
	"animationframes": 16,
	"animationspeed": 0.1,
	
	"static": false,
	"active": true,
	"gravity": 0,
	"speedy": -0.6,

	"category": 1,
	"mask": [true, true],

	"resistseverything": true,
	"notkilledfromblocksbelow": true,

	"spawnsenemy": "him dead color",
	"spawnenemydelays": [99e99],

	"animspeed": 0,
	"spawnspeed": 0,
	"customtimer": [
		[0,["set","savedquadgroup"],["property","quadgroup"]],
		[0,["set","savedquad"],["property","quad"]],
		[0,"spawnenemy"],
		[0,["set","quadgroup"],["property","spawnedenemies"]],
		[0,"setframe",1],
		[0,["set","graphiccolor"],["property","quad"]],
		[0,["set","quadgroup"],["property","savedquadgroup"]],
		[0,["set","quad"],["property","savedquad"]],
		[0,["set","spawnsenemy"],"ray"],
		
		[0,["set","dt"],["property","customtimertimer"]],
		[0,["multiply","dt"],1],
		[0,["add","spawnspeed"],["property","dt"]],
		[0,["multiply","dt"],8],
		[0,["add","animspeed"],["property","dt"]],
		[0,["set","animationspeed"],1],
		[0,["divide","animationspeed"],["property","animspeed"]],
		[0,["set","spawnenemydelay"],1],
		[0,["divide","spawnenemydelay"],["property","spawnspeed"]],
		[0,["set","customtimertimer"],0],
		[0,["subtract","currentcustomtimerstage"],11]
	],

	"transforms": true,
	"transformsinto": "him explode",
	"transformtrigger": "lifetime",
	"lifetime": 7.5,

	"treattransformasdeath": true,
	"animationtriggeronspawn": "himdead",
	"transformenemyanimationondeath": "goodbyerays"
}