{	
	"hidden": true,
	"drawable": false,

	"active": false,

	"width": 0,
	"height": 0,

	"customtimer": [
		[0, ["set", 1], 255],
		[0, ["set", 2], 255],
		[0, ["set", 3], 255],
		[0, ["set", 4], 255],

		[0, ["set", "dt"], ["property", "customtimertimer"]],
		[0, ["multiply", "dt"], 72.8],
		[0, ["add", 1], ["property", "dt"]],
		[0, ["add", 2], ["property", "dt"]],
		[0, ["add", 3], ["property", "dt"]],
		[0, ["set", "customtimertimer"], 0],
		[0, ["set", "currentcustomtimerstage"], 4]
	],

	"lifetime": 7
}