{
	"hidden": true,
	
	"quadcount": 1,
	"nospritesets": true,
	"spawnonload": true,
	"showicononeditor": true,
	
	"width": 1.75,
	"height": 1.75,

	"offsetX": 14,
	"offsetY": -6,
	"quadcenterX": 132,
	"quadcenterY": 132,
	"animationscalex": 0.15,
	"animationscaley": 0.15,
	
	"static": false,
	"active": true,
	"gravity": 80,
	"friction": 10,

	"facesplayer": true,

	"transforms": true,
	"transformsinto": "him dead",
	"transformtrigger": "enemynear",
	"transformpassedparametersbeforespawn": true,
	"enemynearcheck": "mushrock",
	"enemyneardist": [0,0,1.75,1.75],

	"category": 4,
	"mask": [true, 
		false, false, false, false, true,
		false, true, false, true, false,
		false, false, false, false, true,
		true, true, false, false, false,
		false, true, true, false, false,
		true, false, true, true, true],

	"resistseverything": true,
	"notkilledfromblocksbelow": true,

	"transformenemyanimationonspawn": "nomorehim"
}