{
	"hidden": true,
	
	"quadcount": 1,
	"nospritesets": true,
	
	"width": 0,
	"height": 0,

	"offsetX": 0,
	"offsetY": 0,
	"quadcenterX": 0,
	"quadcenterY": 25,
	"animationscalex": 0.25,
	"animationscaley": 0.35,

	"static": true,
	"active": false,

	"rotationanimation": true,
	"customtimer": [
		[0,["random","rotation"],6.282],
		[0,["random","rotationanimationspeed"],2],
		[0,["subtract","rotationanimationspeed"],1],

		[0,["set","quadstore"],["property","quad"]],
		[0,["set","quadgroup"],["property","spawner"]],
		[0,"setframe","x"],
		[0,["set","x"],["property","quad"]],
		[0,["add","x"],0.875],
		[0,"setframe","y"],
		[0,["set","y"],["property","quad"]],
		[0,["add","y"],0.175],
		[0,["set","quad"],["property","quadstore"]],
		[0,["set","customtimertimer"],0],
		[0,["subtract","currentcustomtimerstage"],9]
	],

	"spawnsound": "boomerang",

	"transforms": true,
	"transformsinto": "NIL",
	"transformtrigger": "animation",
	"transformanimation": "goodbyerays",

	"animationtriggeronspawn": "shake"
}