{
	"hidden":true,
	
	"width":0,
	"height":0,
	"active":false,

	"resistseverything":true,
	"freezable":false,

	"spawnsenemy":"goi move helper",
	"spawnenemydelays":[9e9999],

	"":"",
	"oldcollided":false,
	"total":0,
	"customtimer":[
		[0,"spawnenemy"],
		[0,["set","quadgroup"],["property","parent"]],
		[0,"setframe","playernumber"],
		[0,["set","sticktoplayer"],["property","quad"]],
		[0,"setframe","parent"],
		[0,["set","playerobj"],["property","quad"]],


		[0,["set","loopline"],["property","currentcustomtimerstage"]],
		[0,["set","customtimertimer"],0],


		[0,["set","quadgroup"],["property","playerobj"]],
		[0,"setframe","speedx"],
		[0,["set","plspeedx"],["property","quad"]],
		[0,"setframe","speedy"],
		[0,["set","plspeedy"],["property","quad"]],

		[0,"setframe","animation"],
		[0,["set","quadgroup"],{"axe":true,"flag":true,"intermission":true,"vine":true}],
		[0,"setframe",["property","quad"]],
		[0,["set","instantdelete"],["property","quad"]],


		[0,["set","climbpass"],false],
		[0,["set","quadgroup"],["property","playerobj"]],
		[0,"setframe","vine"],
		[0,["if",["property","quad"],"~=",false],["set","climbpass"],true],

		[0,["set","quadgroup"],["property","parent"]],

		[0,["set","xcol"],false],
		[0,["set","ycol"],false],

		[0,["if","climbpass","==",true],["add","currentcustomtimerstage"],2],
		[0,"setframe","quadi"],
		[0,["if","quad","==",1],["add","currentcustomtimerstage"],5],
			[0,["set","blowminspeedx"]],
			[0,["set","blowmaxspeedx"]],
			[0,["set","blowminspeedy"]],
			[0,["set","blowmaxspeedy"]],
			[0,["set","currentcustomtimerstage"],["property","loopline"]],


		[0,["set","doblow"],false],

		[0,"setframe","speedx"],
		[0,["set","pspeedx"],["property","quad"]],
		[0,"setframe","pspeedx"],
		[0,["subtract","pspeedx"],["property","quad"]],
		[0,"setframe","hammerspeedx"],
		[0,["set","hspeedx2"],["property","quad"]],
		[0,["set","hspeedx"],["property","quad"]],
		[0,["subtract","hspeedx"],["property","pspeedx"]],

		[0,["set","hspeedx3"],["property","hspeedx"]],
		[0,["abs","hspeedx3"]],
		[0,["multiplx","hspeedx3"],1000],
		[0,["floor","hspeedx3"]],
		[0,["divide","hspeedx3"],1000],


		[0,"setframe","speedy"],
		[0,["set","pspeedy"],["property","quad"]],
		[0,["set","pspeedy2"],["property","quad"]],
		[0,"setframe","pspeedy"],
		[0,["set","plspeedy2"],["property","quad"]],
		[0,["subtract","pspeedy"],["property","quad"]],
		[0,"setframe","hammerspeedy"],
		[0,["set","hspeedy2"],["property","quad"]],
		[0,["set","hspeedy"],["property","quad"]],
		[0,["subtract","hspeedy"],["property","pspeedy"]],

		[0,["set","hspeedy3"],["property","hspeedy"]],
		[0,["abs","hspeedy3"]],
		[0,["multiply","hspeedy3"],1000],
		[0,["floor","hspeedy3"]],
		[0,["divide","hspeedy3"],1000],

		[0,["set","targetx"],true],
		[0,["set","targety"],true],


		[0,"setframe","collided"],
		[0,["set","oldcollided"],["property","collided"]],
		[0,["set","collided"],["property","quad"]],

		[0,["if","oldcollided","==",true],["add","currentcustomtimerstage"],12],
		[0,["if",["property","collided"],"==",false],["add","currentcustomtimerstage"],11],
			[0,["set","var1"],["property","hspeedy"]],
			[0,["add","var1"],["property","hspeedx"]],
			[0,["divide","var1"],10],
			[0,["abs","var1"]],
			[0,["floor","var1"]],
			[0,["add","var1"],1],
			[0,["min","var1"],4],
			[0,["set","quadgroup"],["nosound","hammer sound 1","hammer sound 2","hammer sound 3"]],
			[0,"setframe",["property","var1"]],
			[0,["set","spawnsenemy"],["property","quad"]],
			[0,"spawnenemy"],

		[0,["if","plspeedy2","<",25],["add","currentcustomtimerstage"],1],
		[0,["if","plspeedy","==",0],"playsound","helmethit"],


	

		[0,["if","hspeedx3","==",0],["add","currentcustomtimerstage"],6],
			[0,["set","blowx"],["property","hspeedx"]],
			[0,["multiply","blowx"],-0.65],
			[0,["set","blowy"],["property","hspeedy2"]],
			[0,["multiply","blowy"],-1],
			[0,["set","doblow"],true],
			[0,["set","targetx"],false],

		[0,["if","hspeedy3","==",0],["add","currentcustomtimerstage"],6],
			[0,["set","blowy"],["property","hspeedy"]],
			[0,["multiply","blowy"],-0.65],
			[0,["set","blowx"],["property","hspeedx2"]],
			[0,["multiply","blowx"],-1],
			[0,["set","doblow"],true],
			[0,["set","targety"],false],



		[0,["if","doblow","==",true],["add","currentcustomtimerstage"],5],
			[0,["set","blowminspeedx"]],
			[0,["set","blowmaxspeedx"]],
			[0,["set","blowminspeedy"]],
			[0,["set","blowmaxspeedy"]],
			[0,["set","currentcustomtimerstage"],["property","loopline"]],


			[0,["if","targetx","==",true],["subtract","blowx"],["property","plspeedx"]],
			[0,["if","targety","==",true],["subtract","blowy"],["property","plspeedy"]],
			[0,["multiply","blowx"],30],
			[0,["multiply","blowy"],10],
			[0,["multiply","blowx"],["property","customtimertimer"]],
			[0,["multiply","blowy"],["property","customtimertimer"]],
			[0,["add","total"],["property","blowy"]],
			[0,["print","total"]],
			[0,["add","blowx"],["property","plspeedx"]],
			[0,["add","blowy"],["property","plspeedy"]],

			[0,["min","blowx"],15],
			[0,["max","blowx"],-15],

			[0,["set","var1"],["property","pspeedy2"]],
			[0,["if","targety","==",true],["set","var1"],0],
			[0,["add","var1"],-17.5],
			[0,["max","blowy"],["property","var1"]],


			[0,["set","xslow"],false],
			[0,["set","yslow"],false],

			[0,["if","targetx","==",true],["add","currentcustomtimerstage"],5],
				[0,["set","dirx1"],1],
				[0,["set","dirx2"],1],
				[0,["if","plspeedx","<",0],["set","dirx1"],-1],
				[0,["if","hspeedx","<",0],["set","dirx2"],-1],
				[0,["if","dirx1","==","dirx2"],["set","xslow"],true],

			[0,["if","targety","==",true],["add","currentcustomtimerstage"],5],
				[0,["set","diry1"],1],
				[0,["set","diry2"],1],
				[0,["if","blowy","<",0],["set","diry1"],-1],
				[0,["if","hspeedy","<",0],["set","diry2"],-1],
				[0,["if","diry1","==","diry2"],["set","yslow"],true],

			[0,["if","xslow","~=",true],["add","currentcustomtimerstage"],4],
				[0,["set","var1"],["property","blowx"]],
				[0,["multiply","var1"],["property","customtimertimer"]],
				[0,["multiply","var1"],30],
				[0,["subtract","blowx"],["property","var1"]],

			[0,["if","yslow","~=",true],["add","currentcustomtimerstage"],4],
				[0,["set","var1"],["property","blowy"]],
				[0,["multiply","var1"],["property","customtimertimer"]],
				[0,["multiply","var1"],30],
				[0,["subtract","blowy"],["property","var1"]],

			[0,["set","blowminspeedx"],["property","blowx"]],
			[0,["set","blowmaxspeedx"],["property","blowx"]],
			[0,["set","blowminspeedy"],["property","blowy"]],
			[0,["set","blowmaxspeedy"],["property","blowy"]],




		[0,["set","currentcustomtimerstage"],["property","loopline"]]
	]
}