{
	"hidden":true,
	
	"width":1,
	"height":1.0625,

	"static":true,
	"category":3,
	"mask":[	true, 
			true, true, false, false, true,
			true, true, true, true, true,
			true, true, true, true, true,
			true, true, true, false, true,
			true, true, false, true, true,
			false, true, true, true, true,
			false],
	"ignoregravity":true,
	"resistseverything":true,
	"freezable":false,
	"ignoreplatform":true,
	"stopsthwomps":true,

	"platformcollisonup":true,
	"platformcollisonleft":true,
	"platformcollisonright":true,
	"hollow":true,

	"customtimer":[
		[0,["set","quadgroup"],["property","parent"]],
		[0,"setframe","parent"],
		[0,["set","playerobj"],["property","quad"]],

		[0,["set","loopline"],["property","currentcustomtimerstage"]],
		[0,["set","customtimertimer"],0],

		[0,["set","quadgroup"],["property","playerobj"]],
		[0,"setframe","x"],
		[0,["set","x"],["property","quad"]],
		[0,["subtract","x"],0.125],
		[0,"setframe","y"],
		[0,["set","y"],["property","quad"]],
		[0,["add","y"],-1],
		[0,"setframe","height"],
		[0,["add","y"],["property","quad"]],


		[0,"setframe","speedx"],
		[0,["multiply","quad"],["property","customtimertimer"]],
		[0,["add","x"],["property","quad"]],

		[0,"setframe","speedy"],
		[0,["set","var1"],["property","quad"]],
		[0,"setframe","falling"],
		[0,["if",["property","quad"],"==",true],["add","currentcustomtimerstage"],2],
		[0,"setframe","jumping"],
		[0,["if",["property","quad"],"~=",true],["add","currentcustomtimerstage"],4],
			[0,"setframe","gravity"],
			[0,["if",["property","quad"],"notexists",""],["set","quad"],80],
			[0,["multiply","quad"],["property","customtimertimer"]],
			[0,["add","var1"],["property","quad"]],
		[0,["multiply","var1"],["property","customtimertimer"]],
		[0,["add","y"],["property","var1"]],


		[0,["set","currentcustomtimerstage"],["property","loopline"]]
	]
}