{
	"hidden":true,
	"quadcount":2,
	"nospritesets":true,
	
	"width":0.375,
	"height":0.375,

	"spawnchildren":["goi move","goi pot","goi pot 2"],
	"spawnchildrenparent":true,
	
	"category":3,
	"mask": [	true, 
			false, true, true, true, true,
			false, true, false, true, true,
			false, true, true, false, true,
			true, true, false, true, true,
			true, true, true, false, false,
			true, false, true, true, true,
			false],
	"resistseverything":true,
	"freezable":false,
	"ignoregravity":true,
	"dontenterclearpipes":true,
	"dontstoplasers":true,
	"doesntunrotate":true,
	"portalable":false,

	"portalsourcex":0,
	"portalsourcey":0,
	"portalgun":true,
	"playernumber":1,
	"pointingangle":0,

	"supersizeproperties":{
		"collided":true
	},

	"customtimer":[
		[0,["set","globalcollide"],["property","dosupersize"]],

		[0,["set","quadstore"],["property","quadgroup"]],
		[0,["set","quadgroup"],["property","parent"]],
		[0,"setframe","updateangle"],
		[0,["set","updateangle"],["property","quad"]],
		[0,"setframe","playernumber"],
		[0,["set","playernumber"],["property","quad"]],

		[0,"setframe","x"],
		[0,["set","x"],["property","quad"]],
		[0,"setframe","y"],
		[0,["set","y"],["property","quad"]],
		[0,["add","x"],0.375],
		[0,["add","y"],0.5],
		[0,["set","playerx"],["property","x"]],
		[0,["set","playery"],["property","y"]],


		[0,["set","loopline"],["property","currentcustomtimerstage"]],


		[0,["set","prex"],["property","x"]],
		[0,["set","prey"],["property","y"]],
		[0,["set","prespeedx"],["property","speedx"]],
		[0,["set","prespeedy"],["property","speedy"]],

		[0,["set","x"],-1],
		[0,["set","y"],-1],
		[0,["set","spawnenemy"],["property","updateangle"]],
		[0,"spawnenemy"],
		[0,["reverse","pointingangle"]],
		[0,["subtract","pointingangle"],1.57079633],
		[0,["set","x1"],["property","x"]],
		[0,["set","y1"],["property","y"]],
		[0,["cos","x2"],["property","pointingangle"]],
		[0,["sin","y2"],["property","pointingangle"]],
		[0,["add","x2"],["property","x1"]],
		[0,["add","y2"],["property","y1"]],

		[0,["set","y"],1],
		[0,"spawnenemy"],
		[0,["reverse","pointingangle"]],
		[0,["subtract","pointingangle"],1.57079633],
		[0,["set","x3"],["property","x"]],
		[0,["set","y3"],["property","y"]],
		[0,["cos","x4"],["property","pointingangle"]],
		[0,["sin","y4"],["property","pointingangle"]],
		[0,["add","x4"],["property","x3"]],
		[0,["add","y4"],["property","y3"]],

		[0,["set","spawnenemy"],["property","spawnstore"]],


		[0,["set","vard"],["property","x1"]],
		[0,["subtract","vard"],["property","x2"]],
		[0,["set","var1"],["property","y3"]],
		[0,["subtract","var1"],["property","y4"]],
		[0,["multiply","vard"],["property","var1"]],

		[0,["set","var1"],["property","y1"]],
		[0,["subtract","var1"],["property","y2"]],
		[0,["set","var2"],["property","x3"]],
		[0,["subtract","var2"],["property","x4"]],
		[0,["multiply","var1"],["property","var2"]],

		[0,["subtract","vard"],["property","var1"]],


		[0,["set","var1"],["property","x1"]],
		[0,["multiply","var1"],["property","y2"]],
			[0,["set","var2"],["property","y1"]],
			[0,["multiply","var2"],["property","x2"]],
		[0,["subtract","var1"],["property","var2"]],
			[0,["set","var2"],["property","x3"]],
			[0,["subtract","var2"],["property","x4"]],
		[0,["multiply","var1"],["property","var2"]],

		[0,["set","var2"],["property","x1"]],
		[0,["subtract","var2"],["property","x2"]],

		[0,["set","var3"],["property","x3"]],
		[0,["multiply","var3"],["property","y4"]],
			[0,["set","var4"],["property","y3"]],
			[0,["multiply","var4"],["property","x4"]],
		[0,["subtract","var3"],["property","var4"]],

		[0,["multiply","var2"],["property","var3"]],
		[0,["subtract","var1"],["property","var2"]],
		[0,["divide","var1"],["property","vard"]],
		[0,["set","mousex"],["property","var1"]],


		[0,["set","var1"],["property","x1"]],
		[0,["multiply","var1"],["property","y2"]],
			[0,["set","var2"],["property","y1"]],
			[0,["multiply","var2"],["property","x2"]],
		[0,["subtract","var1"],["property","var2"]],
			[0,["set","var2"],["property","y3"]],
			[0,["subtract","var2"],["property","y4"]],
		[0,["multiply","var1"],["property","var2"]],

		[0,["set","var2"],["property","y1"]],
		[0,["subtract","var2"],["property","y2"]],

		[0,["set","var3"],["property","x3"]],
		[0,["multiply","var3"],["property","y4"]],
			[0,["set","var4"],["property","y3"]],
			[0,["multiply","var4"],["property","x4"]],
		[0,["subtract","var3"],["property","var4"]],

		[0,["multiply","var2"],["property","var3"]],
		[0,["subtract","var1"],["property","var2"]],
		[0,["divide","var1"],["property","vard"]],
		[0,["set","mousey"],["property","var1"]],


		[0,["set","x"],["property","prex"]],
		[0,["set","y"],["property","prey"]],


		[0,["set","quadgroup"],["property","parent"]],
		[0,"setframe","customscissor"],
		[0,["set","customscissor"],["property","quad"]],

		[0,"setframe","speedx"],
		[0,["set","pspeedx"],["property","quad"]],
		[0,"setframe","speedy"],
		[0,["set","pspeedy"],["property","quad"]],

		[0,["set","oldplayerx"],["property","playerx"]],
		[0,["set","oldplayery"],["property","playery"]],

		[0,"setframe","x"],
		[0,["set","playerx"],["property","quad"]],
		[0,"setframe","y"],
		[0,["set","playery"],["property","quad"]],
		[0,["add","playerx"],0.375],
		[0,["subtract","playery"],1],
		[0,"setframe","height"],
		[0,["add","playery"],["property","quad"]],


		[0,["subtract","oldplayerx"],["property","playerx"]],
		[0,["abs","oldplayerx"]],
		[0,["subtract","oldplayery"],["property","playery"]],
		[0,["abs","oldplayery"]],


		[0,["set","varx"],["property","playerx"]],
		[0,["subtract","varx"],["property","mousex"]],
		[0,["add","varx"],-0.1875],

		[0,["set","vary"],["property","playery"]],
		[0,["subtract","vary"],["property","mousey"]],
		[0,["add","vary"],-0.1875],

		[0,["atan2","targetangle"],[["property","varx"],["property","vary"]]],
		[0,["reverse","targetangle"]],
		[0,["subtract","targetangle"],1.57079633],

		[0,["cos","varx"],["property","targetangle"]],
		[0,["sin","vary"],["property","targetangle"]],
		[0,["multiply","varx"],2.25],
		[0,["multiply","vary"],2.25],

		[0,["subtract","mousex"],["property","playerx"]],
		[0,["subtract","mousey"],["property","playery"]],

		[0,["abs","varx"]],
		[0,["abs","vary"]],
		[0,["min","mousex"],["property","varx"]],
		[0,["min","mousey"],["property","vary"]],
		[0,["reverse","varx"]],
		[0,["reverse","vary"]],
		[0,["max","mousex"],["property","varx"]],
		[0,["max","mousey"],["property","vary"]],

		[0,["add","mousex"],["property","playerx"]],
		[0,["add","mousey"],["property","playery"]],
		[0,["subtract","mousex"],0.1875],
		[0,["subtract","mousey"],0.1875],



		[0,["set","speedx"],["property","mousex"]],
		[0,["set","speedy"],["property","mousey"]],
		[0,["subtract","speedx"],["property","x"]],
		[0,["subtract","speedy"],["property","y"]],

		[0,["atan2","movedir"],[["property","speedx"],["property","speedy"]]],
		[0,["reverse","movedir"]],
		[0,["add","movedir"],1.57079633],


		[0,["set","varx"],["property","speedx"]],
		[0,["multiply","varx"],["property","varx"]],
		[0,["set","vary"],["property","speedy"]],
		[0,["multiply","vary"],["property","vary"]],
		[0,["add","varx"],["property","vary"]],
		[0,["sqrt","varx"]],

		[0,["set","var1"],["property","varx"]],
		[0,["-reverse","var1"]],
		[0,["-add","var1"],4.5],
		[0,["-print","var1"]],
		[0,["-subtract","var1"],["property","customtimertimer"]],
		[0,["max","var1"],0],
		[0,["divide","var1"],0.01666666667],
		[0,["set","var2"],2],
		[0,["pow","var2"],["property","var1"]],
		[0,["set","var3"],4.5],
		[0,["divide","var3"],["property","var2"]],
		[0,["-multiply","var3"],100000],
		[0,["-floor","var3"]],
		[0,["-divide","var3"],100000],
		[0,["subtract","varx"],["property","var3"]],
		[0,["divide","varx"],["property","customtimertimer"]],

		[0,["multiply","varx"],1],
		[0,["if","collided","==",true],["divide","varx"],1.5],
		[0,["-print","collided"]],
		[0,["-print","varx"]],
		[0,["min","varx"],40],



		[0,["cos","speedx"],["property","movedir"]],
		[0,["sin","speedy"],["property","movedir"]],
		[0,["multiply","speedx"],["property","varx"]],
		[0,["multiply","speedy"],["property","varx"]],
		[0,["if","collided","==",true],["min","speedx"],15],
		[0,["if","collided","==",true],["max","speedx"],-15],

		[0,["set","hammerspeedx"],["property","speedx"]],
		[0,["set","hammerspeedy"],["property","speedy"]],

		[0,["add","speedx"],["property","pspeedx"]],
		[0,["add","speedy"],["property","pspeedy"]],

		[0,["set","finalspeedx"],["property","speedx"]],
		[0,["set","finalspeedy"],["property","speedy"]],


		[0,["set","varx"],["property","playerx"]],
		[0,["subtract","varx"],["property","x"]],
		[0,["add","varx"],-0.1875],
		[0,["set","vary"],["property","playery"]],
		[0,["subtract","vary"],["property","y"]],
		[0,["add","vary"],-0.1875],
		[0,["atan2","rotation"],[["property","varx"],["property","vary"]]],
		[0,["reverse","rotation"]],
		[0,["subtract","rotation"],1.57079633],

		[0,["multiply","varx"],["property","varx"]],
		[0,["multiply","vary"],["property","vary"]],
		[0,["add","varx"],["property","vary"]],
		[0,["sqrt","varx"]],
		[0,["set","diststick"]],
		[0,["if","varx",">",5],["set","diststick"],true],




		[0,["set","quadgroup"],["property","parent"]],
		[0,"setframe","animation"],
		[0,["set","playeranim"],["property","quad"]],
		[0,["set","quadgroup"],{"axe":true,"flag":true,"intermission":true}],
		[0,"setframe",["property","playeranim"]],
		[0,["set","instantdelete"],["property","quad"]],

		[0,["set","animstick"]],
		[0,["set","quadgroup"],{
			"pipeleftexit":true,"piperightexit":true,"pipedownexit":true,"pipeupexit":true,
			"pipeleft":true,"piperight":true,"pipedown":true,"pipeup":true}],
		[0,"setframe",["property","playeranim"]],
		[0,["set","animstick"],["property","quad"]],

		[0,["set","quadi"],1],
		[0,["set","offx"],0],

		[0,["set","quadgroup"],["property","parent"]],
		[0,"setframe","animation"],
		[0,["if",["property","quad"],"==","vinestart"],["add","currentcustomtimerstage"],3],
		[0,["if",["property","quad"],"==","vine"],["add","currentcustomtimerstage"],2],
		[0,"setframe","vine"],
		[0,["if",["property","quad"],"==",false],["add","currentcustomtimerstage"],5],
			[0,"setframe","animationdirection"],
			[0,["set","quadgroup"],{"left":0.5,"right":-0.5}],
			[0,"setframe",["property","quad"]],
			[0,["set","offx"],["property","quad"]],
			[0,["add","currentcustomtimerstage"],11],

		[0,["if","diststick","==",true],["add","currentcustomtimerstage"],12],
		[0,["if","animstick","==",true],["add","currentcustomtimerstage"],11],
		[0,["if","oldplayerx",">",2],["add","currentcustomtimerstage"],10],
		[0,["if","oldplayery",">",2],["add","currentcustomtimerstage"],9],
		[0,"setframe","controlsenabled"],
		[0,["if","quad","~=",true],["add","currentcustomtimerstage"],7],
		[0,"setframe","active"],
		[0,["if","quad","==",false],["add","currentcustomtimerstage"],5],
		[0,"setframe","fence"],
		[0,["if",["property","quad"],"~=",false],["add","currentcustomtimerstage"],3],
		[0,"setframe","clearpipe"],
		[0,["if",["property","quad"],"notexists",""],["add","currentcustomtimerstage"],10],
		[0,["if",["property","quad"],"==",false],["add","currentcustomtimerstage"],9],
			[0,["set","x"],["property","playerx"]],
			[0,["add","x"],["property","offx"]],
			[0,["set","y"],["property","playery"]],
			[0,["add","x"],-0.1875],
			[0,["add","y"],-0.375],
			[0,["set","speedx"],0],
			[0,["set","speedy"],0],
			[0,["set","rotation"],-1.57079633],
			[0,["set","quadi"],2],

		[0,["set","quadgroup"],["property","quadstore"]],
		[0,"setframe",["property","quadi"]],
		[0,["set","collided"],false],
		[0,["set","falling"],true],
		[0,["set","customtimertimer"],0],
		[0,["set","currentcustomtimerstage"],["property","loopline"]]
	],

	"offsetX":3,
	"offsetY":5,
	"quadcenterX":33,
	"quadcenterY":4
}