{
	"quadcount": 1,
	"hidden":true,

	"movement": "path",
	"movementpath":[
		[0, 0],
		[0.1, 0.1],
		[0.2, 0.2],
		[0.3, 0.3],
		[0.4, 0.4],
		[0.5, 0.45],
		[0.6, 0.5],
		[0.7, 0.525],
		[0.8, 0.55],
		[0.9, 0.575],
		[1, 0.6],


		[1.1, 0.575],
		[1.2, 0.55],
		[1.3, 0.525],
		[1.4, 0.5],
		[1.5, 0.45],
		[1.6, 0.4],
		[1.7, 0.3],
		[1.8, 0.2],
		[1.9, 0.1],
		[2, 0]
	],
	"movementpathspeed":4.6,
	"movementpathturnaround":true,
	"movementpathoffsety":0,

	"gravity":0,
	"nocollidestops":true,

	"makesmariogrow": 6,
	"removeonmariocontact":true,

	"width": 0.75,
	"height": 0.75,
	
	"static": false,
	"active": true,
	
	"category": 6,
	
	"mask": [true,
		true, false, true, true, true,
		true, true, true, true, true,
		true, true, true, true, true,
		true, true, true, true, true,
		true, true, true, true, true,
		true, true, true, true, true,
		true],

	"autodelete": true,
	"resistseverything": true,

	"varspeed":1.3,
	"customtimer":[
		[0,["set","var1"],["property","varspeed"]],
		[0,["multiply","var1"],["property","customtimertimer"]],
		[0,["add","movementpathoffsety"],["property","var1"]],
		[0,["set","customtimertimer"],0]
	],
	
	"offsetX": 6,
	"offsetY": 3,
	"quadcenterX": 8,
	"quadcenterY": 8,

	"light": 1
}