{	
	"hidden": false,
	
	"quadcount": 5,
	"nospritesets": true,
	"drawback": true,

	"width": 1.75,
	"height": 1.75,

	"offsetX": 14,
	"offsetY": -4,
	"quadcenterX": 142,
	"quadcenterY": 132,
	"customscale": 0.15,
	
	"active": false,
	"category": 1,
	"mask": [true,
		false,true,true,true,true,
		true,true,true,true,true,
		true,true,true,true,true,
		true,true,true,true,true,
		true,true,true,true,true,
		true,true,true,true,true],

	"gravity": 40,

	"customtimer": [
		[0,["if","quadno","==",3],["set","offsetY"],-2],

		[0,["if","quadno","==",4],["set","width"],0.875],
		[0,["if","quadno","==",4],["set","height"],0.875],
		[0,["if","quadno","==",4],["set","offsetX"],7],
		[0,["if","quadno","==",4],["set","offsetY"],1],
		[0,["if","quadno","==",4],["set","customscale"],0.0625],
		[0,["if","quadno","==",4],["add","x"],0.4375],
		[0,["if","quadno","==",4],["add","y"],0.875],

		[0,["if","quadno","==",5],["set","offsetY"],4],
		[0,["if","quadno","==",5],["set","customscale"],0.2]
	],
	"dontloopcustomtimer": true,

	"rightclickmenu": ["quadno",1,2,3,4,5]
}