{	
	"spawnonload": true,
	"quadcount": 1,
	"nospritesets": true,
	"graphiccolor": [0,0,0,0],

	"width": 1,
	"height": 1,

	"offsetX": 8,
	"offsetY": 0,
	"quadcenterX": 8,
	"quadcenterY": 8,
	
	"static": true,
	"active": false,

	"positions": [[18,9],[11,24],[30,12],[45,23],[97,10],[121,29],[122,12],[137,23],[149,13],[164,21]],
	"primestable": [2,3,5,7,11,13,17,19,23,29,31,37,41,43,47,53,59],
	"postotal": 1,
	"pos": [0,0],

	"setlist": [
		[["quadno",1],["width",1.75], ["height",1.75], ["customscale",0.15],  ["offsetX",14],["offsetY",-4]],
		[["quadno",2],["width",1.75], ["height",1.75], ["customscale",0.15],  ["offsetX",14], ["offsetY",-2]],
		[["quadno",3],["width",0.875],["height",0.875],["customscale",0.0625],["offsetX",8],["offsetY",1]],
		[["quadno",4],["width",1.75], ["height",1.75], ["customscale",0.2],   ["offsetX",14],["offsetY",4]]
	],

	"index": 0,
	"posindex": 0,
	"customtimer": [
		[0,["set","instantdelete"],true],
		[0,["set","drawable"],false],
		[0,["add","index"],1],
		[0,["if","index",">",4],["set","customtimertimer"],0],

		[0,["set","resetline"],["property","currentcustomtimerstage"]],

		[0,["random","posindex"],10],
		[0,["ceil","posindex"]],

		[0,["set","quadgroup"],["property","primestable"]],
		[0,"setframe",["property","posindex"]],
		[0,["set","var1"],["property","postotal"]],
		[0,["mod","var1"],["property","quad"]],
		[0,["if","var1","==",0],["set","currentcustomtimerstage"],["property","resetline"]],
		[0,["multiply","postotal"],["property","quad"]],

		[0,["set","quadgroup"],["property","positions"]],
		[0,"setframe",["property","posindex"]],
		[0,["set","pos"],["property","quad"]],

		[0,["set","quadgroup"],["property","pos"]],
		[0,"setframe",1],
		[0,["set","x"],["property","quad"]],
		[0,["add","x"],-1],
		[0,"setframe",2],
		[0,["set","y"],["property","quad"]],
		[0,["add","y"],-1],

		[0,["set","quadgroup"],["property","setlist"]],
		[0,"setframe",["property","index"]],
		[0,["set","spawnsetparameters"],["property","quad"]],

		[0,"spawnenemy"]
	],

	"spawnsenemy": "endingbois",
	"spawnenemydelays": [99e99],
	"spawnsetparametersbeforespawn": true
}