{	
	"hidden": true,
	
	"quadcount": 8,
	"nospritesets": true,
	"drawback": true,

	"quadcenterX": 142,
	"quadcenterY": 132,
	
	"active": false,
	"category": 1,
	"mask": [true,
		true,true,true,true,true,
		true,true,true,true,true,
		true,true,true,true,true,
		true,true,true,true,true,
		true,true,true,true,true,
		true,true,true,true,true],
	"gravity": 40,

	"customtimer": [
		[0,"setframe",["property","quadno"]],
		[0,["if","quadno","==",3],["set","enemyneardist"],[0,0,0.875,0.875]]
	],
	"dontloopcustomtimer": true,

	"transforms": true,
	"transformsinto": "endingbois touch",
	"transformtrigger": "enemynear",
	"transformpassedparametersbeforespawn": true,
	"transformpassedparameters": ["quadno","width","height","customscale","offsetX","offsetY"],
	"enemynearcheck": "mushrock",
	"enemyneardist": [0,0,1.75,1.75]
}