{
	"hidden": true,

	"quadcount": 3,
	"nospritesets": true,

	
	"width": 2,
	"height": 2,
	"spawnoffsety": 0.75,

	"offsetX": 16,
	"offsetY": -8,
	"quadcenterX": 16,
	"quadcenterY": 16,
	
	"static": true,
	"activestatic": true,
	"gravity": 0,
	
	"category": 1,
	"mask": [true],
				
	"autodelete": true,

	"customtimer": [
		[0,["random","ex"],3],
		[0,["subtract","ex"],1.5],
		[0,["random","why"],3],
		[0,["subtract","why"],1.5],
		[0,["add","x"],["property","ex"]],
		[0,["add","y"],["property","why"]],
		[0,["subtract","y"],0.25]
	],
	"dontloopcustomtimer":true,
	
	"spawnsound":"boom",
	"resistseverything":true,
	"lifetime":0.2,

	"animationtype":"frames",
	"animationspeed":0.0666,
	"animationstart":1,
	"animationframes":3
}