{	
	"quadcount": 1,
	"nospritesets": true,
	"spawnonload": true,
	"graphiccolor": [0,0,0,0],

	"width": 0.75,
	"height": 0.75,

	"offsetX": 6,
	"offsetY": 4,
	"quadcenterX": 8,
	"quadcenterY": 8,

	"category": 6,
	"mask": [true, 
		true, false, true, true, true,
		true, true, true, true, true,
		true, true, true, true, true,
		true, true, true, true, true,
		true, true, true, true, true,
		true, true, true, true, true,
		true],

	"resistseverything":true,
	"nocollidestops":true,
	"sticktoplayer":1,
	"dontstopmario":true,

	"transformpassedparameters":["playerangle"],

	"customtimer":[
		[0,["set","drawable"],false],
		[0,["set","passivecollide"],["property","addoutput"]],
		[0,["set","customtimertimer"],0],
		[0,["set","quadgroup"],["property","outtable"]],
		[0,"setframe",1],
		[0,["set","quadgroup"],["property","quad"]],
		[0,"setframe",2],
		[0,["set","quadgroup"],["property","quad"]],
		[0,"setframe","updateangle"],
		[0,["set","playerangle"],["property","quad"]],

        [0,["set","x"],["property","startx"]],
        [0,["set","y"],["property","starty"]],
		[0,["set","customtimeraction"],["property","transform"]],
		[0,"shotgun idle"],
		[100,"wait"]
	]
}