{
	"hidden": true,

	"quadcount": 1,
	"nospritesets": true,
	"spawnonload": true,
	"showicononeditor": true,
	
	"width": 1.75,
	"height": 1.75,

	"animationscalex": 0.15,
	"animationscaley": 0.15,
	
	"offsetX": 14,
	"offsetY": -6,
	"quadcenterX": 132,
	"quadcenterY": 132,
	"spawnoffsety": -5,
	
	"static": false,
	"active": true,
	"gravity": 0,

	"category": 16,
	"mask": [true,
		true,false,false,false,true,
		false,true,false,true,false,
		false,false,false,false,true,
		true,true,false,false,false,
		false,true,true,false,false,
		true,false,true,true,true],

	"resistseverything": true,
	"notkilledfromblocksbelow": true,
	"dontstopmario": true,

	"movement": "homing",
	"homingspeed": 2,
	"homingturnspeed": 1,
	"starthomingrotationtowardsplayer": true,

	"customtimer": [
		[0,["add","homingspeed"],1],
		[0,["add","homingturnspeed"],0.5],
		[0,"spawnenemy"],
		[0.45,"wait"]
	],

	"spawnsenemy": "sneaky him shadow",
	"spawnenemydelays": [90000],

	"transforms": true,
	"transformsinto": "sneaky him teleport",
	"transformtrigger": "passivecollide",
	"transformtriggerobjectcollide": "player"
}