{
	"quadcount":4,
	"nospritesets":true,
	"hidden":true,

	"copypriority":true,
	"wcddeathproperties":{
		"nodeaththrow":true,
		"kill":true,
		"active":false
	},
	"wcdhealth":0,

	"animationtype":"frames",
	"animationstart":1,
	"animationframes":4,
	"animationspeed":0.05,
	"animationscalex":-1,

	"width":0.75,
	"height":0.75,

	"category":8,
	"mask":[	true, 
			false, true, true, true, true,
			false, true, false, false, true,
			false, false, true, false, true,
			true, true, false, true, true,
			true, true, true, false, true,
			true, false, true, true, true,
			false],
	"ignoreplatform":true,
	"trackable":false,
	"freezable":false,
	"regiontriggerexclude":true,
	"dontenterclearpipes":true,
	"dontstoplasers":true,
	"edible":true,
	"grabbable":true,
	"gravity":20,

	"lifetime":6,
	"reflects":true,
	"bounces":true,
	"bounceforce":10,

	"speedx":5,

	"spawnsound":"k ability star",

	"transforms":true,
	"transformsinto":"k star poof",
	"transformtrigger":["death","lifetime","collide"],

	"spawnsenemy":"k star bounce",
	"spawnenemydelays":[999],

	"supersizeproperties":{
		"spawnenemytimer":999,
	},

	"waterdamping":1,
	"watergravity":13,

	"noshotsound":true,
	"timer":0,
	"customtimer":[
		[0,["set","handlecollisiontransform"],["property","dosupersize"]],
		[0,["set","passivecollide"],["property","portaled"]],
		[0,["set","copyability"],["property","stateability"]],

		[0,["set","loopline"],["property","currentcustomtimerstage"]],

		[0,["if","water","~=",true],["add","currentcustomtimerstage"],4],
			[0,["min","speedy"],6],
			[0,["max","speedy"],-6],
			[0,["min","speedx"],3],
			[0,["max","speedx"],-3],

		[0,["add","timer"],["property","customtimertimer"]],
		[0,["if","timer",">",0.5],["set","wcdvulnerable"],true],

		[0,["set","customtimertimer"],0],
		[0,["set","currentcustomtimerstage"],["property","loopline"]]
	],
	"dontloopcustomtimer":true,

	"offsetX":6,
	"offsetY":2,
	"quadcenterX":8,
	"quadcenterY":8
}