{
	"hidden":true,

	"width":2.5,
	"height":2,

	"active":false,
	"activestatic":true,
	"static":true,
	"mask":[	true, 
			false, true, false, false, false,
			false, false, false, true, false,
			true, true, false, true, true,
			true, true, true, false, false,
			false, true, false, true, true,
			false, true, false, false, false,
			false],

	"ignoreplatform":true,
	"blowable":false,
	"resistseverything":true,
	"freezable":false,
	"hollow":true,
	"NOEXTERNALHORCOLLISIONS":true,
	"NOEXTERNALVERCOLLISIONS":true,
	"nointernalplatform":true,
	"ignorefaithplates":true,
	"regiontriggerexclude":true,
	"doesntpressbuttons":true,
	"dontstoplasers":true,

	"spawnsenemy":"k inhale mimic",
	"spawnenemydelays":[99e99],
	"spawnpassedparameters":["enemy","enemyname","state"],

	"diettable":{
		"bowser":true,
		"fire":true,
		"boomboom":true,
		"koopaling":true,
		"plantfire":"dietfire",
		"brofireball":true,
		"cannonball":true,
		"cannonballcannon":true,
		"angrysun":true,
		"skewer":true,
		"kingbill":true,
		"spring":true,
		"smallspring":true,
		"boo":true,
		"tile":true,
		"pixeltile":true,
		"clearpipesegment":true,
		"blocktogglebutton":true,
		"pbutton":true,
		"buttonblock":true,
		"pedestal":true,
		"longfire":true,
		"castlefirefire":true,
		"platform":true,
		"seesawplatform":true,
		"redseesaw":true,
		"donut":true,
		"vine":true,
		"ice":true,
		"grinder":true,
		"snakeblock":true,
		"checkpointflag":true,
		"flipblock":true,
		"door":true,
		"plantcreeper":true,
		"plantcreepersegment":true,
		"muncher":true,
		"box":true,
		"energycatcher":true,
		"energylauncher":true,
		"gel":true,
		"tilemoving":true,
		"yoshi":true,
		"frozencoin":true,
		"lightbridgebody":true,
		"screenboundary":true,
		"edgewrap":true,
		"ceilblocker":true,
		"cubedispenser":true,
		"geldispenser":true,
		"belt":true,
		"glados":true,
		"rocketturret":true,
		"portalwall":true,
		"torpedolauncher":true,
		"faithplate":true,
		"player":true,

		"drybones":"dietbones",
		"enemy":"ehnihmeez"
	},
	"ehnihmeez":{
		"fire":true,

		"^":"smm2 pack enemies",
		"zappabeamshield":true,
		"zappabeamstatic":true,
		"zappamainbeam":true,
		"zappabeamseg":true,

		"spinyspike":true,
		"piranhafire":true,
		"twisterwind":true,
		"twister":true,

		"oink sfx":true,

		"warpboxenter":true,
		"warpboxend":true,
		"warpboxexit":true,
		"warpboxdie":true,
		"warpboxanim":true,
		"warpboxexitanim":true,

		"^":"other enemies",
		"bball foot":true,
		"bball leg":true,
		"bball head":true,
	},
	"dietbones":{
		"boocrawler":true,
		"boocrawlerup":true
	},
	"dietfire":{
		"default":true,
		"1":true,
		"2":true,
		"4":true,
		"5":true,
		"6":true,
		"7":true,
		"8":true,
		"9":true,
		"magikoopa":true,
	},

	"specialkills":{
		"energyball":{
			"inedible":true,
			"active":false,
			"drawable":false,
			"destroy":true,
		},
		"turretrocket":{
			"delete":true,
			"inedible":true,
			"active":false,
			"drawable":false,
		},
		"enemy":{
			"inedible":true,
			"active":false,
			"drawable":false,
			"kill":true,
		},
		"gel":{
			"inedible":true,
			"destroy":true,
		},
		"icicle":{
			"nodeaththrow":true,
			"dontfreeze":true,
			"dontimpact":false,
			"active":false,
			"instantdelete":true
		},
		"core":{
			"instantdelete":true,
			"destroying":true,
			"active":false,
			"drawable":false,
		},
	},

	"generickill":{
		"inedible":true,
		"instantdelete":true,
		"drawable":false,
		"active":false,
		"shot":true
	},
	"outi":1,
	"doskip":1,
	"customtimer":[
		[0,["set","globalcollide"],["property","addoutput"]],
		[0,["set","active"],true],

		[0,["set","state"],["property","spawner"]],
		[0,["set","quadgroup"],["property","spawner"]],
		[0,"setframe","inwater"],
		[0,["set","inwater"],["property","quad"]],
		[0,["if","quad","==",true],["set","height"],1],
		[0,["if","quad","==",true],["set","width"],1.25],

		[0,"setframe","spawner"],
		[0,["set","quadgroup"],["property","quad"]],
		[0,"setframe","move"],
		[0,["set","quadgroup"],["property","quad"]],
		[0,"setframe","animdir"],
		[0,["set","dir"],["property","quad"]],

		[0,["set","quadgroup"],["property","spawner"]],
		[0,"setframe","spawnedenemies"],
		[0,["set","quadgroup"],["property","quad"]],
		[0,"setframe",1],
		[0,["set","self"],["property","quad"]],

		[0,["set","quadgroup"],["property","spawner"]],
		[0,"setframe","playerobj"],
		[0,["set","quadgroup"],["property","quad"]],
		[0,"setframe","characterdata"],
		[0,["set","quadgroup"],["property","quad"]],
		[0,"setframe","releasefunc"],
		[0,["set","releasefunc"],["property","quad"]],
		[0,["set","spawnstore"],["property","spawnenemy"]],


		[0,["set","sn"],["property","currentcustomtimerstage"]],
		[0,["add","sn"],2],
		[0,["add","currentcustomtimerstage"],6],
			[0,["set","quadgroup"],["property","outtable"]],
			[0,"setframe",3],
			[0,["if",["property","quad"],"notexists",""],["add","currentcustomtimerstage"],2],
				[0,["set","outtable"],["property","quad"]],
				[0,["set","outi"],3],
			[0,["set","customtimertimer"],0],



		[0,["set","sifti"],0],
		[0,["set","eating"]],
		[0,["set","eatcount"],0],

		[0,["set","ln2"],["property","currentcustomtimerstage"]],
		[0,["add","sifti"],1],
		[0,["set","quadgroup"],["property","spawnedenemies"]],
		[0,"setframe",["property","sifti"]],
		[0,["if",["property","quad"],"notexists",""],["add","currentcustomtimerstage"],9],
			[0,["set","quadgroup"],["property","quad"]],
			[0,"setframe","doesntcount"],
			[0,["if","quad","==",true],["add","currentcustomtimerstage"],3],
				[0,["set","stopwhendone"],true],
				[0,"setframe","rfoodvalue"],
				[0,["add","eatcount"],["property","quad"]],
			[0,"setframe","instantdelete"],
			[0,["if","quad","~=",true],["set","eating"],true],
			[0,["set","currentcustomtimerstage"],["property","ln2"]],
		[0,["if","stopwhendone","~=",true],["add","currentcustomtimerstage"],4],
			[0,["if","eating","==",true],["add","currentcustomtimerstage"],3],
				[0,["set","instantdelete"],true],
				[0,["set","active"],false],
				[0,["set","customtimertimer"],0],


		[0,["set","quadgroup"],["property","spawner"]],
		[0,"setframe","delete"],
		[0,["set","instantdelete"],["property","quad"]],
		[0,["if","quad","==",true],["set","active"],false],
		[0,["if","quad","==",true],["set","customtimertimer"],0],

		[0,["set","quadgroup"],["property","spawner"]],
		[0,"setframe","x"],
		[0,["set","x"],1.375],
		[0,["multiply","x"],["property","dir"]],
		[0,["add","x"],-0.875],
		[0,["add","x"],["property","quad"]],
		[0,["if","dir",">",0],["add","currentcustomtimerstage"],1],
			[0,["if","inwater","==",true],["add","x"],1.25],

		[0,"setframe","y"],
		[0,["set","y"],["property","quad"]],
		[0,["add","y"],-0.875],
		[0,["if","inwater","==",true],["add","y"],0.75],



		[0,["set","ln"],["property","currentcustomtimerstage"]],

		[0,["set","quadgroup"],["property","outtable"]],
		[0,"setframe",["property","outi"]],
		[0,["if",["property","quad"],"notexists",""],["set","currentcustomtimerstage"],["property","sn"]],
		[0,["add","outi"],1],
		[0,["set","quadgroup"],["property","quad"]],
		[0,["set","outtabletable"],["property","quad"]],

		[0,"setframe",1],
		[0,["set","enemyname"],["property","quad"]],
		[0,["set","quadgroup"],["property","diettable"]],
		[0,"setframe",["property","quad"]],
		[0,["if","quad","==",true],["set","currentcustomtimerstage"],["property","ln"]],
		[0,["set","diet"],["property","quad"]],



		[0,["set","quadgroup"],["property","outtabletable"]],
		[0,"setframe",2],
		[0,["set","enemy"],["property","quad"]],
		[0,["set","quadgroup"],["property","enemy"]],

		[0,["if","enemyname","~=","pokey"],["add","currentcustomtimerstage"],4],
			[0,"setframe","bodypart"],
			[0,["if","quad","==",true],["set","currentcustomtimerstage"],["property","ln"]],
			[0,"setframe","col"],
			[0,["if","quad","~=",true],["set","currentcustomtimerstage"],["property","ln"]],

		[0,"setframe","t"],
		[0,["if","quad","~=","wigglerchild"],["add","currentcustomtimerstage"],3],
			[0,"setframe","parent"],
			[0,["set","enemy"],["property","quad"]],
			[0,["set","quadgroup"],["property","quad"]],

		[0,"setframe","t"],
		[0,["if",["property","quad"],"notexists",""],["set","quad"],"default"],
		[0,["tostring","quad"]],
		[0,["set","enemyt"],["property","quad"]],

		[0,["set","quadgroup"],["property","self"]],
		[0,"setframe",["property","diet"]],
		[0,["if",["property","quad"],"notexists",""],["add","currentcustomtimerstage"],3],
			[0,["set","quadgroup"],["property","quad"]],
			[0,"setframe",["property","enemyt"]],
			[0,["if","quad","==",true],["set","currentcustomtimerstage"],["property","ln"]],


		[0,["set","quadgroup"],["property","enemy"]],
		[0,"setframe","active"],
		[0,["if","quad","~=",true],["set","currentcustomtimerstage"],["property","ln"]],
		[0,"setframe","edible"],
		[0,["if","enemyname","==","powblock"],["set","quad"],true],
		[0,["if","quad","==",true],["add","currentcustomtimerstage"],21],
			[0,"setframe","inedible"],
			[0,["if","quad","==",true],["set","currentcustomtimerstage"],["property","ln"]],
			[0,"setframe","explosion"],
			[0,["if","quad","==",true],["set","currentcustomtimerstage"],["property","ln"]],
			[0,"setframe","boss"],
			[0,["if","quad","==",true],["set","currentcustomtimerstage"],["property","ln"]],
			[0,"setframe","removeonmariocontact"],
			[0,["if","quad","~=",true],["add","currentcustomtimerstage"],4],
				[0,"setframe","givecoinondeath"],
				[0,["if","quad","==",false],["set","quad"]],
				[0,["if",["property","quad"],"exists",""],["set","currentcustomtimerstage"],["property","ln"]],
				[0,["add","currentcustomtimerstage"],2],
			[0,"setframe","resistseverything"],
			[0,["if","quad","==",true],["set","currentcustomtimerstage"],["property","ln"]],
			[0,"setframe","category"],
			[0,["if","quad","==",2],["set","currentcustomtimerstage"],["property","ln"]],
			[0,"setframe","mask"],
			[0,["if",["property","quad"],"notexists",""],["set","quad"],[]],
			[0,["set","quadgroup"],["property","quad"]],
			[0,"setframe",3],
			[0,["if","quad","==",true],["set","currentcustomtimerstage"],["property","ln"]],

		[0,["set","quadgroup"],["property","enemy"]],
		[0,"setframe","inhaleproperties"],
		[0,["if",["property","quad"],"notexists",""],["add","currentcustomtimerstage"],5],
			[0,["set","spawnenemy"],["property","releasefunc"]],
			[0,["set","oldb"],["property","quad"]],
			[0,["set","b"],["property","enemy"]],
			[0,"spawnenemy"],
			[0,["set","currentcustomtimerstage"],["property","ln"]],



		[0,["set","spawnenemy"],["property","releasefunc"]],
		[0,["set","b"],["property","enemy"]],
		[0,["set","quadgroup"],["property","specialkills"]],
		[0,"setframe",["property","enemyname"]],
		[0,["if",["property","quad"],"notexists",""],["set","quad"],["property","generickill"]],
		[0,["set","oldb"],["property","quad"]],
		[0,"spawnenemy"],
		[0,["set","quadgroup"],["property","enemy"]],
		[0,"setframe","speedx"],
		[0,["if",["property","quad"],"exists",""],["add","currentcustomtimerstage"],2],
			[0,["set","oldb"],{"speedx":0,"speedy":0}],
			[0,"spawnenemy"],

		[0,["if","enemyt","~=","wiggler"],["add","currentcustomtimerstage"],19],
			[0,["set","var1"],5],
			[0,["set","oldenemy"],["property","enemy"]],

			[0,["add","var1"],-1],
			[0,["if","var1","<=",0],["add","currentcustomtimerstage"],14],
				[0,["set","quadgroup"],["property","oldenemy"]],
				[0,"setframe","child"],
				[0,["set","quadgroup"],["property","quad"]],
				[0,"setframe",["property","var1"]],
				[0,["set","quadgroup"],["property","quad"]],
				[0,"setframe","shot"],
				[0,["if","quad","==",true],["subtract","currentcustomtimerstage"],9],
					[0,["set","spawnenemy"],["property","releasefunc"]],
					[0,["set","b"],["property","quadgroup"]],
					[0,"spawnenemy"],
					[0,["set","enemy"],["property","quadgroup"]],
					[0,["set","spawnenemy"],["property","spawnstore"]],
					[0,"spawnenemy"],
					[0,["subtract","currentcustomtimerstage"],16],

			[0,["set","enemy"],["property","oldenemy"]],


		[0,["set","spawnenemy"],["property","spawnstore"]],
		[0,"spawnenemy"],

		[0,["set","eating"],true],

		[0,["set","quadgroup"],["property","outtable"]],
		[0,"setframe",["property","outi"]],
		[0,["if",["property","quad"],"notexists",""],["set","currentcustomtimerstage"],["property","sn"]],
		[0,["set","quadgroup"],["property","quad"]],
		[0,"setframe",2],
		[0,["if","quad","==","enemy"],["add","outi"],1],

		[0,["set","currentcustomtimerstage"],["property","ln"]]
	]
}