{
	"quadcount":2,
	"quadi":1,
	"nospritesets":true,
	"hidden":true,

	"active":false,
	"resistseverything":true,

	"drawback":true,
	"animationscaley":1,
	"animationscalex":0,

	"width":0,
	"height":0,
	"doskip":2,


	"xspace":2.5,
	"xdist":0.5,
	"xspace2":1,
	"xdist2":2,

	"yspace":2,
	"ydist":1,
	"mouthy":0.1875,
	"customtimer":[
		[0,["set","qs"],["property","quadgroup"]],
		[0,["set","customtimertimer"],0],

		[0,["set","animationscalex"]],
		[0,["if",["property","parent"],"notexists",""],["set","parent"],["property","spawner"]],
		[0,["set","quadgroup"],["property","parent"]],
		[0,"setframe","inwater"],
		[0,["if","quad","~=",true],["add","currentcustomtimerstage"],8],
			[0,["set","mouthy"],0.375],
			[0,["set","xspace"],1.5],
			[0,["set","xdist"],0],
			[0,["set","xspace2"],0.5],
			[0,["set","xdist2"],1],
			[0,["set","yspace"],1],
			[0,["set","ydist"],0.5],
			[0,["set","quadi"],2],
			

		[0,"setframe","move"],
		[0,["set","quadgroup"],["property","quad"]],
		[0,"setframe","animdir"],
		[0,["set","dir"],["property","quad"]],
		[0,"setframe","fancyinhale"],
		[0,["set","fancy"],["property","quad"]],







		[0,["set","resetline"],["property","currentcustomtimerstage"]],


		[0,["set","xmomentum"],0.5],
		[0,["reverse","animationscaley"]],

		[0,["random","xoffset"],["property","xspace"]],
		[0,["add","xoffset"],["property","xdist"]],

		[0,["set","xspace"],["property","xspace2"]],
		[0,["set","xdist"],["property","xdist2"]],

		[0,["random","yoffset"],["property","yspace"]],
		[0,["subtract","yoffset"],["property","ydist"]],
		[0,["random","ytimer"],6.28318531],
		


		[0,["set","loopline"],["property","currentcustomtimerstage"]],


		[0,["add","xmomentum"],["property","customtimertimer"]],
		[0,["set","var1"],["property","xmomentum"]],
		[0,["multiply","var1"],["property","customtimertimer"]],
		[0,["subtract","xoffset"],["property","var1"]],


		[0,["if","xoffset","<=",0.125],["set","currentcustomtimerstage"],["property","resetline"]],


		[0,["if","fancy","~=",true],["add","currentcustomtimerstage"],10],
			[0,["set","var1"],["property","xoffset"]],
			[0,["sqrt","var1"]],
			[0,["pow","var1"],-1],
			[0,["multiply","var1"],["property","customtimertimer"]],
			[0,["multiply","var1"],6],
			[0,["add","ytimer"],["property","var1"]],
			[0,["sin","yoffset"],["property","ytimer"]],
			[0,["multiply","yoffset"],["property","xoffset"]],
			[0,["divide","yoffset"],2],
			[0,["add","currentcustomtimerstage"],3],

		[0,["set","var1"],["property","yoffset"]],
		[0,["multiply","var1"],["property","customtimertimer"]],
		[0,["subtract","yoffset"],["property","var1"]],
		
		[0,["set","var1"],["property","xoffset"]],
		[0,["multiply","var1"],["property","dir"]],

		[0,["set","quadgroup"],["property","parent"]],
		[0,"setframe","x"],
		[0,["add","quad"],0.375],
		[0,["set","x"],["property","quad"]],
		[0,["add","x"],["property","var1"]],
		[0,"setframe","y"],
		[0,["add","quad"],["property","mouthy"]],
		[0,["set","y"],["property","quad"]],
		[0,["add","y"],["property","yoffset"]],

		[0,"setframe","delete"],
		[0,["set","instantdelete"],["property","quad"]],

		[0,["set","quadgroup"],["property","qs"]],
		[0,"setframe",["property","quadi"]],
		[0,["set","customtimertimer"],0],
		[0,["multiply","customtimertimer"],5],
		[0,["set","currentcustomtimerstage"],["property","loopline"]]
	],

	"offsetX":0,
	"offsetY":8,
	"quadcenterX":2,
	"quadcenterY":2
}