{
	"hidden":true,
	"width":0,
	"height":0,
	"active":false,
	"resistseverything":true,
	"ignoreplatform":true,
	"blowable":false,

	"spawnsenemy":"k inhale sound 1",
	"spawnenemydelays":[99e99],
	"spawnsetparameters":[["spawnsound",false]],
	"spawnsetparametersbeforespawn":true,

	"spawnsound":"k inhale sound manager",
	"stopsoundondeath":true,

	"repeattimer":0.967,

	"customtimer":[
		[0,"spawnenemy"],

		[0,["set","quadgroup"],["property","parent"]],
		[0,"setframe","delete"],
		[0,["set","kill"],["property","quad"]],
		[0,["if","quad","==",true],["set","customtimertimer"],0],

		[0,["subtract","repeattimer"],["property","customtimertimer"]],
		[0,["if","repeattimer",">",0],["add","currentcustomtimerstage"],7],
			[0,["set","quadgroup"],["property","spawnedenemies"]],
			[0,"setframe",1],
			[0,["set","quadgroup"],["property","quad"]],
			[0,"setframe","sound"],
			[0,["set","sound"],["property","quad"]],
			[0,"playsound",["property","t"]],
			[0,["set","repeattimer"],0.1],

		[0,["set","customtimertimer"],0],
		[0,["set","currentcustomtimerstage"],1]
	],
}