{
	"quadcount":4,
	"nospritesets":true,
	"hidden":true,

	"animationtype":"frames",
	"animationstart":1,
	"animationframes":4,
	"animationspeed":0.05,

	"active":false,
	"resistseverything":true,
	"ignoreplatform":true,
	"blowable":false,

	"drawback":true,

	"xmomentum":0,
	"foodvalue":1,

	"specialpresets":{
		"fire":{"ability":"fire"},
		"fireflower":{"ability":"fireflower"},
		"needle":{"ability":"needle"},
		"hammer":{"ability":"hammer"},
		"ice":{"ability":"ice"},
		"stone":{"ability":"stone"},
		"sleep":{"ability":"sleep"},
		"spark":{"ability":"spark"},
		"cutter":{"ability":"cutter"},
		"bomb":{"ability":"bomb"},
		"wheel":{"ability":"wheel"},
		"ball":{"ability":"ball"},
		"impact":{"ability":"impact"},
		"sword":{"ability":"sword"},
		"wing":{"ability":"wing"},
		"hurts":{"hurts":true},
	},

	"builtinenemies":{
		"flower":"fireflower",
		"spikey":"needle",
		"spikeyhalf":"needle",
		"spikeyegg":"needle",
		"poisonmushroom":"hurts",
		"upfire":"fire",
		"hammerbros":"hammer",
		"-hammer":"hammer",
		"kooparedflying":"wing",
		


		"^":"smm2 pack enemies because they're popular (So many ids tho)",
		"blastamechakoopa":"bomb",
		"blastamechakoopaded":"bomb",
		"blastamechakoopadie":"bomb",
		"blastamechakooparest":"bomb",
		"blastamechakoopashoot":"bomb",
		"blastamechakoopaawake":"bomb",
		"blastabullet":"bomb",
		"blastabulletbig":"bomb",

		"zappamechakoopa":"spark",
		"zappamechakoopaded":"spark",
		"zappamechakoopadie":"spark",
		"zappamechakooparest":"spark",
		"zappamechakoopashoot":"spark",
		"zappamechakoopaawake":"spark",

		"spiny":"needle",
		"smm2spiny":"needle",
		"spinywater":"needle",
		"spinywinged":"needle",
		"spinyparachute":"needle",
		"spinywingedparachute":"needle",

		"stingby":"needle",
		"stingbychase":"needle",
		"spiketopblue":"needle",

		"firepiranhafloor":"fire",
		"piranharoof (2)":"fire",

		"rottenmushroom":"hurts",
		"flyingrottenmushroom":"hurts",
		"hammerpowerup":"hammer",
		"progressivehammerpowerup":"hammer",
		"flyinghammer":"hammer",
		"flyingflower":"fire",


		"^":"enemies by me",
		"stabothers":"sword",
		"stabup":"sword",
		"kab omb":"bomb",
		"kab omb lit":"bomb",
		"kab omb fly":"bomb",
		"octoomba":"stone",
		"octoomba rock":"stone",
		"broozer":"impact",
		"lightningbros":"spark",
		"leyer":{"ability":"mirror"},
		"fire snake":"fire",
		"hammer bro":"hammer",


		"lightning flower":"spark",
		"cool laser":{"ability":"light"},
		"ice flower":"ice",
		"wing medallion":"cutter",
		"lightning rod":"spark"
	},
	"smbsobjs":{
		"key":{
			"doesntcount":true,
			"key":true,
		},
		"dkhammer":"hammer",
		"wing":"wing",
		"luckystar":{"ability":"crash"},
	},
	"blankbros":{
		"hammer":"hammer",
		"big":"impact",
		"fire":"fire",
		"ice":"ice",
		"boomerang":"cutter",
	},
	"plants":{"fireplant":"fire"},
	"flowers":{
		"fire":"fireflower",
		"ice":"ice",
		"tanookisuit":"stone",
		"boomerang":"cutter",
		"superball":"ball",
		"carrot":"wing",
		"feather":"wing",
		"blueshell":{"ability":"shield"},
	},
	"goombas":{
		"spikey":"needle",
		"spikeyfall":"needle",
		"bigspikey":"needle",
		"spiketop":"needle",
		"spiketopup":"needle",
		"-paragoomba":"wing"
	},
	"koopas":{
		"spikeyshell":"needle",
		"downspikey":"needle",
		"redflying":"wing",
		"flying2":"wing",
	},
	"dryboneses":{
		"drybeetle":"needle"
	},
	"balls":{
		"spike":"needle",
		"snow":"ice"
	},
	"poakiez":{
		"pokey":"needle",
		"snowpokey":"ice"
	},
	"fishies":{
		"3":"sleep"
	},
	"fuzzy":{
		"amp":"spark"
	},
	"beetz":{
		"parabeetlegreenright":{"ability":"williamfrogisthebest"}
	},

	"specialobjs":{
		"enemy":"builtinenemies",
		"smbsitem":"smbsobjs",
		"hammerbro":"blankbros",
		"plant":"plants",
		"flower":"flowers",
		"goomba":"goombas",
		"koopa":"koopas",
		"drybones":"dryboneses",
		"spikeball":"balls",
		"pokey":"poakiez",
		"cheep":"fishies",
		"amp":"fuzzy",
		"parabeetle":"beetz",
		"plantfire":"ball",

		"threeup":{
			"threelives":true,
			"addlife":true
		},
		"levelball":{
			"doesntcount":true,
			"levelball":true
		},

		"mushroom":{"addhealth":true},
		"oneup":{"addlife":true},
		"star":{"givestar":true},
		"poisonmush":"hurts",
		"hammersuit":"hammer",

		"upfire":"fire",
		"-hammer":"hammer",
		"thwomp":"stone",
		"meteor":"stone",
		"turret":"spark",
		"energyball":"spark",
		"-boomerang":"cutter",
		"bomb":"bomb",
		"turretrocket":"bomb",
		"barrel":"wheel",
		"magikoopa":{"ability":"beam"},
		"powblock":{"ability":"crash"},
	},

	"powerups":[false,false,"fireflower","hammer",false,false,"ice",false,"stone","wing","wing",false,"ball","shield","cutter"],
	"thewordlaser":"laser",

	"width":0,
	"height":0,
	"speedmult":1,
	"mouthy":0.1875,
	"customtimer":[
		[0,["set","qg"],["property","quadgroup"]],
		[0,["set","qs"],["property","quad"]],
		[0,["set","quadgroup"],["property","state"]],
		[0,"setframe","spawner"],
		[0,["set","quadgroup"],["property","quad"]],
		[0,"setframe","move"],
		[0,["set","quadgroup"],["property","quad"]],
		[0,"setframe","animdir"],
		[0,["set","dir"],["property","quad"]],
		[0,"setframe","playerobj"],
		[0,["set","player"],["property","quad"]],
		[0,"setframe","inwater"],
		[0,["set","inwater"],["property","quad"]],
		[0,["if","quad","==",true],["set","mouthy"],0.3125],

		[0,["set","drawable"],true],

		[0,["set","quadgroup"],["property","enemy"]],
		[0,"setframe","x"],
		[0,["set","x"],["property","quad"]],
		[0,"setframe","y"],
		[0,["set","y"],["property","quad"]],
		[0,"setframe","width"],
		[0,["set","foodvalue"],["property","quad"]],
		[0,["set","shortside"],["property","quad"]],
		[0,["divide","quad"],2],
		[0,["add","x"],["property","quad"]],
		[0,"setframe","height"],
		[0,["multiply","foodvalue"],["property","quad"]],
		[0,["min","shortside"],["property","quad"]],
		[0,["divide","quad"],2],
		[0,["add","y"],["property","quad"]],
		[0,["multiply","foodvalue"],["property","shortside"]],
		[0,["pow","foodvalue"],0.333333333333333333],

		[0,["set","quadgroup"],["property","enemy"]],
		[0,"setframe","foodvalue"],
		[0,["if",["property","quad"],"exists",""],["set","foodvalue"],["property","quad"]],

		[0,["set","rfoodvalue"],["property","foodvalue"]],
		[0,["divide","rfoodvalue"],0.75],
		[0,["floor","rfoodvalue"]],
		[0,["multiply","rfoodvalue"],0.75],
		[0,["max","rfoodvalue"],0.375],

		[0,"setframe","t"],
		[0,["if","quad","==","wigglerchild"],["set","rfoodvalue"],0.1875],

		[0,"setframe","light"],
		[0,["set","light"],["property","quad"]],

		[0,["set","speedmult"],["property","foodvalue"]],
		[0,["multiply","speedmult"],2],
		[0,["sqrt","speedmult"]],
		[0,["divide","speedmult"],6.12372435],
		[0,["if","inwater","==",true],["multiply","speedmult"],1.25],

		[0,"setframe","inhaleeffect"],
		[0,["if",["property","quad"],"notexists",""],["add","currentcustomtimerstage"],5],
			[0,["set","spawnsenemy"],["property","quad"]],
			[0,"setframe","inhaleeffectoffsety"],
			[0,["set","spawnenemyoffsety"],["property","quad"]],
			[0,"spawnenemy"],
			[0,["set","spawnsenemy"]],


		[0,["set","quadgroup"],["property","player"]],
		[0,"setframe","characterdata"],
		[0,["set","quadgroup"],["property","quad"]],
		[0,"setframe","momentuminhale"],
		[0,["if","quad","~=",true],["add","currentcustomtimerstage"],7],
			[0,["set","quadgroup"],["property","enemy"]],
			[0,"setframe","speedx"],
			[0,["if",["property","quad"],"notexists",""],["set","quad"],0],
			[0,["set","xmomentum"],["property","quad"]],
			[0,["multiply","xmomentum"],["property","dir"]],
			[0,["multiply","xmomentum"],-1],
			[0,["multiply","xmomentum"],["property","speedmult"]],



		[0,["set","quadgroup"],["property","enemy"]],
		[0,"setframe","quad"],
		[0,["if",["property","quad"],"notexists",""],["add","currentcustomtimerstage"],98],
			[0,["set","animationtype"]],
			[0,["set","qs"],["property","quad"]],

			[0,"setframe","inhaleframe"],
			[0,["if",["property","quad"],"notexists",""],["add","currentcustomtimerstage"],6],
				[0,["set","var1"],["property","quad"]],
				[0,"setframe","quadgroup"],
				[0,["set","quadgroup"],["property","quad"]],
				[0,"setframe",["property","var1"]],
				[0,["set","qs"],["property","quad"]],
				[0,["set","quadgroup"],["property","enemy"]],

			[0,"setframe","graphic"],
			[0,["set","graphic"],["property","quad"]],
			[0,"setframe","quadcenterX"],
			[0,["set","quadcenterX"],["property","quad"]],
			[0,"setframe","quadcenterY"],
			[0,["set","quadcenterY"],["property","quad"]],
			[0,"setframe","offsetY"],
			[0,["set","offsetY"],["property","quad"]],
			[0,"setframe","offsetX"],
			[0,["set","offsetX"],["property","quad"]],
			[0,"setframe","supersized"],
			[0,["if",["property","quad"],"notexists",""],["set","quad"],1],
			[0,["set","enemysize"],["property","quad"]],


			[0,"setframe","width"],
			[0,["divide","quad"],["property","enemysize"]],
			[0,["multiply","quad"],16],
			[0,["divide","quad"],2],
			[0,["subtract","quad"],["property","offsetX"]],
			[0,["add","quad"],["property","quadcenterX"]],
			[0,["set","var1"],["property","quad"]],
			[0,["subtract","var1"],["property","quadcenterX"]],
			[0,["abs","var1"]],
			[0,["if","var1","<",8],["add","currentcustomtimerstage"],3],
				[0,["add","offsetX"],["property","quad"]],
				[0,["subtract","offsetX"],["property","quadcenterX"]],
				[0,["set","quadcenterX"],["property","quad"]],

			[0,"setframe","height"],
			[0,["divide","quad"],["property","enemysize"]],
			[0,["multiply","quad"],16],
			[0,["divide","quad"],2],
			[0,["add","quad"],["property","offsetY"]],
			[0,["add","quad"],["property","quadcenterY"]],
			[0,["subtract","quad"],8],
			[0,["set","var1"],["property","quad"]],
			[0,["subtract","var1"],["property","quadcenterY"]],
			[0,["abs","var1"]],
			[0,["if","var1","<",8],["add","currentcustomtimerstage"],3],
				[0,["add","offsetY"],["property","quadcenterY"]],
				[0,["subtract","offsetY"],["property","quad"]],
				[0,["set","quadcenterY"],["property","quad"]],

			[0,["-print","offsetY"]],

			[0,["subtract","offsetY"],8],
			[0,["multiply","offsetY"],["property","enemysize"]],
			[0,["add","offsetY"],8],
			[0,["multiply","offsetX"],["property","enemysize"]],

			[0,"setframe","height"],
			[0,["multiply","quad"],-8],
			[0,["add","quad"],8],
			[0,["subtract","quad"],["property","offsetY"]],
			[0,["divide","quad"],16],
			[0,["subtract","mouthy"],["property","quad"]],

			[0,"setframe","animationscalex"],
			[0,["if",["property","quad"],"notexists",""],["set","quad"],1],
			[0,["if",["property","quad"],"==",false],["set","quad"],1, "this line exists just for magikoopas"],
			[0,["set","animationscalex"],["property","quad"]],
			[0,"setframe","animationscaley"],
			[0,["if",["property","quad"],"notexists",""],["set","quad"],1],
			[0,["set","animationscaley"],["property","quad"]],
			[0,"setframe","customscale"],
			[0,["if",["property","quad"],"notexists",""],["set","quad"],1],
			[0,["multiply","animationscalex"],["property","quad"]],
			[0,["multiply","animationscaley"],["property","quad"]],
			[0,"setframe","animationdirection"],
			[0,["set","animationdirection"],["property","quad"]],
			[0,"setframe","rotation"],
			[0,["set","rotation"],["property","quad"]],

			[0,"setframe","width"],
			[0,["multiply","quad"],8],
			[0,["subtract","offsetX"],["property","quad"]],
			[0,"setframe","height"],
			[0,["multiply","quad"],8],
			[0,["add","offsetY"],["property","quad"]],

			[0,["abs","animationscalex"]],
			[0,["set","minscalex"],["property","animationscalex"]],
			[0,"setframe","width"],
			[0,["divide","quad"],1],
			[0,["divide","minscalex"],["property","quad"]],
			[0,["min","minscalex"],["property","animationscalex"]],
			[0,["set","scalexmult"],["property","animationscalex"]],
			[0,["divide","scalexmult"],["property","minscalex"]],

			[0,["abs","animationscaley"]],
			[0,["set","minscaley"],["property","animationscaley"]],
			[0,"setframe","height"],
			[0,["divide","quad"],1],
			[0,["divide","minscaley"],["property","quad"]],
			[0,["min","minscaley"],["property","animationscaley"]],
			[0,["set","scaleymult"],["property","animationscaley"]],
			[0,["divide","scaleymult"],["property","minscaley"]],


		[0,["set","quadgroup"],["property","state"]],
		[0,"setframe","x"],
		[0,["add","quad"],0.375],
		[0,["subtract","quad"],["property","x"]],
		[0,["multiply","quad"],["property","dir"]],
		[0,["reverse","quad"]],
		[0,["set","xoffset"],["property","quad"]],
		[0,"setframe","y"],
		[0,["add","quad"],["property","mouthy"]],
		[0,["subtract","quad"],["property","y"]],
		[0,["reverse","quad"]],
		[0,["set","yoffset"],["property","quad"]],


		[0,["set","quadgroup"],["property","spawner"]],
		[0,"setframe","spawnedenemies"],
		[0,["set","quadgroup"],["property","quad"]],
		[0,"setframe",1],
		[0,["set","basicallyself"],["property","quad"]],

		[0,["set","quadgroup"],["property","enemy"]],
		[0,"setframe","t"],
		[0,["if","enemyname","==","cheep"],"setframe","color"],
		[0,["if",["property","quad"],"notexists",""],["set","quad"],"default"],
		[0,["tostring","quad"]],
		[0,["set","enemyt"],["property","quad"]],


		[0,["set","quadgroup"],["property","specialobjs"]],
		[0,"setframe",["property","enemyname"]],
		[0,["set","specialdata"],["property","quad"]],
		[0,["set","quadgroup"],["property","basicallyself"]],
		[0,"setframe",["property","quad"]],
		[0,["if",["property","quad"],"notexists",""],["add","currentcustomtimerstage"],3],
			[0,["set","quadgroup"],["property","quad"]],
			[0,"setframe",["property","enemyt"]],
			[0,["set","specialdata"],["property","quad"]],

		[0,["if",["property","specialdata"],"notexists",""],["set","specialdata"],[]],
		[0,["set","quadgroup"],["property","specialpresets"]],
		[0,"setframe",["property","specialdata"]],
		[0,["if",["property","quad"],"exists",""],["set","specialdata"],["property","quad"]],
		
		[0,["set","quadgroup"],["property","specialdata"]],
		[0,"setframe","doesntcount"],
		[0,["set","doesntcount"],["property","quad"]],
		[0,"setframe","ability"],
		[0,["set","ability"],["property","quad"]],


		[0,["set","quadgroup"],["property","enemy"]],
		[0,"setframe","doesntcount"],
		[0,["if",["property","quad"],"exists",""],["set","doesntcount"],["property","quad"]],
		[0,"setframe","makesmarioshoot"],
		[0,["if",["property","quad"],"exists",""],["add","currentcustomtimerstage"],6],
			[0,"setframe","makesmariogrow"],
			[0,["if",["property","quad"],"notexists",""],["add","currentcustomtimerstage"],4],
				[0,["set","quadgroup"],["property","powerups"]],
				[0,"setframe",["property","quad"]],
				[0,["if",["property","quad"],"~=",false],["set","ability"],["property","quad"]],
				[0,["set","quadgroup"],["property","enemy"]],
		[0,"setframe","copyability"],
		[0,["if","quad","==","starrod"],["set","quad"]],
		[0,["if","quad","==","stabknife"],["set","quad"],"sword"],
		[0,["if","quad","==","thewordlaser"],["set","quad"],"light"],
		[0,["if",["property","quad"],"exists",""],["set","ability"],["property","quad"]],
		[0,"setframe","copypriority"],
		[0,["set","abilitypriority"],["property","quad"]],

		[0,["set","loopline"],["property","currentcustomtimerstage"]],


		[0,["set","quadgroup"],["property","player"]],
		[0,"setframe","speedx"],
		[0,["multiply","quad"],["property","dir"]],
		[0,["multiply","quad"],["property","customtimertimer"]],
		[0,["if","inwater","==",true],["add","currentcustomtimerstage"],1],
		[0,["if","speedmult",">",0.25],["add","currentcustomtimerstage"],1],
		[0,["subtract","xoffset"],["property","quad"]],

		[0,["divide","customtimertimer"],["property","speedmult"]],

		[0,["add","xmomentum"],["property","customtimertimer"]],
		[0,["set","var1"],["property","xmomentum"]],
		[0,["multiply","var1"],["property","customtimertimer"]],
		[0,["subtract","xoffset"],["property","var1"]],
		[0,["max","xoffset"],0.125],

		[0,["if",["property","animationtype"],"exists",""],["add","currentcustomtimerstage"],19],
			[0,["set","var1"],1],
			[0,["divide","var1"],["property","xoffset"]],
			[0,["min","var1"],2],

			[0,["set","var2"],["property","animationscalex"]],
			[0,["multiply","var2"],["property","scalexmult"]],

			[0,["set","dt"],["property","customtimertimer"]],
			[0,["divide","dt"],3],
			[0,["multiply","dt"],["property","var1"]],
			[0,["multiply","dt"],["property","var2"]],
			[0,["subtract","animationscalex"],["property","dt"]],
			[0,["max","animationscalex"],["property","minscalex"]],


			[0,["set","var2"],["property","animationscaley"]],
			[0,["multiply","var2"],["property","scaleymult"]],

			[0,["set","dt"],["property","customtimertimer"]],
			[0,["divide","dt"],3],
			[0,["multiply","dt"],["property","var1"]],
			[0,["multiply","dt"],["property","var2"]],
			[0,["subtract","animationscaley"],["property","dt"]],
			[0,["max","animationscaley"],["property","minscaley"]],

		[0,["set","var2"],1.75],
		[0,["divide","var2"],["property","xoffset"]],
		[0,["min","var2"],2.5],


		[0,["set","var1"],["property","yoffset"]],
		[0,["multiply","var1"],["property","customtimertimer"]],
		[0,["multiply","var1"],["property","var2"]],
		[0,["multiply","var1"],1.5],
		[0,["subtract","yoffset"],["property","var1"]],
		
		[0,["set","var1"],["property","xoffset"]],
		[0,["multiply","var1"],["property","dir"]],

		[0,["set","quadgroup"],["property","state"]],
		[0,"setframe","x"],
		[0,["add","quad"],0.375],
		[0,["set","x"],["property","quad"]],
		[0,["add","x"],["property","var1"]],
		[0,"setframe","y"],
		[0,["add","quad"],["property","mouthy"]],
		[0,["set","y"],["property","quad"]],
		[0,["add","y"],["property","yoffset"]],


		[0,["set","quadgroup"],["property","state"]],
		[0,"setframe","delete"],
		[0,["if","xoffset","<=",0.125],["set","instantdelete"],true],
		[0,["set","var1"],["property","yoffset"]],
		[0,["abs","var1"]],
		[0,["if","var1",">",0.125],["set","instantdelete"],false],
		[0,["if","quad","==",true],["set","instantdelete"],true],
		[0,["if","instantdelete","~=",true],["add","currentcustomtimerstage"],11],
			[0,["set","spawnenemy"],["property","output"]],
			[0,["if","doesntcount","~=",true],["add","currentcustomtimerstage"],6],
				[0,["set","quadgroup"],["property","specialdata"]],
				[0,"setframe","levelball"],
				[0,["set","droplevelballondeath"],["property","quad"]],
				[0,"setframe","key"],
				[0,["set","givekeyondeath"],["property","quad"]],
				[0,["if","quad","==",true],["set","deathsound"],"key"],
			[0,"spawnenemy"],
			[0,["set","drawable"]],
			[1,""],

		[0,["set","quad"],["property","qs"]],
		[0,["if",["property","animationtype"],"notexists",""],["add","currentcustomtimerstage"],2],
			[0,["set","quadgroup"],["property","qg"]],
			[0,"setframe",["property","quadi"]],
		[0,["set","customtimertimer"],0],
		[0,["set","currentcustomtimerstage"],["property","loopline"]]
	],

	"offsetX":0,
	"offsetY":8,
	"quadcenterX":8,
	"quadcenterY":8
}