{
	"quadcount":4,
	"nospritesets":true,
	"hidden":true,

	"animationtype":"frames",
	"animationstart":1,
	"animationframes":4,
	"animationspeed":0.05,

	"width":0.25,
	"height":0.25,

	"active":true,
	"category":13,
	"mask":[	true, 
			false, true, true, true, true,
			false, true, true, true, true,
			false, true, true, true, true,
			true, true, false, true, true,
			true, true, true, false, true,
			true, false, true, true, true,
			true],
	"resistseverything":true,
	"ignoreplatform":true,
	"blowable":false,
	"freezable":false,
	"ignoregravity":true,
	"gravity":0,
	"regiontriggerexclude":true,
	"resistsspikes":true,
	"ignorefaithplate":true,
	"doesntunrotate":true,
	"doesntpressbuttons":true,
	"dontenterclearpipes":true,
	"ignorequicksand":true,
	"dontstoplasers":true,
	"trackable":false,
	"NOEXTERNALHORCOLLISIONS":true,
	"NOEXTERNALVERCOLLISIONS":true,

	"mirrorprojectile":true,

	"lifetime":1.25,

	"spawnsound":"k star spit",

	"transforms":true,
	"transformsinto":"k star poof",
	"transformtrigger":["collide","lifetime"],
	"transformsetparameters":[["spawnchildren",["k star hit"]]],
	"transformsetparametersbeforespawn":true,
	"transformsoffsety":0.25,
	"breaksblocks":true,
	"hitsflipblocks":true,
	"nohitsound":true,
	"dotransformaftercollision":true,

	"spawnoffsety":-0.375,

	"spawnsenemy":"k hitbox",
	"spawnenemydelays":[99e99],
	"hitoffx":-0.25,
	"hitoffy":-0.25,
	"hitoffwidth":0.5,
	"hitoffheight":0.5,
	"damage":4,
	"iframe":0,
	"knockx":9,
	"knocky":-8,
	"singleuse":true,

	"customtimer":[
		[0,["set","knockx"],["property","speedx"]],
		[0,["divide","knockx"],2],

		[0,"spawnenemy"],
		[0,["set","qs"],["property","quadgroup"]],

		[0,["set","loopline"],["property","currentcustomtimerstage"]],

		[0,["set","quadgroup"],["property","spawnedenemies"]],
		[0,"setframe",1],
		[0,["set","quadgroup"],["property","quad"]],
		[0,"setframe","instantdelete"],
		[0,["if","quad","~=",true],["add","currentcustomtimerstage"],4],
			[0,["set","transformsetparameters"]],
			[0,["set","playsound"],["property","transform"]],
			[0,"playsound",["property","transformsinto"]],
			[1,""],

		[0,["set","quadgroup"],["property","qs"]],
		[0,"setframe",["property","quadi"]],
		[0,["set","customtimertimer"],0],
		[0,["set","transforms"],true],
		[0,["set","nocollidestops"]],
		[0,["set","currentcustomtimerstage"],["property","loopline"]]
	],
	"dontloopcustomtimer":true,

	"offsetX":2,
	"offsetY":6,
	"quadcenterX":8,
	"quadcenterY":8
}