{	
	"width":-0.7,
	"height":-0.7,
	"hidden":true,

	"active":false,
	"static":true,
	"category": 6,
	"mask": [	true,
			true, false, true, true, true,
			true, true, true, true, true,
			true, true, true, true, true,
			true, true, true, true, true,
			true, true, true, true, true,
			true, true, true, true, true,
			true],	
	"resistseverything":true,
	"freezable":false,
	"blowable":false,
	"ignoreplatform":true,
	"doesntpressbuttons":true,
	"dontstoplasers":true,
	"dontenterclearpipes":true,
	"regiontriggerexclude":true,
	"removeonmariocontact":true,

	"spawnsenemy":"k swallow helper",
	"spawnenemydelays":[99e99],
	"spawnsetparameters":[
		["givesalife",true],
		["customtimer",[
			[0,["set","customtimertimer"],["property","inactivetime"]],
			[0,["set","active"],true]
		]]
	],
	"spawnpassedparameters":["inactivetime","sticktoplayer"],

	"killsonpassiveignorestar":true,
	"inactivetime":-0.15,
	"thewordenemy":"enemy",
	"customtimer":[
		[0.2,["set","instantdelete"],true],
		[0,["set","active"],"true"],
		[0,["if","enemyname","~=","thewordenemy"],["add","currentcustomtimerstage"],9],
			[0,["set","quadgroup"],["property","enemy"]],
			[0,"setframe","makesmariogrow"],
			[0,["set","makesmariogrow"],["property","quad"]],
			[0,"setframe","givesalife"],
			[0,["set","givesalife"],["property","quad"]],
			[0,"setframe","makesmariostar"],
			[0,["set","makesmariostar"],["property","quad"]],
			[0,"setframe","poison"],
			[0,["set","killsonpassive"],["property","quad"]],


		[0,["set","quadgroup"],["property","mimic"]],
		[0,"setframe","ability"],
		[0,["if",["property","quad"],"exists",""],["set","makesmariogrow"]],

		[0,["set","quadgroup"],["property","specialdata"]],
		[0,"setframe","addhealth"],
		[0,["if","quad","==",true],["set","makesmariogrow"],["property","quad"]],
		[0,"setframe","addlife"],
		[0,["if","quad","==",true],["set","givesalife"],["property","quad"]],
		[0,"setframe","givestar"],
		[0,["if","quad","==",true],["set","makesmariostar"],["property","quad"]],
		[0,"setframe","hurts"],
		[0,["if","quad","==",true],["set","killsonpassive"],["property","quad"]],

		[0,"setframe","threelives"],
		[0,["if","quad","~=",true],["add","currentcustomtimerstage"],500],
			[0,"spawnenemy"],
			[0,["set","inactivetime"],-0.3],
			[0,"spawnenemy"]
	],
	"dontloopcustomtimer":true,
}