{
	"quadcount":4,
	"nospritesets":true,
	"hidden":true,

	"animationtype":"frames",
	"animationstart":1,
	"animationframes":4,
	"animationspeed":0.1,
	"dontmirror":true,

	"doesntunrotate":true,

	"width":1,
	"height":1,


	"active":false,
	"resistseverything":true,
	"ignoreplatform":true,
	"blowable":false,

	"lifetime":0.4,
	"spawnoffsety":0.125,

	"transforms":false,

	"spawnsenemy":"k hitbox",
	"spawnenemydelays":[99e99],
	"hitoffx":0,
	"hitoffy":0,
	"hitoffwidth":0,
	"hitoffheight":0,

	"damage":0.5,
	"iframe":0.2,
	"knockx":9,
	"knocky":-8,

	"friction":5,
	"verticalfriction":5,
	"customtimer":[
		[0,["set","qs"],["property","quadgroup"]],
		[0,["set","knockx"],["property","spawnenemyoffsetx"]],
		[0,["set","knocky"],["property","spawnenemyoffsety"]],
		[0,["multiply","knockx"],2],
		[0,["multiply","knocky"],2],
		[0,"spawnenemy"],

		[0,["set","speedx"],["property","spawnenemyoffsetx"]],
		[0,["multiply","speedx"],5],
		[0,["set","speedy"],["property","spawnenemyoffsety"]],
		[0,["multiply","speedy"],5],


		[0,["set","loopline"],["property","currentcustomtimerstage"]],


		[0,["set","var1"],["property","speedx"]],
		[0,["multiply","var1"],["property","customtimertimer"]],
		[0,["add","x"],["property","var1"]],
		[0,["set","var1"],["property","speedy"]],
		[0,["multiply","var1"],["property","customtimertimer"]],
		[0,["add","y"],["property","var1"]],

		[0,["set","quadgroup"],["property","spawner"]],
		[0,"setframe","delete"],
		[0,["set","instantdelete"],["property","quad"]],

		[0,["set","quadgroup"],["property","qs"]],
		[0,"setframe",["property","quadi"]],
		[0,["set","customtimertimer"],0],
		[0,["set","currentcustomtimerstage"],["property","loopline"]]
	],

	"offsetX":8,
	"offsetY":0,
	"quadcenterX":8,
	"quadcenterY":8
}