{
	"hidden": true,
	
	"quadcount": 12,
	"nospritesets": true,
	"drawback": true,
	"spawnonload": true,

	"width": 1,
	"height": 5,
		
	"offsetX": 8,
	"offsetY": -32,
	"quadcenterX": 8,
	"quadcenterY": 64,
 
	"static": true,
	"active": true,

	"category": 7,
	"mask": [true,true,false,true,true,true,true],

	"restistseverything": true,
	"removeonmariocontact": true,
	"dontstopmario": true,

	"positions": [[9,15,4,2], [27,13,8,2], [43,13,8,1], [89,14,3,1], [117,13,7,2], [162,22,3,1]],

	"ladderinfo": 0,
	"customtimer": [
		[0,["set","quadgroupstore"],["property","quadgroup"]],
		[0,["set","quadgroup"],["property","positions"]],
		[0,["random","ladderinfo"],["property","positions"]],
		[0,["set","quadgroup"],["property","ladderinfo"]],
		[0,"setframe",1],
		[0,["set","x"],["property","quad"]],
		[0,"setframe",2],
		[0,["set","y"],["property","quad"]],
		[0,"setframe",3],
		[0,["set","length"],["property","quad"]],
		[0,"setframe",4],
		[0,["set","type"],["property","quad"]],

		[0,["set","regionX"],["property","x"]],
		[0,["set","regionY"],["property","y"]],
		[0,["set","regionwidth"],1],
		[0,["set","regionheight"],["property","length"]],
		[0,["set","func"],"change to 1"],
		[0,["set","spawnenemy"],["property","trigger"]],
		[0,"spawnenemy"],

		[0,["set","regionheight"],1],
		[0,["set","func"],"change to 268"],
		[0,"spawnenemy"],

		[0,["set","quadgroup"],["property","quadgroupstore"]],
		[0,["set","frame"],["property","length"]],
		[0,["set","ksdkswk"],["property","type"]],
		[0,["add","ksdkswk"],-1],
		[0,["multiply","ksdkswk"],6],
		[0,["add","frame"],["property","ksdkswk"]],
		[0,["add","frame"],-2],
		[0,"setframe",["property","frame"]],
		[0,["set","dwd"],["property","length"]],
		[0,["subtract","dwd"],3],
		[0,["multiply","dwd"],8],
		[0,["subtract","offsetY"],["property","dwd"]],
		[0,["add","offsetY"],16],

		[0,["add","x"],-1],
		[0,["add","y"],-0.995],
		[0,["set","height"],["property","length"]]
	],
	"dontloopcustomtimer": true,

	"transforms": true,
	"transformsinto": "mischeif him ladder reveal",
	"transformtrigger": "mariocontact",
	"transformpassedparameters": ["quad","quadi","x","y","height","offsetY"]
}