{
	"hidden": true,
	
	"quadcount": 1,
	"nospritesets": true,
	"spawnonload": true,
	"showicononeditor": true,
	
	"width": 0.875,
	"height": 0.875,
	
	"offsetX": 7,
	"offsetY": 1,
	"quadcenterX": 128,
	"quadcenterY": 128,
	"animationscalex": -0.0625,
	"animationscaley": 0.0625,
	
	"static": false,
	"active": true,
	"gravity": 80,
	"friction": 4,

	"autodelete": false,

	"category": 6,
	"mask": [true, 
		false, true, true, false, true,
		false, true, false, true, false,
		false, false, false, false, true,
		true, true, false, false, false,
		false, true, true, false, false,
		true, false, true, true, true],

	"facesplayer": true,

	"resistsfire": true,
	"resistsstar": true,
	"freezable": false,
	"resistsshoe": true,
	"resistspow": true,
	"laserresistant": true,
	"notkilledfromblocksbelow": true,

	"spawnsound": "mischeif him",

	"customtimer": [
		[3.5,["set","speedy"],-8],
		[0,["set","mask"],[
			true, 
			true, true, true, false, true,
			false, true, false, true, false,
			false, false, false, false, true,
			true, true, false, false, false,
			false, true, true, false, false,
			true, false, true, true, true
		]]
	]
}