{
	"quadcount": 4,
	"nospritesets": true,

	"width": 0.75,
	"height": 0.75,
 
	"static": true,
	"active": true,

	"movement": "flyvertical",
	"flyingtime": 2.5,
	"flyingdistance": -0.4,
	"spawnoffsetY": -0.2,
	
	"mask": [true,
		true, false, true, true, true,
		true, true, true, true, true,
		true, true, true, true, true,
		true, true, true, true, true,
		true, true, true, true, true,
		true, true, true, true, true],
 
	"emancipatecheck": false,
	"autodelete": false,
	"resistseverything": true,
	
	"removeonmariocontact": true,
	"dontstopmario": true,
	 
	"offsetX": 7,
	"offsetY": 1,
	"quadcenterX": 10,
	"quadcenterY": 10,

	"light": 1,

	"transforms": true,
	"transformsinto": "sneaky him",
	"transformtrigger": "death",

	"customtimer": [
		[0, ["random", "frame"], [1,2,3,4]],
		[0, "setframe", ["property", "frame"]]
	],
	"dontloopcustomtimer": true
}