{
	"trackable": false,
	"dontEnterClearPipes":true,
	"hidden": true,
	"regiontriggerexclude":true,
	
	"quadcount": 1,
	"animationtype": "none",
	"lifetime":4,

	"width": 1,
	"height": 2,

	"active": true,
	
	"speedy":30,

	"category": 1,
	"nospritesets":true,
	"spawnoffsety":0,
	
	"transforms":true,
	"transformsinto":["nothing","epicdanceuniversekickeykick","none"],
	"transformtrigger":["animation","collide","collide"],
	"transformtriggerenemycollide":["returning cappy","epicdanceuniversekickeykick"],
	"transformanimation":["cappydown"],
	

	"mask": [false,
	false,false,true,false],
	"resistseverything": true,
	"noCollideStops":true,
	"platformpush":false,

	"sticktonearestplayer":true,
	"sticktoplayeroffsetY":0.125,
	"sticktoplayeroffsetx":0,

	"gravity": 0,
	"offsetx": 8,
	"offsety": 0,
	"quadcenterx": 8,
	"quadcentery": 8,
}