{
	"trackable": false,
	"dontEnterClearPipes":true,
	"hidden": true,

	"_spawnsound":"coin",
	
	"quadcount": 1,
	"animationtype": "none",
	"lifetime": 0.08,
	"regiontriggerexclude":true,

	"width": 0.75,
	"height": 1.7,

	"active": true,
	"blowable":false,

	"category": 1,
	"nospritesets":true,
	
	"spawnsenemy":"you jumped",
	"spawnenemydelays":[0.02],

	"mask": [true,
	false,false,false,false],
	"resistseverything": true,
	"noCollideStops":true,
	"platformpush":false,
	"stickToNearestPlayer":true,
	"sticktoplayeroffsetx":0,
	"sticktoplayeroffsety":0.1,
	
	"transforms":false,
	"transformtrigger":"collide",
	"transformtriggerenemycollide":["runpress"],
	"transformsinto":"jumppress",



	"gravity": 0,
	"offsetx": 8,
	"offsety": 0,
	"quadcenterx": 8,
	"quadcentery": 8,
}