{
	"trackable": false,
	"dontEnterClearPipes":true,
	"hidden": true,
	"regiontriggerexclude":true,
	
	"quadcount": 1,
	"animationtype": "none",

	"width": 0.75,
	"height": 1.5,

	"active": true,
	"blowable":false,

	"category": 1,
	"nospritesets":true,
	"spawnoffsety":0,
	
	"transforms":true,
	"transformsinto":["kickfilter","none"],
	"transformtrigger":["animation","animation"],
	"transformanimation":["kickedtwice","omgroundland"],

	"dontstopmario":true,
	

	"mask": [true,
		false,false,true,true,true,
		false,true,false,false,true,
		false, true, true, false, true,
		true, true, false, true, true,
		false, true, true, false, true,
		true, false, true, true, true, true],
	"resistseverything": true,
	"noCollideStops":false,
	"platformpush":false,

	"sticktonearestplayer":true,
	"sticktoplayeroffsetY":0,
	"sticktoplayeroffsetx":0,

	"customtimer":[
		[0.01,["set","speedy"],0.1]
	],

	"gravity": 0,
	"offsetx": 8,
	"offsety": 0,
	"quadcenterx": 8,
	"quadcentery": 8,
}