{
	"trackable": false,
	"dontEnterClearPipes":true,
	"hidden": true,
	
	"quadcount": 1,
	"animationtype": "none",
	"lifetime": 0.1,
	"regiontriggerexclude":true,

	"width": 0.75,
	"height": 1.6,

	"active": true,
	"blowable":false,

	"category": 1,
	"nospritesets":true,
	

	"mask": [false,
	false,false,true,false],
	"resistseverything": true,
	"noCollideStops":true,
	"platformpush":false,
	"stickToNearestPlayer":true,
	"sticktoplayeroffsetx":0,
	"sticktoplayeroffsety":0.1,
	
	"transforms":false,

	"gravity": 0,
	"offsetx": 8,
	"offsety": 0,
	"quadcenterx": 8,
	"quadcentery": 8,
}