{
	"trackable": false,
	"dontEnterClearPipes":true,
	"hidden": true,
	"regiontriggerexclude":true,
	
	"quadcount": 1,
	"animationtype": "none",

	"_spawnsound":"thwomp",

	"width": 0.75,
	"height": 1.5,

	"active": true,
	"blowable":false,
	
	"category": 3,
	"nospritesets":true,
	"spawnoffsety":0,
	
	"transforms":true,
	"transformsinto":"none",
	"transformtrigger":"collide",
	"transformtriggerenemycollide":"you double jumped",
	"transformanimation":"omgroundland",

	"dontstopmario":true,
	

	"mask": [false,
		false,false,true,true,true,
		false,true,false,false,true,
		false, true, true, false, true,
		true, true, false, true, true,
		false, true, true, false, true,
		true, false, true, true, true, true],
	"resistseverything": true,
	"noCollideStops":false,
	"platformpush":false,

	"sticktonearestplayer":true,
	"sticktoplayeroffsetY":0,
	"sticktoplayeroffsetx":0,

	"customtimer":[
		[0.05,["set","transformsinto"],"you landed"],
		[0,["set","transformtrigger"],"animation"],
		[0,["set","transformtriggerenemycollide"],false],
		[0,["set","customtimer"],[
			[0.01,["set","speedy"],0.1]
		]]
	],

	"gravity": 0,
	"offsetx": 8,
	"offsety": 0,
	"quadcenterx": 8,
	"quadcentery": 8,
}