{
	"trackable": false,
	"dontEnterClearPipes":true,
	"hidden": true,
	
	"quadcount": 1,
	"animationtype": "none",
	"lifetime": 0.08,
	"regiontriggerexclude":true,

	"_spawnsound":"switch",

	"width": 0.75,
	"height": 1.7,

	"active": true,
	"blowable":false,

	"category": 1,
	"nospritesets":true,

	"mask": [true,
	false,false,false,false],
	"resistseverything": true,
	"noCollideStops":true,
	"platformpush":false,

	"stickToNearestPlayer":true,
	"sticktoplayeroffsetx":0,
	"sticktoplayeroffsety":0.1,
	
	"transforms":true,
	"transformsinto":"none",
	"transformtrigger":"collide",
	"transformtriggerenemycollide":"you double landed",

	"gravity": 0,
	"offsetx": 8,
	"offsety": 0,
	"quadcenterx": 8,
	"quadcentery": 8,
}