{
	"trackable": false,
	"dontEnterClearPipes":true,
	"hidden": true,
	
	"quadcount": 1,
	"animationtype": "none",
	"lifetime": 0,
	"regiontriggerexclude":true,

	"spawnsound":"jump",

	"width": 0.75,
	"height": 15,

	"active": true,

	"category": 3,
	"nospritesets":true,
	"spawnoffsety":0,
	

	"mask": [true,
	false,false,true,false],
	"resistseverything": true,
	"noCollideStops":true,
	"platformpush":false,

	"gravity": 0,
	"offsetx": 6,
	"offsety": -6,
	"quadcenterx": 6,
	"quadcentery": 11,
}