{
	"trackable": false,
	"dontEnterClearPipes":false,
	"hidden": true,
	
	"quadcount": 1,
	"animationtype": "frames",
	"animationstart":1,
	"animationspeed":50,
	"animationframes":1,
	"quadno":1,
	"regiontriggerexclude":true,

	"width": 0.75,
	"height": 0.75,

	"active": true,

	"speedx":0,

	"category": 3,
	"nospritesets":true,
	

	"mask": [false,
		false,true,true,true,true,
		false,true,false,false,true,
		false, true, true, false, true,
		true, true, false, true, true,
		false, false, true, false, true,
		true, false, true, true, true, true],
	"resistseverything": true,
	"noCollideStops":false,
	"platformpush":false,
	"stickToNearestPlayer":false,

	"teleportnearestplayer":true,
	
	"transforms":true,
	"transformtrigger":["collide","collide","collide"],
	"transformtriggerenemycollide":["attempt flip","leftpress","rightpress"],
	"transformsinto":["flip test","walk left","walk right"],
	"transformpassedparameters":["speedx","speedy","rotation","animationtimer"],

	"customtimer":[
		[0.02,["set","speedx"],0]
	],

	"gravitydirection":4.71238898038,
	"gravity":-80,
	"rotation":3.14159,

	"offsetx": 6,
	"offsety": -3,
	"quadcenterx": 6,
	"quadcentery": 11,
}