{
	"trackable": false,
	"dontEnterClearPipes":true,
	"hidden": true,
	
	"quadcount": 1,
	"animationtype": "frames",
	"animationstart":1,
	"animationspeed":50,
	"animationframes":1,
	"quadno":1,
	"lifetime": 0.25,
	"regiontriggerexclude":true,

	"width": 0.75,
	"height": 0.75,

	"active": true,

	"category": 3,
	"nospritesets":true,
	

	"mask": [true,
		false,true,true,true,true,
		false,true,false,false,true,
		false, true, true, false, true,
		true, true, false, true, true,
		false, false, true, false, true,
		true, false, true, true, true, true],
	"resistseverything": true,
	"noCollideStops":false,
	"platformpush":false,
	"stickToNearestPlayer":false,

	"teleportnearestplayer":true,
	
	"transforms":true,
	"transformtrigger":"floorcollide",
	"transformsinto":"fall up",
	"transformpassedparameters":["speedx"],
	"transformsetparameters":[
		["spawnoffsety",-0.25]
	],
	"transformsetparametersbeforespawn":true,

	"customtimer":[
		[0.001,["add","speedy"],0.1]
	],
	"dontloopcustomtimer":true,
	"offsetx": 6,
	"offsety": 5.5,
	"quadcenterx": 6,
	"quadcentery": 11,
}