{
	"trackable": false,
	"dontEnterClearPipes":true,
	"hidden": true,
	
	"quadcount": 1,
	"animationtype": "none",
	"regiontriggerexclude":true,

	"width": 0.75,
	"height": 2,

	"active": true,

	"category": 1,
	"nospritesets":true,
	
	"dontstopmario":true,
	"mask": [true,
	true,false,true,true],
	"resistseverything": true,
	"noCollideStops":true,
	"platformpush":false,
	"stickToNearestPlayer":true,
	"sticktoplayeroffsetx":0,
	"sticktoplayeroffsety":-1,
	
	"transforms":false,

	"gravity": 0,
	"offsetx": 8,
	"offsety": 0,
	"quadcenterx": 8,
	"quadcentery": 8,
}