{
	"trackable": false,
	"dontEnterClearPipes":true,
	"hidden": true,
	"dontmirror":true,
	
	"quadcount": 2,
	"animationtype": "frames",
	"animationstart":1,
	"animationspeed":0.075,
	"animationframes":2,
	"lifetime": 0.025,
	"regiontriggerexclude":true,

	"width": 0.75,
	"height": 0.75,

	"active": true,

	"speedx":7,

	"category": 3,
	"nospritesets":true,
	

	"mask": [false,
		false,true,true,true,true,
		false,true,false,false,true,
		false, true, true, false, true,
		true, true, false, true, true,
		false, false, true, false, true,
		true, false, true, true, true, true],
	"resistseverything": true,
	"noCollideStops":false,
	"platformpush":false,

	"teleportnearestplayer":true,
	
	"transforms":true,
	"transformtrigger":["collide","lifetime"],
	"transformtriggerenemycollide":["attempt flip"],
	"transformsinto":["flip test","fall up"],
	"transformpassedparameters":["speedx","speedy","rotation","animationtimer"],

	"customtimer":[
		[0.01,["set","speedx"],7]
	],

	"gravitydirection":4.71238898038,
	"gravity":-80,
	"dontloopcustomtimer":true,

	"offsetx": 6,
	"offsety": -3,
	"quadcenterx": 6,
	"quadcentery": 11,
}