{
	"quadcount":9,
	"nospritesets":true,
	"hidden":true,

	"width":0,
	"height":0,
	"active":false,
	"doesntunrotate":true,

	"animationtype":"mirror",
	"animationspeed":0.08,

	"spawnsenemy":"k hitbox",
	"spawnenemydelays":[99e99],
	"damagetype":"electric",
	"hitoffx":-0.125,
	"hitoffy":-0.125,
	"hitoffwidth":0.25,
	"hitoffheight":0.25,
	"damage":0.625,
	"iframe":0.15,
	"knockx":0,
	"knocky":-2,

	"offsetX":0,
	"offsetY":8,
	"quadcenterX":6,
	"quadcenterY":-6,

	"dir":"y",
	"letterx":"x",
	"lettery":"y",
	"customtimer":[
		[0,"spawnenemy"],
		[0,["set","qs"],["property","quadgroup"]],
		[0,["subtract","rotation"],1.57079633],
		[0,["set","quadgroup"],["property","spawner"]],

		[0,"setframe","dir"],
		[0,["if","quad","~=",2],["add","currentcustomtimerstage"],3],
			[0,["set","dir"],"x"],
			[0,"setframe","animdir"],
			[0,["set","animationscaley"],["property","quad"]],

		[0,"setframe","spawnedenemies"],
		[0,["set","quadgroup"],["property","quad"]],
		[0,"setframe",1],
		[0,["set","mag"],["property","quad"]],

		[0,["set","loopline"],["property","currentcustomtimerstage"]],

		[0,["set","quadgroup"],["property","mag"]],
		[0,"setframe","transformedinto"],
		[0,["if",["property","quad"],"exists",""],["set","mag"],["property","quad"]],

		[0,"setframe","knockx"],
		[0,["set","knockx"],["property","quad"]],
		[0,"setframe","damage"],
		[0,["set","damage"],["property","quad"]],
		[0,"setframe","knocky"],
		[0,["set","knocky"],["property","quad"]],
		[0,"setframe","iframe"],
		[0,["set","iframe"],["property","quad"]],

		[0,["set","quadgroup"],["property","spawner"]],
		[0,"setframe","transformkill"],
		[0,["set","instantdelete"],["property","quad"]],
		[0,"setframe","retrieved"],
		[0,["if","quad","==",true],["set","instantdelete"],true],


		[0,"setframe","x"],
		[0,["set","x"],["property","quad"]],
		[0,["add","x"],0.375],
		[0,"setframe","y"],
		[0,["set","y"],["property","quad"]],
		[0,["add","y"],0.375],

		[0,"setframe",["property","dir"]],
		[0,["set","var1"],["property","quad"]],

		[0,["set","quadgroup"],["property","mag"]],
		[0,"setframe",["property","dir"]],
		[0,["subtract","var1"],["property","quad"]],

		[0,["abs","var1"]],
		[0,["set","var2"],["property","var1"]],
		[0,["subtract","var1"],0.8125],
		[0,["multiply","var1"],2],
		[0,["ceil","var1"]],
		[0,["min","var1"],8],

		[0,["add","quad"],0.375],
		[0,["if","dir","~=","letterx"],["add","currentcustomtimerstage"],6],
			[0,["set","hitoffwidth"],["property","var2"]],
			[0,["set","hitoffx"],["property","quad"]],
			[0,["min","hitoffx"],["property","x"]],
			[0,["subtract","hitoffx"],["property","x"]],
			[0,["add","hitoffx"],0.375],
			[0,["subtract","hitoffwidth"],0.75],


		[0,["if","dir","~=","lettery"],["add","currentcustomtimerstage"],6],
			[0,["set","hitoffheight"],["property","var2"]],
			[0,["set","hitoffy"],["property","quad"]],
			[0,["min","hitoffy"],["property","y"]],
			[0,["subtract","hitoffy"],["property","y"]],
			[0,["add","hitoffy"],0.375],
			[0,["subtract","hitoffheight"],0.75],


		[0,["set","quadgroup"],["property","qs"]],
		[0,"setframe",["property","var1"]],
		[0,["set","customtimertimer"],0],
		[0,["set","currentcustomtimerstage"],["property","loopline"]]
	],
	"dontloopcustomtimer":true,
}