{
	"quadcount":3,
	"nospritesets":true,
	"hidden":true,
	"doesntunrotate":true,
	"tracked":true,

	"width":0.75,
	"height":0.75,

	"category":3,
	"mask":[	true, 
			false, true, true, true, true,
			false, true, true, false, true,
			false, true, true, false, true,
			true, true, false, true, true,
			true, true, true, false, true,
			true, false, true, true, true,
			true],
	"resistseverything":true,
	"freezable":false,
	"ignoregravity":true,
	"gravity":0,
	"resistsspikes":true,
	"dontenterclearpipes":true,
	"ignorefaithplate":true,
	"trackable":false,
	"inedible":true,
	"ignorecheckrect":[true,true,true],
	"blowable":false,
	"regiontriggerexclude":true,
	"dontstoplasers":true,
	"ignoreplatform":true,
	"ignorequicksand":true,
	"portalable":false,
	"NOEXTERNALHORCOLLISIONS":true,
	"NOEXTERNALVERCOLLISIONS":true,

	"spawnchildren":["k throw sound"],

	"transforms":true,
	"transformsinto":"k stick sound",
	"transformtrigger":"lifetime",
	"transformpassedparameters":["rotation","animationscalex","x","y","spawner","speedx","speedy","stickobj"],
	"lifetime":0.39,
	"halftime":0.19,

	"spawnsenemy":"k hitbox",
	"spawnenemydelays":[99e99],
	"damagetype":"electric",
	"hitoffx":-0.125,
	"hitoffy":-0.125,
	"hitoffwidth":0.25,
	"hitoffheight":0.25,
	"damage":1,
	"iframe":0.18,
	"knockx":0,
	"knocky":-2,

	"doskip":0,
	"customtimer":[
		[0,["set","collidestore"],["property","globalcollide"]],
		[0,["set","globalcollide"],["property","addoutput"]],
		[0,["set","qs"],["property","quad"]],
		[0,["set","quadgroup"],["property","spawner"]],
		[0,["set","frictx"],["property","speedx"]],
		[0,["set","fricty"],["property","speedy"]],
		[0,["multiply","frictx"],-5],
		[0,["multiply","fricty"],-5],
		[0,["if","magnethurry","==",true],["multiply","lifetimer"],1.08],


		[0,"setframe","uw"],
		[0,["if","quad","~=",true],["add","currentcustomtimerstage"],6],
			[0,["multiply","speedx"],0.75],
			[0,["multiply","speedy"],0.75],
			[0,["multiply","frictx"],0.5625],
			[0,["multiply","fricty"],0.5625],
			[0,["divide","lifetimer"],0.75],
			[0,["divide","halftime"],0.75],

		[0,["set","knockx"],["property","speedx"]],
		[0,["divide","knockx"],15],
		[0,["if","speedy",">",0],["set","knocky"],1],
		[0,["if","speedy","<",0],["set","knocky"],-6],

		[0,"spawnenemy"],

		[0,["set","quadgroup"],["property","spawner"]],
		[0,["if","speedy","~=",0],["add","currentcustomtimerstage"],3],
			[0,"setframe","animdir"],
			[0,["set","animationscalex"],["property","quad"]],
			[0,["set","quad"],["property","qs"]],

		[0,["set","loopline"],["property","currentcustomtimerstage"]],

		[0,["set","quadgroup"],["property","outtable"]],
		[0,"setframe",1],
		[0,["if",["property","quad"],"notexists",""],["add","currentcustomtimerstage"],10],
			[0,["set","quadgroup"],["property","quad"]],
			[0,"setframe",2],
			[0,["set","stickobj"],["property","quad"]],
			[0,["set","quadgroup"],["property","stickobj"]],
			[0,"setframe","nonstick"],
			[0,["if","quad","==",true],["set","static"],true],
			[0,["if","quad","==",true],["add","currentcustomtimerstage"],3],
				[0,["set","customtimeraction"],["property","transform"]],
				[0,"k magnet hit"],
				[1,""],
			

		[0,["set","var1"],["property","frictx"]],
		[0,["multiply","var1"],["property","customtimertimer"]],
		[0,["add","speedx"],["property","var1"]],

		[0,["set","var1"],["property","fricty"]],
		[0,["multiply","var1"],["property","customtimertimer"]],
		[0,["add","speedy"],["property","var1"]],

		[0,["if","lifetimer",">",0.23],["set","iframe"],0.1],

		[0,["add","currentcustomtimerstage"],["property","doskip"]],
		[0,["if","lifetimer",">","halftime"],["add","currentcustomtimerstage"],7],
			[0,["set","nocollidestops"],true],
			[0,["set","globalcollide"],["property","collidestore"]],
			[0,["if","magnethurry","==",true],["divide","frictx"],1.4],
			[0,["if","magnethurry","==",true],["divide","fricty"],1.4],
			[0,["set","damage"],0.5],
			[0,["multiply","knockx"],1.5],
			[0,["set","doskip"],8],

		[0,["set","quadgroup"],["property","spawner"]],
		[0,"setframe","transformkill"],
		[0,["set","instantdelete"],["property","quad"]],

		[0,["set","quad"],["property","qs"]],
		[0,["set","customtimertimer"],0],
		[0,["set","currentcustomtimerstage"],["property","loopline"]]
	],
	"dontloopcustomtimer":true,

	"offsetX":6,
	"offsetY":2,
	"quadcenterX":8,
	"quadcenterY":8,
	"light":3,
}