{
	"hidden":true,
	"active":false,
	"nodebug":true,
	"width":0.75,
	"height":0.75,

	"doesntunrotate":true,
	"spawnsenemy":"k swoosh",
	"spawnenemydelays":[99e99],
	"spawnpassedparameters":["animationscaley","animationscalex","rotation"],

	"patterntable":[
		[
			[["lifetimer",0.05]],
			[0.125,-0.875,-0.125,1,1,-1],
			[0.025,-0.625,-1.25,1,1,0],
			[0.025,0.625,-1.25,-1,1,0]
		],
		[
			[["lifetimer",0.05],["quadno",2]],
			[0.475,-0.75,-1.25,-1,-1,2],
			[0.05,-0.75,-0.0625,-1,1,2],
			[0.05,0.75,-0.0625,1,1,2]
		],
		[
			[["lifetimer",0.05],["quadno",3]],
			[0.05,-0.25,-1.125,-1,1,0],
			[0.05,-1,-0.75,-1,1,-1],
			[0.05,-0.5,0.1875,-1,1,2]
		]
	],

	"stage":1,
	"animationscalex":1,
	"diry":1,
	"customtimer":[
		[0,["set","quadgroup"],["property","patterntable"]],
		[0,"setframe",["property","pattern"]],
		[0,["set","pattern"],["property","quad"]],
		[0,["set","quadgroup"],["property","quad"]],
		[0,"setframe",1],
		[0,["set","spawnsetparameters"],["property","quad"]],

		[0,["set","quadgroup"],["property","spawner"]],
		[0,"setframe","move"],
		[0,["set","quadgroup"],["property","quad"]],
		[0,"setframe","flipped"],
		[0,["set","diry"],["property","quad"]],



		[0,["set","l"],["property","currentcustomtimerstage"]],


		[0,["set","quadgroup"],["property","pattern"]],
		[0,["add","stage"],1],
		[0,"setframe",["property","stage"]],
		[0,["if",["property","quad"],"notexists",""],["set","instantdelete"],true],
		[0,["if","instantdelete","==",true],["set","customtimertimer"],0],
		
		[0,["set","quadgroup"],["property","quad"]],
		[0,["set","qs"],["property","quadgroup"]],
		[0,"setframe",1],
		[0,["subtract","customtimertimer"],["property","quad"]],

		[0,["set","quadgroup"],["property","spawner"]],
		[0,"setframe","delete"],
		[0,["set","instantdelete"],["property","quad"]],
		[0,["if","quad","==",true],["set","customtimertimer"],0],

		[0,["set","quadgroup"],["property","qs"]],
		[0,"setframe",2],
		[0,["multiply","quad"],["property","animdir"]],
		[0,["set","spawnenemyoffsetx"],["property","quad"]],
		[0,"setframe",3],
		[0,["multiply","quad"],["property","diry"]],
		[0,["set","spawnenemyoffsety"],["property","quad"]],
		[0,"setframe",4],
		[0,["multiply","quad"],["property","animdir"]],
		[0,["set","animationscalex"],["property","quad"]],
		[0,"setframe",5],
		[0,["multiply","quad"],["property","diry"]],
		[0,["set","animationscaley"],["property","quad"]],
		[0,"setframe",6],
		[0,["multiply","quad"],1.57079632679],
		[0,["multiply","quad"],["property","animdir"]],
		[0,["multiply","quad"],["property","diry"]],
		[0,["set","rotation"],["property","quad"]],
		[0,"spawnenemy"],
		[0,["set","currentcustomtimerstage"],["property","l"]]
	],
	"dontloopcustomtimer":true,
}