{
	"trackable": false,
	"dontEnterClearPipes":true,
	"hidden": true,

	"animationtriggeronspawn":"omstanddecide",
	
	"quadcount": 1,
	"animationtype": "none",
	"lifetime": 0.017,
	"regiontriggerexclude":true,

	"width": 0.75,
	"height": 1.5,

	"active": true,

	"spawnoffsety":-0.375,

	"category": 3,
	"nospritesets":true,

	"transforms":true,
	"transformtrigger":"animation",
	"transformanimation":"omdontstand",
	"transformsinto":"despawnfastsmoller",
	"transformpassedparameters":["speedx","speedy"],

	"mask": [	true,
				false, true, true, true, true,
				false, false, false, false, true,
				false, true, true, false, true,
				true, true, false, true, true,
				true, true, true, false, true,
				true, false, true, true, true,
				false, false, false, false],
	"resistseverything": true,
	"noCollideStops":false,
	"platformpush":false,

	"dontloopcustomtimer":true,

	"offsetx": 6,
	"offsety": -6,
	"quadcenterx": 8,
	"quadcentery": 11,
}