{
	"trackable": false,
	"dontEnterClearPipes":true,
	"hidden": true,
	"dontmirror":false,
	"dontstoplasers":true,

	"_spawnsound":"coin",
	
	"quadcount": 8,
	"animationtype": "frames",
	"animationstart":1,
	"animationspeed":0.034,
	"animationframes":8,

	"lifetime":0.03,

	"regiontriggerexclude":true,
	"friction":0,

	"width": 0.75,
	"height": 0.75,

	"_spawnoffsety":-0.2,

	"movetotoponpassivecollide":true,

	"speedy":20,

	"active": true,

	"category": 3,
	"nospritesets":true,
	
	"dontstopmario":true,

	"mask": [true,
		false,false,true,true,true,
		false,true,false,false,true,
		false, true, true, false, true,
		true, true, false, true, true,
		false, true, true, false, false,
		true, false, true, true, true, 
		false, false],
	"resistseverything": true,
	"noCollideStops":false,
	"platformpush":false,
	"stickToNearestPlayer":false,

	"teleportnearestplayer":true,
	"teleportplayeroffsety":-0.5,
	
	"transforms":true,
	"transformtrigger":["animation","animation","animation","lifetime","water"],
	"transformsinto":["roll boost","long jump","despawnfastsmoller","roll","despawnfastslowb"],
	"transformanimation":["omrollboost","omlongjumpb","omdownrelease"],
	"transformpassedparameters":["speedx","speedy","quad","quadi","animationtimer","animationtimerstage","animationspeed"],

	"var1":0,
	"varabs1":0,
	"varabs2":0,
	"_customtimer":[
		[0.017,["set","var1"],["property","speedy"]],
		[0,["set","varabs1"],["property","speedx"]],
		[0,["set","varabs2"],["property","speedx"]],
		[0,["abs","varabs2"]],
		[0,["_add","varabs2"],0.000000000000000000000000000000001],
		[0,["divide","varabs1"],["property","varabs2"]],
		[0,["multiply","var1"],["property","varabs1"]],
		[0,["multiply","var1"],0.2],
		[0,["add","speedx"],["property","var1"]]
	],

	"var2":0,
	"customtimer":[
		[0,["set","varabs1"],["property","speedx"]],
		[0,["set","varabs2"],["property","speedx"]],
		[0,["abs","varabs2"]],
		[0,["add","varabs2"],0.000000000000000000000000000000001],
		[0,["divide","varabs1"],["property","varabs2"]],

		[0,["set","var1"],["property","y"]],
		[0.017,["set","var2"],["property","y"]],
		[0,["multiply","var2"],-1],
		[0,["add","var1"],["property","var2"]],
		[0,["multiply","var1"],["property","varabs1"]],
		[0,["multiply","var1"],-8],
		[0,["add","speedx"],["property","var1"]]
	],
	

	"dontloopcustomtimer":false,

	"gravity":850,
	"offsetx": 6,
	"offsety": 4.5,
	"quadcenterx": 10.5,
	"quadcentery": 10.5,
}