{	
	"quadcount": 1,
	"nospritesets": true,
	"spawnonload": true,
	"graphiccolor":[0,0,0,0],
	
	"width": 1.75,
	"height": 1.75,
	
	"offsetX": 14,
	"offsetY": -12,
	"quadcenterX": 8,
	"quadcenterY": 8,
	
	"static": true,
	"active": false,

	"category": 1,
	"mask": [true],

	"positions": [[9,14],[24,23],[16,9],[43,31],[47,12],[94,25],[117,12],[125,23],[144,23],[162,21],[173,21]],
	"positionlistsize": 11,
	"pos": [0, 0],

	"customtimer": [
		[0, ["set", "quadgroup"], ["property", "positions"]],
		[0, ["random", "index"], ["property", "positionlistsize"]],
		[0, ["ceil", "index"]],
		[0, "setframe", ["property", "index"]],
		[0, ["set", "pos"], ["property", "quad"]],

		[0, ["set", "quadgroup"], ["property", "pos"]],
		[0, "setframe", 1],
		[0, ["set", "x"], ["property", "quad"]],
		[0, ["add", "x"], -1.375],
		[0, "setframe", 2],
		[0, ["set", "y"], ["property", "quad"]],
		[0, ["add", "y"], -1.75],

		[0, ["set", "customtimeraction"], ["property", "transform"]],
		[0, "jumpscare him"]
	],
	"dontloopcustomtimer": true,

	"transformpassedparameters":["positions","positionlistsize"],

	"rightclickmenu": ["jwjdekdfckaedlkadlalda",
		[
			["positions",[[9,14],[24,23],[16,9],[43,31],[47,12],[94,25],[117,12],[125,23],[144,23],[162,21],[173,21]]],
			["positionlistsize",11]
		],
		[
			["positions",[[23,22],[62,22],[109,22],[139,16],[174,18],[212,15],[242,22],[273,18],[309,22]]],
			["positionlistsize",9]
		],
		[
			["positions",[[1,1]]],
			["positionlistsize",1]
		]
	],
	"rightclickmenudisplay": ["type","default","rematch-2","rematch-3"],
	"rightclickmenutable": true,
	"rightclickmenumultipleproperties": true
}