{	
	"hidden": true,
	
	"quadcount": 1,
	"nospritesets": true,
	"drawback": true,
	
	"width": 1.75,
	"height": 1.75,
	
	"offsetX": 12,
	"offsetY": -4,
	"quadcenterX": 16,
	"quadcenterY": 16,
	
	"static": false,
	"active": true,
	"gravity": 80,
	"friction": 4,

	"category": 6,
	"mask": [true, 
		false, true, false, false, false,
		false, true, false, true, false,
		false, false, false, false, true,
		true, true, false, false, false,
		false, true, true, false, false,
		true, false, true, true, true],

	"resistsfire": true,
	"resistsstar": true,
	"freezable": false,
	"resistsshoe": true,
	"resistspow": true,

	"lifetime": 12,

	"transforms": true,
	"transformsinto": ["jumpscare him jump", "jumpscare him spawn", "jumpscare him spawn"],
	"transformtrigger": ["playernear", "lifetime", "passivecollide"],
	"transformtriggerenemycollide": ["-","-","jumpscare him"],
	"transformpassedparameters":["positions","positionlistsize"],

	"playerneardist": [-0.5, -0.5, 2.75, 2.25],
	"lifetimerandoms": [8, 9, 10, 11, 12]
}