{
	"hidden": true,
	
	"quadcount": 4,
	"nospritesets": true,

	"width": 0.75,
	"height": 0.75,

	"offsetX": 6,
	"offsetY": 2,
	"quadcenterX": 12,
	"quadcenterY": 8,
 
	"static": false,
	"active": true,
	"gravity": 0,

	"category": 1,
	"mask": [true,
		true, true, true, true, true,
		true, true, true, true, true,
		true, true, true, true, true,
		true, true, true, true, true,
		true, true, true, true, true,
		true, true, true, true, true],
 
	"resistseverything": true,

	"animationtype": "frames",
	"animationstart": 1,
	"animationframes": 4,
	"animationspeed": 0.02,

	"blowchecktable":["player"],
	"blowrange":[0,0,0.75,0.75],
	"blowminspeedx":0,
	"blowmaxspeedx":0,
	"blowspeedy":-80,

	"customtimer":[
		[0.5,["set","blowrange"]]
	],
	"dontloopcustomtimer":true,

	"lifetime": 1.5,
	"sticktoplayer": 1,
}