{
    "hidden": true,

	"resistseverything":true,

	"quadcount":1,
	"animationtype":"none",
	"nospritesets":true,

	"xrelativetocamera":12.5,
	"yrelativetocamera":7.5,
	
	"width": 0,
	"height": 0,	
	
	"static": true,
	"active": false,
	"autodelete": false,
	
	"catogory": 1,
	"mask": [ true, 
			true, true, true, true, true,
			true, true, true, true, true,
			true, true, true, true, true,
			true, true, true, true, true,
			true, true, true, true, true,
			true, true, true, true, true],

	"offsetx":0,
	"offsety":8,
	"quadcenterX":202,
	"quadcenterY":114
}