{   
"^":"-------------------------------------------------- special features --------------------------------------------------",

        "^":"ammount of times you can hurt omochao before he has enough (default set to 3. infinite if 0)",
            "paitence":3,
            
        "^":"just don't.",
    		"chaosmode":false, 

        "^":"if omochao gets hurt there's a chance he'll forget how many times you've hit him",
    		"amnesia":false,   

        "^":"he won't come back.",
    		"killomochao":false,

																																													"^":"DONT ENABLE THIS. DONT ANGER HIM 3 TIMES.",
																																													":)":false,

        "^":"all forms of attacks will be replaced with tvs. in earlier versions of omochao the only form of attack he had was spawning them",
        	"tvmode":false,

"^":"----------------------------------------------- quality of life changes -----------------------------------------------",

		"^":"for casual players who actually want to see what they're doing",
        	"disablesubtitles":false,

		"^":"while waiting for omocaho your speed will be kept after the timer reaches zero",
			"keepwaitspeed":true,

"^":"---------------------------------------- please don't touch anything below here ----------------------------------------",

    "hidden": true,
	
	"width": 0,
	"height": 0,

    "spawnsenemy":"omochao",
	"spawnenemydelays": [0],
	"spawnmax":0,
    "spawnpassedparameters":["paitence","amnesia","chaosmode","tvmode","disablesubtitles","killomochao","keepwaitspeed"],
    "spawnpassedparametersbeforespawn":true,

	"static": true,
	"active": false,
	"autodelete": false,
	"resistseverything":true,
	
	"catogory": 1,
	"mask": [ true, 
			true, true, true, true, true,
			true, true, true, true, true,
			true, true, true, true, true,
			true, true, true, true, true,
			true, true, true, true, true,
			true, true, true, true, true],

	"once again, I politely ask you you not to touch any of these :(":true,
			
	"transforms":true,
	"transformsinto":["","yourmistake"],
	"transformtrigger":["animation",false],
	"transformanimation":["youmonster","goodforyou"],
            
	"customtimer":[
		[0,["if",":)","==",true],["set","transformtrigger"],["animation","animation"]],
		[0,["if",":)","==",true],["set","customtimertimer"],-0.01666668],
        [0,["if","paitence","<",0],["set","paitence"],3],
        [0,["if","paitence","==",0],["set","paitence"],99e99],
		[0,"spawnenemy"],
        [0,["set","spawnsenemy"],"omospawn"],
        [0,"spawnenemy"],
		[0,["set","instantdelete"],true]
	],
	"dontloopcustomtimer":true
}
