{
    "hidden": true,

	"quadcount":4,
	"animationtype":"frames",
	"animationspeed":0.1,
	"animationframes":7,
	"animationstart":1,
	"nospritesets":true,
	
	"width": 0,
	"height": 0,
	"nocollidestops":true,
	"resistseverything":true,

	"static": false,
	"active": true,
	"autodelete": true,

	"lifetime":0.4,
	"gravity":20,
	
	"catogory": 1,
	"mask": [ true, 
			true, true, true, true, true,
			true, true, true, true, true,
			true, true, true, true, true,
			true, true, true, true, true,
			true, true, true, true, true,
			true, true, true, true, true,
			true],

	"offsetX": 0,
	"offsetY": 24,
	"quadcenterX": 0,
	"quadcenterY": 0
}
