{
    "hidden": false,
	"resistseverything":true,

	"spawnchildren":["blackscreen"],

	"animationtriggeronspawn":"stopmus",

	"quadcount":4,
	"animationtype":"none",
	"nospritesets":true,

	"xrelativetocamera":12.5,
	"yrelativetocamera":7.5,

	"teleportnearestplayer": true,
	"teleportplayerspeedx": 0,
	"teleportplayerspeedy": 0,
	"teleportplayeroffsety": -50000,

	"blowrange":[-5000,-5000,10000,10000],
	"blowchecktable":["player"],
	"blowmaxspeedx":0,
	"blowminspeedx":0,
	"blowmaxspeedy":0,
	"blowminspeedy":0,
	"blowable":false,
	
	"width": 1,
	"height": 1,

	"counter":1,

	"animationscalex":1.75,
	"animationscaley":1.75,

	"customtimer":[
		[1,"setframe",2],
		[1,"setframe",3],
		[3,"setframe",4],
		[0,"playsound","yourmistake"],
		[0,["set","loop"],["property","currentcustomtimerstage"]],
		[0,["multiply","animationscalex"],1.05],
		[0,["multiply","animationscaley"],1.05],
		[0,["add","counter"],1],
		[0,["if","counter","==",80],["set","customtimertimer"],false],
		[0,["set","customtimertimer"],0],
		[0,["set","currentcustomtimerstage"],["property","loop"]]
	],
	"dontloopcustomtimer":true,
	
	"static": true,
	"active": false,
	"autodelete": false,
	
	"catogory": 1,
	"mask": [ true, 
			true, true, true, true, true,
			true, true, true, true, true,
			true, true, true, true, true,
			true, true, true, true, true,
			true, true, true, true, true,
			true, true, true, true, true],

	"offsetx":8,
	"offsety":0,
	"quadcenterX":16,
	"quadcenterY":16
}