{
	"quadcount": 3,
	"nospritesets":true,
	"hidden":true,

	"animationtriggeronspawn":"teleblue",

	"supersizeproperties":{
		"customtimertimer":-0.25,
	},

	"width": 1,
	"height": 1,

	"animationtype":"frames",
	"animationstart":1,
	"animationframes":3,
	"animationspeed":0.2,

	"category": 1,
	"mask": [	true, 
				true, true, true, true, true,
				true, true, true, true, true,
				true, true, true, true, true,
				true, true, true, true, true,
				true, true, true, true, true,
				true, true, true, true, true,
				true, true, false, true, false],
	"blowable":false,
	"dontenterclearpipes":true,
	"ignorefaithplates":true,
	"ignorequicksand":true,
	"trackable":false,
	"dontstoplasers":true,
	"ignorefunnels":true,
	"ignoreplatform":true,
	"resistseverything":true,
	"regiontriggerexclude":true,
	"ignoregravity":true,
	"doesntpressbuttons":true,

	"transforms":true,
	"transformsinto":["vanish","dudleft","dudright","dudup","duddown","dudupleft","dudupright","duddownleft","duddownright","telemid","dudmid slow","dudmid fast"],
	"transformtrigger":["animation","animation","animation","animation","animation","animation","animation","animation","animation","animation","animation","animation"],
	"transformanimation":["fling","left","right","up","down","upleft","upright","downleft","downright","pswap","slow","fast"],
	"transformpassedparameters":["quad","quadi","animationtimer","speedvar"],
	"transformsetparameters":[["justspawned",false]],

	"basespeedx":0,
	"basespeedy":0,
	"speedvar":0,
	"customtimer":[
		[0,["set","portaled"],["property","dosupersize"]],
		[0,["set","speedx"],["property","basespeedx"]],
		[0,["set","speedy"],["property","basespeedy"]],
		[0,["divide","speedx"],["property","speedvar"]],
		[0,["divide","speedy"],["property","speedvar"]],
		[0,["set","customtimertimer"],0]
	],

	"offsetX": 8,
	"offsetY": 0,
	"quadcenterX": 8,
	"quadcenterY": 8
}