{
	"quadcount": 3,
	"nospritesets":true,
	"quadno": 1,
	"hidden":true,

	"spawnsound":"powblock",

	"animationtriggeronspawn":"fling",

	"dontstoplasers":true,
	"ignorefunnels":true,
	"ignoreplatform":true,
	"resistseverything":true,
	"regiontriggerexclude":true,

	"animationtype":"frames",
	"animationstart":1,
	"animationframes":3,
	"animationspeed":0.034,

	"breaksblocks":true,
	
	"width": 1,
	"height": 1,

	"speedx":0,
	"speedy":0,
	
	"static": false,
	"active": true,
	"gravity":0,
	"nocollidestops":true,
	
	"category": 1,
	
	"mask": [	true, 
				false, true, true, true, true,
				true, true, true, true, true,
				true, true, true, true, true,
				true, true, true, true, true,
				true, true, true, true, true,
				true, true, true, true, true,
				true],

	"blowable":false,
	"blowstaticenemies":true,
	"blownotactiveenemies":true,
	"blowrange":[0,0,1,1],
	"blowchecktable":["box","enemy","goomba","koopa","_player","mushroom","flower","oneup","star","gel","bulletbill",
			  "hammerbro","hammer","fireball","platform","fire","bowser","spring","cheep","flyingfish",
			  "upfire","lakito","squid","poisonmush","bigbill","sidestepper","barrel","icicle","splunkin",
			  "threeup","brofireball","smbsitem","thwomp","fishbone","drybones","muncher","meteor","donut",
			  "boomerang","parabeetle","ninji","hammersuit","mariohammer","boo","mole","bigmole","bomb",
			  "plantfire","flipblock","torpedoted","frogsuit","boomboom","levelball","leaf","windleaf","kingbill",
			  "energyball","turret","turretshot","blocktogglebutton","buttonblock","coin","frozencoin","amp",
			  "fuzzy","cannonball","cannonballcannon","minimushroom","turretrocket","core","iceball","yoshiegg",
			  "yoshi","pbutton","pokey","chainchomp","rockywrench","wrench","koopaling","magikoopa","collectable",
			  "powblock","smallspring","spike","spikeball","checkpointflag","grinder","cappy","tilemoving"],
	"blowminspeedx":0,
	"blowmaxspeedx":0,
	"blowminspeedy":0,
	"blowmaxspeedy":0,

	"customtimer":[
		[0,["multiply","idspeedx"],2],
		[0,["multiply","idspeedy"],2],
		[0,["set","blowminspeedx"],["property","idspeedx"]],
		[0,["set","blowmaxspeedx"],["property","idspeedx"]],
		[0,["set","blowminspeedy"],["property","idspeedy"]],
		[0,["set","blowmaxspeedy"],["property","idspeedy"]],

		[0,"setframe",1],
		[0,["set","animationtimer"],0],
		[0,["set","quadi"],1],

		[0,["set","customtimertimer"],0],
		[0.017,["set","breaksblocks"],false]
	],
	"dontloopcustomtimer":true,

	"lifetime":0.1,

	"offsetX": 8,
	"offsetY": 0,
	"quadcenterX": 8,
	"quadcenterY": 8
}