{
	"quadcount": 7,
	"nospritesets":true,
	"quadno": 1,
	"hidden":true,

	"spawnsound":"fire",

	"dontstoplasers":true,
	"ignorefunnels":true,
	"ignoreplatform":true,
	"resistseverything":true,
	"regiontriggerexclude":true,

	"animationtype":"frames",
	"animationstart":1,
	"animationframes":7,
	"animationspeed":0.142857143,

	"spawnchildren":"telelayer2",
	
	"width": 1,
	"height": 1,
	
	"static": true,
	"active": true,
	"gravity":0,
	"nocollidestops":true,
	
	"category": 1,
	
	"mask": [	true, 
				true, true, true, true, true,
				true, true, true, true, true,
				true, true, true, true, true,
				true, true, true, true, true,
				true, true, true, true, true,
				true, true, true, true, true,
				true],
					
	
	"emancipatecheck": false,
	"autodelete": false,
	"dontspawnnearcheckpoint": false,

	"blowable":false,
	"blowstaticenemies":true,
	"blownotactiveenemies":true,
	"blowrange":[0,0,1,1],
	"blowchecktable":["box","enemy","goomba","koopa","mushroom","oneup","star","gel",
			  "hammerbro","hammer","fireball","bowser","spring","flyingfish",
			  "upfire","squid","poisonmush","sidestepper","barrel","splunkin",
			  "brofireball","drybones","muncher","blockdebris",
			  "ninji","hammersuit","mariohammer","mole","bigmole","bomb",
			  "flipblock","frogsuit","boomboom","levelball",
			  "turret","blocktogglebutton","buttonblock","coin","frozencoin",
			  "minimushroom","core","iceball","miniblock",
			  "yoshi","pbutton","pokey","chainchomp","rockywrench","koopaling","magikoopa","collectable",
			  "powblock","smallspring","spike","spikeball","tilemoving"],
	"blowminspeedx":0,
	"blowmaxspeedx":0,
	"blowminspeedy":0,
	"blowmaxspeedy":-0.2,
	"blowspeedy":-1000,

	"transforms":true,
	"transformsinto":["fling","pressburst"],
	"transformtrigger":["animation","lifetime"],
	"transformpassedparameters":["idspeedx","idspeedy"],
	"transformanimation":"fling",

	"customtimer":[
		[0,["set","idspeedx"],0],
		[0,["set","idspeedx"],0],
		[0,"setframe",1],
		[0,["set","animationtimer"],0],
		[0,["set","quadi"],1],
		[0,"spawnenemy"],

		[0,["set","var1"],-80],
		[0,["multiply","var1"],["property","customtimertimer"]],
		[0,["set","blowmaxspeedy"],["property","var1"]],
		[0,["set","blowminspeedy"],["property","var1"]],

		[0,["-random","offsetX"],[7.75,8,8.25]],
		[0,["-random","offsetY"],[-0.25,0,0.25]],
		[0,["set","customtimertimer"],0],
		[0,["set","currentcustomtimerstage"],6]
	],

	"lifetime":1,

	"offsetX": 8,
	"offsetY": 0,
	"quadcenterX": 8,
	"quadcenterY": 8
}