{
	"quadcount": 3,
	"nospritesets":true,
	"quadno": 1,
	"hidden":true,

	"spawnsound":"cannonfast",

	"animationtriggeronspawn":"fling",

	"dontstoplasers":true,
	"ignorefunnels":true,
	"ignoreplatform":true,
	"resistseverything":true,
	"regiontriggerexclude":true,

	"animationtype":"frames",
	"animationstart":1,
	"animationframes":3,
	"animationspeed":0.034,

	"fireenemy":[],
	
	"width": 1,
	"height": 1,

	"speedx":0,
	"speedy":0,
	
	"static": false,
	"active": true,
	"gravity":0,
	"nocollidestops":true,
	
	"category": 3,
	
	"mask": [	true, 
				true, true, false, false, true,
				true, true, true, true, false,
				true, true, true, true, false,
				true, true, true, false, false,
				true, true, false, true, true,
				false, true, false, false, false,
				false],
					
	
	"emancipatecheck": false,
	"autodelete": false,
	"dontspawnnearcheckpoint": false,
	"ignorefaithplates":true,

	"meltsice":true,

	"blowable":false,
	"blowstaticenemies":true,
	"blownotactiveenemies":true,
	"blowrange":[0,0,1,1],
	"blowchecktable":["box","enemy","goomba","koopa","_player","mushroom","flower","oneup","star","gel","bulletbill",
			  "hammerbro","hammer","fireball","platform","fire","bowser","spring","cheep","flyingfish",
			  "upfire","lakito","squid","poisonmush","bigbill","sidestepper","barrel","icicle","splunkin",
			  "threeup","brofireball","smbsitem","thwomp","fishbone","drybones","muncher","meteor","donut",
			  "boomerang","parabeetle","ninji","hammersuit","mariohammer","boo","mole","bigmole","bomb",
			  "plantfire","flipblock","torpedoted","frogsuit","boomboom","levelball","leaf","windleaf",
			  "energyball","turret","turretshot","blocktogglebutton","buttonblock","coin","frozencoin","amp",
			  "fuzzy","cannonball","cannonballcannon","minimushroom","turretrocket","core","iceball","yoshiegg",
			  "yoshi","pbuton","pokey","chainchomp","rockywrench","wrench","koopaling","magikoopa","collectable",
			  "powblock","smallspring","spike","spikeball","checkpointflag","grinder","cappy","tilemoving"],
	"blowminspeedx":0,
	"blowmaxspeedx":0,
	"blowminspeedy":0,
	"blowmaxspeedy":0,
	"blowspeedy":-1000,

	"killsenemies":true,
	"customtimer":[
		[0,["set","customtimertimer"],0],

		[0,["set","meltsice"],false],
		[0,["set","mask"],[	true, 
				true, true, false, false, true,
				true, true, true, true, false,
				true, true, true, true, false,
				true, true, true, false, false,
				true, true, false, true, true,
				false, true, false, false, false,
				true]]
	],
	"dontloopcustomtimer":true,

	"lifetime":0.1,

	"offsetX": 8,
	"offsetY": 0,
	"quadcenterX": 8,
	"quadcenterY": 8
}