{
	"quadcount": 3,
	"nospritesets":true,
	"quadno": 1,
	"hidden":true,

	"animationtriggeronspawn":"telepink",

	"spawnchildren":["telelayer","telelayer2"],
	"spawnchildrenparent":true,

	"supersizeproperties":{
		"customtimertimer":-0.25,
	},

	"animationtype":"frames",
	"animationstart":1,
	"animationframes":3,
	"animationspeed":0.1,
	
	"width": 1,
	"height": 1,
	
	"static": false,
	"active": true,
	"ignoregravity":true,
	
	"category": 1,
	"mask": [	true, 
				true, true, true, true, true,
				true, true, true, true, true,
				true, true, true, true, true,
				true, true, true, true, true,
				true, true, true, true, true,
				true, true, true, true, true,
				true, true, false, false, true],

	"ignorefaithplates":true,
	"ignorequicksand":true,
	"trackable":false,
	"dontstoplasers":true,
	"ignorefunnels":true,
	"ignoreplatform":true,
	"resistseverything":true,
	"regiontriggerexclude":true,

	"blowable":false,
	"blowstaticenemies":true,
	"blownotactiveenemies":true,
	"blowrange":[0,0,1,1],
	"blowchecktable":["box","enemy","goomba","koopa","mushroom","oneup","star","gel",
			  "hammerbro","hammer","fireball","bowser","spring","flyingfish",
			  "upfire","squid","poisonmush","sidestepper","barrel","splunkin",
			  "brofireball","drybones","muncher","blockdebris",
			  "ninji","hammersuit","mariohammer","mole","bigmole","bomb",
			  "flipblock","frogsuit","boomboom","levelball",
			  "turret","buttonblock","coin","frozencoin",
			  "minimushroom","core","iceball","miniblock","redseesaw",
			  "yoshi","blocktogglebutton","pbutton","pokey","chainchomp","rockywrench","koopaling","magikoopa","collectable",
			  "powblock","smallspring","spike","spikeball","tilemoving"],
	"blowminspeedx":0,
	"blowmaxspeedx":0,
	"blowminspeedy":0,
	"blowmaxspeedy":0,

	"transforms":true,
	"transformsinto":["fling","teleleft","teleright","teleup","teledown","teleupleft","teleupright","teledownleft","teledownright","dudmid","press","telemid slow","telemid fast","nil"],
	"transformtrigger":["animation","animation","animation","animation","animation","animation","animation","animation","animation","animation","animation","animation","animation","animation"],
	"transformanimation":["fling","left","right","up","down","upleft","upright","downleft","downright","bswap","pressure","slow","fast","deleteaura"],
	"transformpassedparameters":["speedvar","idspeedx","idspeedy","quad","quadi","animationtimer","-blowminspeedx","-blowmaxspeedx","-blowminspeedy","-blowmaxspeedy","-vargrav"],
	"treattransformasdeath":true,
	"transformenemyanimationondeath":"deletelayer",
	"transformsetparameters":[["justspawned",false]],

	"speedvar":1,
	"basespeedx":0,
	"basespeedy":0,
	"idspeedx":0,
	"idspeedy":0,
	"vargrav":-180,
	"customtimer":[
		[0,["set","portaled"],["property","dosupersize"]],
		[0,["set","idspeedx"],["property","basespeedx"]],
		[0,["set","idspeedy"],["property","basespeedy"]],


		[0,["set","var1"],["property","vargrav"]],
		[0,["multiply","var1"],["property","customtimertimer"]],
		[0,["add","blowmaxspeedy"],["property","var1"]],

		[0,["set","speedx"],["property","basespeedx"]],
		[0,["set","speedy"],["property","basespeedy"]],
		[0,["divide","speedx"],["property","speedvar"]],
		[0,["divide","speedy"],["property","speedvar"]],


		[0,["set","customtimertimer"],0],
		[0,["set","vargrav"],-80],


		[0,["set","blowmaxspeedx"],["property","speedx"]],
		[0,["set","blowmaxspeedy"],["property","speedy"]],
		[0,["set","blowminspeedx"],["property","speedx"]],
		[0,["set","blowminspeedy"],["property","speedy"]],
		[0,["multiply","blowminspeedx"],["property","speedvar"]],
		[0,["multiply","blowmaxspeedx"],["property","speedvar"]],
		[0,["multiply","blowminspeedy"],["property","speedvar"]],
		[0,["multiply","blowmaxspeedy"],["property","speedvar"]],

		[0,["set","currentcustomtimerstage"],3]
	],

	"offsetX": 8,
	"offsetY": 0,
	"quadcenterX": 8,
	"quadcenterY": 8
}