{
	"hidden":true,

	"dontstoplasers":true,
	"ignorefunnels":true,
	"ignoreplatform":true,
	"ignorequicksand":true,
	"resistseverything":true,
	"regiontriggerexclude":true,
	
	"width": 1,
	"height": 1,
	
	"static": false,
	"active": true,
	"gravity":0,
	"nocollidestops":false,
	
	"category": 1,
	
	"mask": [	true, 
				true, true, true, true, true,
				true, true, true, true, true,
				true, true, true, true, true,
				true, true, true, true, true,
				true, true, true, true, true,
				true, true, true, true, true,
				true, true, false, false, true],
					
	
	"emancipatecheck": false,
	"autodelete": false,
	"dontspawnnearcheckpoint": false,
	"ignorefaithplates":true,

	"blowable":false,
	"blowstaticenemies":true,
	"blownotactiveenemies":true,
	"blowrange":[0,0,1,1],
	"blowchecktable":["flower",
			  "icicle","blocktogglebutton",
			  "threeup","smbsitem","donut","cannonballcannon",
			  "checkpointflag","grinder","muncher"],
	"blowminspeedx":0,
	"blowmaxspeedx":0,
	"blowminspeedy":0,
	"blowmaxspeedy":0,
	"blowstrong":true,
	"blowspeedy":0,

	"transforms":false,
	"transformsinto":["nil"],
	"transformtrigger":["animation"],
	"transformanimation":["deletelayer"],

	"customtimer":[
		[0,["set","transforms"],true],
		[0,["set","quadgroup"],["property","parent"]],

		[0,"setframe","speedx"],
		[0,["set","speedx"],["property","quad"]],
		[0,"setframe","speedy"],
		[0,["set","speedy"],["property","quad"]],

		[0,"setframe","x"],
		[0,["set","x"],["property","quad"]],
		[0,"setframe","y"],
		[0,["set","y"],["property","quad"]],

		[0,"setframe","blowmaxspeedx"],
		[0,["set","blowspeedx"],["property","quad"]],
		[0,"setframe","blowminspeedy"],
		[0,["set","blowspeedy"],["property","quad"]],
		[0,["set","customtimertimer"],0]
	]
}