{
	"quadcount": 3,
	"nospritesets":true,
	"quadno": 1,
	"hidden":true,

	"spawnsound":"energybounce",

	"animationtriggeronspawn":"fling",

	"dontstoplasers":true,
	"ignorefunnels":true,
	"ignoreplatform":true,
	"resistseverything":true,
	"regiontriggerexclude":true,
	
	"width": 1,
	"height": 1,

	"animationtype":"frames",
	"animationstart":1,
	"animationframes":3,
	"animationspeed":0.034,

	"_drawback":true,
	
	"static": false,
	"active": false,
	"gravity":0,
	"nocollidestops":true,
	
	"category": 1,
	
	"mask": [	true, 
				true, true, true, true, true,
				true, true, true, true, true,
				true, true, true, true, true,
				true, true, true, true, true,
				true, true, true, true, true,
				true, true, true, true, true,
				true],
					
	
	"emancipatecheck": false,
	"autodelete": false,
	"dontspawnnearcheckpoint": false,
	"lifetime":0.1,

	"customtimer":[
		[0,["set","quadno"],1],
		[0,["set","animationtimer"],0],
		[0,["set","quadi"],1],
		[0,["set","animationtimerstage"],1]
	],
	"dontloopcustomtimer":true,

	"offsetX": 8,
	"offsetY": 0,
	"quadcenterX": 8,
	"quadcenterY": 8
}