{
	"quadcount": 22,
	"quadno": 1,
	"nospritesets":true,
	"hidden":true,

	"resistseverything":true,

	"spawnoffsety":0.5,

	"track":true,

	"ignoreplatform":true,
	"dontstoplasers":true,

	"width": 0,
	"height": 0,
	"offset": -0.5,
	"size":3,

	"animationscalex":-1,

	"speedx":0,
	"speedy":0,

	"speed":0,
	"targetspeed":0,

	"drawback":true,

	"doesntunrotate":true,

	"rotation": -1.57079632679,
	"restrotation": 1.57079632679,

	"static": true,
	"active": false,
	
	"category": 15,
	"mask": [	true, 
					true, true, true, true, true,
					true, true, true, true, true,
					true, true, true, true, true,
					true, true, true, true, true,
					true, true, true, true, true,
					true, true, true, true, true,
					true, true],

	"checktable":["player", "enemy", "mushroom", "oneup", "star", "box", "smallspring", "powblock", "thwomp", "fireball", "pbutton", "levelball", "plantfire", "ice"],

	"trackable":true,
	"trackoffsetx":0,
	"trackoffsety":0.25,
	"trackanimtimer":1,
	"track":false,

	"spawnenemydelays":[99999],
	"spawnenemytimer":0,
	"spawnenemydelay":99999,

	"blowrange":[-0.5, 0, 1, 1],
	"blowstrong":true,
	"blowspeedy":99999999,
	"blowchecktable":["redseesaw"],

	"customtimer":[
		[0,["set","spawnenemy"],["property","fakeupdate"]],
		[0,["set","spawnsenemy"],["property","customtimertimer"]],
		[0,"setframe",["property","quadno"]],

		[0,["reverse","rotation"]],
		[0,"spawnenemy"],
		[0,["reverse","rotation"]],

		[0,["set","customtimertimer"],0]
	],

	"offsetX": 0,
	"offsetY": 12,
	"quadcenterX": 12,
	"quadcenterY": 176
}