{
	"hidden":true,

	"width":0.1,
	"height":0.1,

	"category":6,
	"mask": [	true, 
			true, false, true, true, true,
			true, true, true, true, true,
			true, true, true, true, true,
			true, true, true, true, true,
			true, true, true, true, true,
			true, true, true, true, true,
			true],
	"sticktoplayer":1,
	"resistseverything":true,

	"spawnsenemy":"track helper",
	"spawnenemydelays":[9999999999],
	"dospawnsetparameters":[
		["frozen",null],
		["x",null],
		["y",null],
		["killsenemiesontop",null],
		["killsenemiesonleft",null],
		["killsenemiesonright",null],
		["killsenemiesontop",null],
		["killsenemiesonbottom",null],
		["killsenemiesonsides",null],
		["killsenemiesonpassive",null],
		["startactive",null],
		["startdrawable",null],
		["spawnallow",null],
		["spawnedenemies",null],
		["speedx",null],
		["speedy",null],
		["shot",null],
		["outtable",null],
		["falling",null],
		["combo",null],
		["gravitydirection",null],
		["mask",null],
		["static",null],
		["active",null],
		["rotation",null],
		["t",null],
		["startgravity",null],
		["gravity",null],
		["startx",null],
		["starty",null],
		["throwanimationstate",null],
		["quadcount",null],
		["quadno",null],
		["width",null],
		["height",null],
		["hidden",null],
		["drawable",null],
		["instantdelete",null],
		["trackable",false]
	],
	"spawnpassedparameters":["releasefunc","__baseclass","trackgravity"],

	"spawnedi":1,

	"customtimer":[
		[0,["set","customtimeraction"],["property","customtimeraction"]],
		[0,["set","spawnenemy"],["property","spawnenemy"]],
		[0,["set","spawnstore"],["property","spawnenemy"]],
		[0,["set","baseclassstore"],["property","__baseclass"]],

		[0,["set","passivecollide"],["property","addoutput"]],
		[0,["set","customtimertimer"],0],
		[0,["set","quadgroup"],["property","outtable"]],
		[0,"setframe",1],
		[0,["set","quadgroup"],["property","quad"]],
		[0,"setframe",2],
		[0,["set","playerobj"],["property","quad"]],
		[0,["set","quadgroup"],["property","quad"]],
		[0,"setframe","__baseclass"],
		[0,["set","mariobaseclass"],["property","quad"]],
		[0,"setframe","speedx"],
		[0,["set","spawnenemyspeedx"],["property","quad"]],
		[0,"setframe","speedy"],
		[0,["set","spawnenemyspeedy"],["property","quad"]],
		[0,"setframe","gravity"],
		[0,["set","trackgravity"],["property","quad"]],

		[0,["set","active"],false],

		[0,["set","spawnsetparameters"],["property","dospawnsetparameters"]],
		[0,["set","__baseclass"],["property","mariobaseclass"]],
		[0,"spawnenemy"],
		[0,["set","__baseclass"],["property","baseclassstore"]],
		[0,["set","spawnsetparameters"],false],
		[0,"spawnenemy"],
		[0,["set","spawnenemy"],["property","releasefunc"]],
		[0,["set","quadgroup"],["property","spawnedenemies"]],
		[0,"setframe",["property","spawnedi"]],
		[0,["set","oldb"],["property","quad"]],
		[0,["set","b"],["property","playerobj"]],
		[0,"spawnenemy"],


		[0,["set","b"],["property","quad"]],
		[0,["add","spawnedi"],1],
		[0,"setframe",["property","spawnedi"]],
		[0,["set","oldb"],["property","quad"]],
		[0,"spawnenemy"],

		[0,["set","instantdelete"],true]
	],
	"dontloopcustomtimer":true,
}