{
	"name": "odyssey mario",
	
	"colorables": [
		"don't change the colors plz",
		"credit to williamfrog",
		"skin",
		"overalls",
		"gloves",
		"fists",
		"eyes and 'stache"],
	"colors": [
		[230,0,19],
		[131,72,41],
		[255,182,106],
		[0,93,172],
		[255,255,255],
		[202,198,175],
		[32,32,32]
		],
	
	"defaultcolors": [
		[[230,0,19],
		[131,72,41],
		[255,182,106],
		[0,93,172],
		[255,255,255],
		[202,198,175],
		[32,32,32]],
		
		[[230,0,19],
		[131,72,41],
		[255,182,106],
		[0,93,172],
		[255,255,255],
		[202,198,175],
		[32,32,32]],
		
		[[230,0,19],
		[131,72,41],
		[255,182,106],
		[0,93,172],
		[255,255,255],
		[202,198,175],
		[32,32,32]],
		
		[[230,0,19],
		[131,72,41],
		[255,182,106],
		[0,93,172],
		[255,255,255],
		[202,198,175],
		[32,32,32]]
		],

	"flowercolor": [[252,216,168], [216,40,0], [252,152,56]],
	"hammersuitcolor": [[0,0,0], [255,255,255], [252,152,56]],
	"frogsuitcolor": [[0,168,0], [0,0,0], [252,152,56]],
	"iceflowercolor": [[225,255,255], [60, 188, 252], [252,152,56]],
	"tanookisuitcolor": [[200,76,12], [0,0,0], [252,152,56]],
	"superballcolor": [[100,100,50], [160,160,100], [230,230,180]],
	
	"smallducking": false,

	"swimpushframes": 1,
	"fenceframes": 2,

	"smalloffsetX": 5,
	"smalloffsetY": 8,
	"smallquadcenterX": 11,
	"smallquadcenterY": 20,
	"smallquadwidth": 22,
	"smallquadheight": 36,
	"smallimgwidth": 374,
	"smallimgheight": 34,

	"bigquadcenterY": 16,
	"bigquadcenterX": 9,
	"bigoffsetY": -1,
	"bigoffsetX": 6,
	"bigquadwidth": 20,
	"bigquadheight": 33,
	"bigimgwidth": 340,
	"bigimgheight": 33,

	"duckquadcenterY": 20,
	"duckoffsetY": 6,

	"boomerangquadcenterY": 20,
	"boomerangquadcenterX": 9,
	"boomerangoffsetY": -3,
	"boomerangoffsetX": 6,
	"boomerangquadwidth": 20,
	"boomerangquadheight": 33,
	"boomerangimgwidth": 340,
	"boomerangimgheight": 33,

	"hats": false,
	"defaulthat":0,
	"portalgununderhat":true,
	"defaultsize":2,
	"health":3,

	"jumpforce":16.2,
	"jumpforceadd":0,
	"friction":13,
	"superfriction":13,
	"runacceleration":14,
	"airslidefactor":1.3,

	"nopointing":true,
	"aimwithoutportalgun":true,
	"portalgun":true,

"fireenemy":{
	"enemy":["roll boost", "capspin left","capspin right","capspin down","usepress up","usepress left","usepress right","usepress down", "usepress", "ground pound", "wall slide left test", "wall slide right test", "jumppress", "spincheck air","spincheck ground","runpress","leftpress","rightpress"],
	"max":[1, 1, 1, 1, 1, 1, 1, 1, 1, 1, 1, 1, 1, 1, 1, 1, 1, 1],
	"button":["use","use","use","down","use","use","use","down","use","down","jump","jump","jump","up","up","run","left","right"],
	"holdbutton":["down","left","right","use","up","left","right","use","use",false,"left","right",false,false,false,"run",false,false],
	"speed":[0.05,0,0,0.001,0,0,0,0,0,0.01,0,0,0,0.001,0.001,0,0,0],
	"addplayerspeedx":[true,true,true,true,false,false,false,false,false,false,true,true,false,true,true,true,true,true],
	"addplayerspeedy":[false,true,true,true,false,false,false,false,false,false,true,true,false,true,true,true,true,true],
	"killonbuttonrelease":[false,false,false,false,false,false,false,false,false,false,false,true,true,false,false,false,true,true],
	"fireanim":["jump",false,false,false,false,false,false,false,false,false,"jump","jump","jump","jump","jump","run", "run", "run"],
	"firequad":[1, 0, 0, 0, 0, 0, 0, 0, 0, 0, 1, 1, 1, 1 ,1, 1, 1, 1],
	"offsety":[0, 0, 0, 0, 0, 0, 0, 0, 0, 0, 0, 0, 0, 0, 0, 0, 0, 0],
	"offsetx":[0, 0, 0, 0, 0, 0, 0, 0, 0, 0, 0, 0, 0, 0, 0, 0, 0, 0],
	"ride":[true, true, true, true, false, false, false, false, false, true, true, true, false, true, true, false, false, false],
	"rideoffsetx":[0, 0, 0, 0, 0, 0, 0, 0, 0, 0, 0, 0, 0, 0, 0, 0, 0, 0, 0],
	"rideoffsety":[0, 0, 0, 0, 0, 0, 0, 0, 0, -0.75, 0, 0, 0, 0, 0, 0, 0, 0, 0],
	"rideactive":[true, true, true, true, false, false, false, false, false, true, true, true, false, true, true, false, false, false],
	"ridedrawable":false,
	"rideaftertransform":[true, false, false, false, false, false, false, false, false, true, true, true, false, true, true, false, false, false],
	"dontfirewhenriding":[true, true, true, true, false, false, false, false, false, true, true, true, false, true, true, false, false, false],
	"firewhenjumping":[false, false, false, false, false, false, false, false, false, true,true,true, false, true, false, false, false, false],
	"firewhenfalling":[false,false, false, false, false, false, false, false, false, true, true, true, false, true, false, false, false, false],
	"firewhennotfalling":[true, false,false, false, false, false, false, false, false, false, false, false, false, false, true, false, false, false],
	"firewhennotjumping":[true, false, false, false, false, false, false, false, false, false, false, false, false, false, true, false, false, false],
	"fireifducking":[true, true, true, true, true, true, true, true, true, true, true,true, true, true, true, false, false, false],
	"nofiresound":true
	}
}