{
	"trackable": false,
	"dontEnterClearPipes":true,
	"hidden": true,
	
	"quadcount": 1,
	"animationtype":"frames",
	"animationstart":1,
	"animationframes":1,
	"animationspeed":50,

	"spawnsound":"thwomp",

	"lifetime": 0.5,
	"regiontriggerexclude":true,

	"width": 0.75,
	"height": 0.75,

	"active": true,

	"category": 5,
	"nospritesets":true,

	"breaksBlocks":true,
	"breakBlockSide":"floor",
	"breaksHardBlocks":false,
	"breaksFlipBlocks":false,

	"gravity":100,

	"weight":999999999,
	

	"mask": [true,
				false, true, false, false, true,
				false, false, false, false, false,
				false, true, false, false, true,
				true, true, false, false, false,
				true, true, false, false, true,
				false, false, false, false, true,
				false, false, false, false],
	"resistseverything": true,
	"noCollideStops":false,
	"platformpush":false,

	"transforms":true,
	"transformtrigger":["falling","collide","collide","collide","collide"],
	"transformtriggerenemycollide":["nobouncecappy","jumppress","usepress down","cappy"],
	"transformsinto":["ground pound","gpj transfer","capspin down","despawnfastcapjump","despawnfastlow"],
	"transformpassedparameters":["speedx","speedy"],
	"transformsetparameters":[
		["currentcustomtimerstage",7],
		["rotationanimationspeed",0],
		["rotation",0],
		["gravity",100]
		
	],
	"transformsetparametersbeforespawn":false,
	"playerneardist":0,

	"customtimer":[
		[0.001,["set","playerneardist"],["property","speedy"]]
	],
	"dontloopcustomtimer":false,

	"offsetx": 7,
	"offsety": 4.5,
	"quadcenterx": 10.5,
	"quadcentery": 10.5,
}