{
	"^_comment": "creddit to alesan for making the original wind",
	
	"quadcount": 8,
	"resistseverything": false,
	"blowable":false,
	"spawnonload":false,

	"animationtype":"frames",
	"animationstart":1,
	"animationframes":8,
	"animationspeed":0.1,

	"offsetX": 4,
	"offsetY": 4,
	"quadcenterX": 4,
	"quadcenterY": 4,
	
	"hidden": true,
	"spawnoffsetx": 0.3,
	"spawnoffsety": -0.5,

	"width": 0.5,
	"height": 0.5,
 
	"static": false,
	"active": true,
	
	"gravity": 0,
	
	"category": 1,
 
	"mask": [	true, 
		true, true, true, true, true,
		true, true, true, true, true,
		true, true, true, true, true,
		true, true, true, true, true,
		true, true, true, true, true,
		true, true, true, true, true],
	"nocollidestops":true,

	"lifetime": 0.375,
 
	"emancipatecheck": false,
	"autodelete": true,
 
	"nospritesets": true
}