{
	"description":"vacuum - sucks air from the direction it is facing",

	"quadcount": 4,
	"nospritesets": true,
	"dontmirror": true,
	
	"width": 1,
	"height": 1,
	
	"offsetX": 8,
	"offsetY": 0,
	"quadcenterX": 8,
	"quadcenterY": 8,

	"static": true,
	"active": true,

	"trackable": true,

	"emancipatecheck": false,
	"autodelete": true,
	"spawnonload":false,

	"category": 2,
	"mask": [ true, 
			false, false, false, false, true,
			false, true, false, true, false,
			false, false, false, false, false,
			true, true, false, false, false,
			false, true, true, false, false,
			true, false, true, true, true],

	"blowrange": [0, 0, 1, 1],
	"blowchecktable": ["player", "goomba", "koopa", "mushroom","enemy"],
	"blowspeedy": 0,
	"blowspeedx": 0,
	"blowminspeedy": -100,
	"blowmaxspeedy": 100,
	"blowminspeedx": -100,
	"blowmaxspeedx": 100,
	"blowable":false,
	
	"solidkill": true,
	"resistseverything": true,
	"drawback": true,

	"spawnsenemy": "reverse wind",
	"spawnenemydelays": [0.05],

	"rightclickmenutable": true,
	"rightclickmenumultipleproperties": true,
	"rightclickmenu": ["epic fans",
		[
			["quadno", 1],
			["blowrange", [-0.5, -4.5, 2, 5]],
			["blowspeedy", 15.5],
			["blowminspeedy", -24],
			["blowmaxspeedy", 100],
			["spawnenemyspeedy", 12],
			["spawnenemyoffsetx", -0.3],
			["spawnenemyoffsety", -4.75],
			["spawnenemyspeedxrandomstart",-1],
			["spawnenemyspeedxrandomend",1],
			["customtimer", [ [0.001, ["random", "spawnenemyoffsetx"], [-0.75, -0.55, -0.4, -0.3, -0.2, -0.05, 0.15] ] ] ]
		],
		[
			["quadno", 2],
			["blowrange", [-4.5, -0.5, 5, 2]],
			["blowspeedx", 15.5],
			["blowminspeedx", -12],
			["blowmaxspeedx", 24],
			["spawnenemyspeedx", 12],
			["spawnenemyoffsetx", -5.3],
			["spawnenemyspeedyrandomstart",-1],
			["spawnenemyspeedyrandomend",1],
			["customtimer", [ [0.001, ["random", "spawnenemyoffsety"], [-0.2, 0, -0.15, 0.25, 0.35, 0.5, 0.7] ] ] ]
		],
		[
			["quadno", 3],
			["blowrange", [-0.5, 0.5, 2, 5]],
			["blowspeedy", -15.5],
			["blowminspeedy", -24],
			["blowmaxspeedy", 12],
			["spawnenemyspeedy", -12],
			["spawnenemyoffsety", 5.25],
			["spawnenemyspeedxrandomstart",-1],
			["spawnenemyspeedxrandomend",1],
			["customtimer", [ [0.001, ["random", "spawnenemyoffsetx"], [-0.75, -0.55, -0.4, -0.3, -0.2, -0.05, 0.15] ] ] ]
		],
		[
			["quadno", 4],
			["blowrange", [0.5, -0.5, 5, 2]],
			["blowspeedx", -15.5],
			["blowminspeedx", -24],
			["blowmaxspeedx", 12],
			["spawnenemyspeedx", -12],
			["spawnenemyoffsetx",4.75],
			["spawnenemyspeedyrandomstart",-1],
			["spawnenemyspeedyrandomend",1],
			["customtimer", [ [0.001, ["random", "spawnenemyoffsety"], [-0.2, 0, -0.15, 0.25, 0.35, 0.5, 0.7] ] ] ]
		]
	],

	"rightclickmenudisplay": ["direction", "up", "left", "down", "right"]
}