{
	"quadcount": 3,
	"nospritesets":true,

	"spawnsound":"blockhit",
	
	"animationtype": "frames",
	"animationframes": 4,
	"animationstart": 1,
	"animationspeed": 0.04,

	"lifetime":0.12,
	
	"width": 0.5,
	"height": 0.5,
	
	"static": true,
	"active": false,
	
	"category": 13,
	
	"mask": [	true,
				false, true, false, false, true,
				false, true, false, true, false,
				false, true, false, true, false,
				true, true, false, false, false,
				false, true, false, false, true,
				false, false, false, false, true,
				false, true],
					
	
	"emancipatecheck": false,
	"autodelete": true,
	"dontspawnnearcheckpoint": false,
	"resistseverything":true,
	
	"offsetX": 4,
	"offsetY": 4,
	"quadcenterX": 8,
	"quadcenterY": 8,

	"light": 2
}