{
	"quadcount": 1,
	"nospritesets":true,
	"hidden":true,
	"doesntunrotate":true,

	"facesplayer":true,
	
	"width": 0.75,
	"height": 0.75,
	
	"static": true,
	"activestatic":true,
	"active": true,
	
	"category": 3,
	
	"mask":[	true, 
			false, true, false, false, true,
			false, true, false, false, false,
			false, true, false, false, false,
			false, false, false, false, false,
			false, false, false, false, false,
			false, false, false, false, false,
			false, true, false, false, false],
	"doesntpressbuttons":true,
	"dontenterclearpipes":true,
	"blowable":false,
	"ignorefaithplates":true,
	"regiontriggerexclude":true,
	"nocollidestops":true,
	"resistseverything":true,
	"dontstoplasers":true,
	"ignorefunnels":true,
	"ignoreplatform":true,
	"trackable":false,

	"ignorerightcollide":true,
	"ignoreleftcollide":true,
	"ignoreceilcollide":true,
	"ignorefloorcollide":true,
	"-hollow":true,

	"transforms":true,
	"transformsinto":["tpvanish","jumpend","cantjump"],
	"transformtrigger":["animation","x","collide"],
	"transformanimation":["cancel","jump","collide"],
	"transformpassedparameters":["spawner","animationdirection","sticktoplayeroffsetx"],
	"transformsetparameters":[["justspawned",false]],

	"sticktonearestplayer":true,
	"sticktoplayeroffsety":-0.02,

	"customtimer":[
		[0,["set","quadstore"],["property","quadgroup"]],
		[0,["set","quadgroup"],["property","spawner"]],

		[0,"setframe","sticktoplayeroffsetx"],
		[0,["set","sticktoplayeroffsetx"],["property","quad"]],
		[0,["multiply","sticktoplayeroffsetx"],2],

		[0,["set","quadgroup"],["property","quadstore"]],
		[0,"setframe",1],

		[0,["set","customtimertimer"],0],
		[0,["set","transformtrigger"],["animation","animation","collide"]]
	],
	"dontloopcustomtimer":false,
	
	"offsetX": 5,
	"offsetY": 3,
	"quadcenterX": 8,
	"quadcenterY": 8
}