{
	"quadcount": 1,
	"nospritesets":true,
	"hidden":true,
	
	"quadno": 1,
	
	"width": 2.1,
	"height": 0.75,
	
	"static": true,
	"activestatic":true,
	"active": true,
	"gravity":0,

	"spawnsenemy":"jumppreview",
	"spawnenemydelays":[999],
	
	"category": 3,
	
	"mask": [	true, 
				true, true, true, true, true,
				true, true, true, false, true,
				true, true, true, true, true,
				true, true, true, true, true,
				true, true, true, false, true,
				true, true, true, true, true,
				true, true, false, false, false],
	"doesntpressbuttons":true,
	"dontenterclearpipes":true,
	"blowable":false,
	"ignorefaithplates":true,
	"regiontriggerexclude":true,
	"nocollidestops":true,
	"resistseverything":true,
	"dontstoplasers":true,
	"ignorefunnel":true,
	"ignoreplatform":true,
	"trackable":false,

	"transforms":true,
	"transformsinto":["despawnfast","nil","nil"],
	"transformtrigger":["collide","animation","animation"],
	"transformanimation":["collide","cancel","meh"],

	"customtimer":[
		[0,["set","spawnenemyoffsetx"],["property","sticktoplayeroffsetx"]],
		[0,"spawnenemy"],
		[0,["set","customtimertimer"],0],
		[0,["set","transformanimation"],["collide","cancel","jump"]]
	],
	"dontloopcustomtimer":true,
	
	"offsetX": 6,
	"offsetY": 3,
	"quadcenterX": 8,
	"quadcenterY": 8
}