{
	"quadcount": 3,
	"nospritesets":true,
	"quadno": 1,
	"hidden":true,

	"spawnsound":"portal1open",

	"spawnchildren":["jumpstart"],

	"animationtriggeronspawn":"warped",

	"blowable":false,

	"width": 0.75,
	"height": 0.75,

	"animationtype":"frames",
	"animationstart":1,
	"animationframes":3,
	"animationspeed":0.034,
	
	"active": false,

	"lifetime":0.1,

	"teleportnearestplayer":true,
	"teleportplayerspeedx":0,
	"teleportplayerspeedy":0,

	"customtimer":[
		[0,["set","quadno"],1],
		[0,["set","animationtimer"],0],
		[0,["set","quadi"],1],
		[0,["set","animationtimerstage"],1],

		[0.05,"playsound","portalenter"]
	],
	"dontloopcustomtimer":true,

	"offsetX": 6,
	"offsetY": 2,
	"quadcenterX": 8,
	"quadcenterY": 8
}