{
	"width": 1,
	"height": 1,
	"hidden":true,

	"static": true,
	"activestatic":true,
	"active": true,

	"category": 2,
	"ignoreceilcollide":true,
	"ignoreleftcollide":true,
	"ignorerightcollide":true,
	"ignorefloorcollide":true,
	"mask": [	true, 
				false, true, true, true, true,
				true, true, true, true, true,
				true, true, true, true, true,
				true, true, true, true, true,
				true, true, true, true, true,
				true, true, true, true, true,
				true],
	"lifetime":0.05,
}