{
	"width": 0.75,
	"height": 0.75,
	"hidden":true,

	"ignoregravity":true,
	"hitboxcolor":[255,255,0],

	"mask":[true,
		false, true, false, false, false,
		false, false, false, true, false,
		true, false, false, false, false,
		false, false, false, false, false,
		false, false, false, false, false,
		false, false, false, false, false,
		false, true, true, true],
	"resistseverything":true,
	"freezable":false,
	"noshotsound":true,
	"doesntflyawayonfireball":true,
	"dontstoplasers":true,
	"ignoreleftcollide":true,
	"ignorerightcollide":true,
	"ignoreceilcollide":true,
	"ignorefloorcollide":true,
	"nocollidestops":true,
	"portalable":false,
	"doesntpressbuttons":true,
	"dontenterclearpipes":true,

	"transforms":true,
	"transformsinto":["stasis controller","nil","nil","nil","nil","nil","nil","nil","nil","nil","nil"],
	"transformtrigger":["shot","animation","collide","collide","collide","collide","collide","collide","collide","collide","collide"],
	"transformtriggerobjectcollide":["n/a","n/a","skewer","door","castlefire","platform","longfire","angrysun","rocketturret","clearpipesegment","vine"],
	"transformanimation":"unstasising",

	"transformpassedparameters":["holdfunc","releasefunc","outtable"],
	"transformenemyanimationondeath":"removepstickers",
	"treattransformasdeath":true,
	"animationtriggerondeath":"freezefinish",

	"customtimer":[
		[0,["set","customtimertimer"],0],
		[0,["set","globalcollide"],["property","addoutput"]],
		[0,["set","customtimertimer"],0],

		[0,["set","quadgroup"],["property","outtable"]],
		[0,"setframe",1],
		[0,["set","transforms"],["property","quad"]],
		[0,["set","lifetimer"],0],
		[0,["set","spawnenemy"],["property","shotted"]],
		[0,["set","spawnsenemy"],1],
		[0,["set","resistseverything"],false],
		[0,["set","active"],false],
		[0,"spawnenemy"]
	]
}