{
	"width": 0,
	"height": 0,
	"hidden":true,

	"active": false,

	"xrelativetocamera":0,
	"yrelativetocamera":14.5,

	"portalsourcex":0,
	"portalsourcey":0,
	"portalgun":true,
	"playernumber":1,
	"pointingangle":0,

	"transforms":true,
	"transformsinto":"nil",
	"transformtrigger":"animation",
	"transformanimation":"removepstickers",

	"customtimer":[
		[0,["set","spawnenemy"],["property","updateangle"]],
		[0,"spawnenemy"],
		[0,["reverse","pointingangle"]],
		[0,["subtract","pointingangle"],1.57079633],
		[0,["set","customtimertimer"],0]
	],
}