{
	"width": 100,
	"height": 100,
	"hidden":true,

	"animationtriggeronspawn":"freeze1test",

	"spawnchildren":["stasis box"],
	"spawnchildrenparent":true,

	"hitboxcolor":[255,255,0],

	"active":false,

	"transforms":false,
	"transformsinto":"unstasis",
	"transformtrigger":"animation",
	"transformanimation":"unfreeze",
	"transformpassedparameters":["holdfunc","releasefunc","outtable","enemy","oldenemystatic","oldenemyactive","oldenemycustomscissor","oldenemyresistsyoshitounge","oldenemytrackspeed"],

	"customtimer":[
		[0,["set","fireballcallback"],["property","transform"]],
		[0,["set","quadgroup"],["property","outtable"]],
		[0,"setframe",1],
		[0,["set","quadgroup"],["property","quad"]],
		[0,"setframe",1],
		[0,["set","enemytype"],["property","quad"]],
		[0,["print","enemytype"]],
		[0,"setframe",2],
		[0,["set","enemy"],["property","quad"]],
		[0,["set","quadgroup"],["property","quad"]],

		[0,"setframe","active"],
		[0,["set","oldenemyactive"],["property","quad"]],
		[0,"setframe","static"],
		[0,["set","oldenemystatic"],["property","quad"]],
		[0,"setframe","customscissor"],
		[0,["set","oldenemycustomscissor"],["property","quad"]],
		[0,"setframe","resistsyoshitounge"],
		[0,["set","oldenemyresistsyoshitounge"],["property","quad"]],
		[0,"setframe","trackspeed"],
		[0,["set","oldenemytrackspeed"],["property","quad"]],

		[0,["set","loopline"],["property","currentcustomtimerstage"]],

		[0,"setframe","x"],
		[0,["set","x"],["property","quad"]],
		[0,["subtract","x"],50],
		[0,"setframe","y"],
		[0,["set","y"],["property","quad"]],
		[0,["subtract","y"],50],

		[0,"setframe","width"],
		[0,["divide","quad"],2],
		[0,["add","x"],["property","quad"]],
		[0,"setframe","height"],
		[0,["divide","quad"],2],
		[0,["add","y"],["property","quad"]],


		[0,"setframe","immunetopsychicmariosfreezingpowers"],
		[0,["set","instantdelete"],["property","quad"]],


		[0,["set","spawnenemy"],["property","holdfunc"]],
		[0,"spawnenemy"],
		[0,["set","transforms"],true],

		[0,["set","customtimertimer"],0],

		[0,["set","currentcustomtimerstage"],["property","loopline"]]
	]
}