{
	"width": 1,
	"height": 1,
	"hidden":true,

	"static": true,
	"activestatic":true,
	"active": true,

	"spawnchildren":["freezer","freezee"],
	"animationtriggeronspawn":"freezestart",

	"category": 2,
	"ignoreceilcollide":true,
	"ignoreleftcollide":true,
	"ignorerightcollide":true,
	"ignorefloorcollide":true,
	"mask": [	true, 
				true, true, true, true, true,
				true, true, true, true, true,
				true, true, true, true, true,
				true, true, true, true, true,
				true, true, true, true, true,
				true, true, true, true, true,
				false],
	"doesntpressbuttons":true,

	"transformpassedparameters":["holdfunc","releasefunc","updateangle"],
	"transformpassedparametersbeforespawn":true,

	"transforms":true,
	"transformsinto":"nil",
	"transformtrigger":"animation",
	"transformanimation":"freezehalt",

	"customtimer":[
		[0,["set","collidestore"],["property","passivecollide"]],
		[0,["set","passivecollide"],["property","addoutput"]],

		[0,["set","customtimertimer"],0],
		[0,["set","customtimertimer"],0],
		[0,["set","customtimertimer"],0],
		[0,["set","customtimertimer"],0],

		[0,["set","quadgroup"],["property","outtable"]],
		[0,"setframe",1],
		[0,["set","quadgroup"],["property","quad"]],
		[0,"setframe",2],
		[0,["set","quadgroup"],["property","quad"]],
		[0,"setframe","hold"],
		[0,["set","holdfunc"],["property","quad"]],
		[0,"setframe","release"],
		[0,["set","releasefunc"],["property","quad"]],

		[0,["set","quadgroup"],["property","fireballthrower"]],
		[0,"setframe","updateangle"],
		[0,["set","updateangle"],["property","quad"]],

		[0,["set","customtimeraction"],["property","transform"]],
		[0,"stasis wait"]
	],
	"dontloopcustomtimer":true,

	"offsetX": 8,
	"offsetY": 8,
	"quadcenterX": 8,
	"quadcenterY": 16
}