{
	"quadcount": 5,
	"nospritesets":true,
	"hidden":true,
	
	"quadno": 1,
	
	"width": 0.75,
	"height": 0.75,

	"animationtype":"frames",
	"animationspeed":0.04,
	"animationstart":1,
	"animationframes":5,

	"spawnsound":"stasis wait",

	"active": false,

	"spawnsenemy":"psychic sticker",
	"spawnpassedparameters":["updateangle"],
	"spawnenemydelays":[9999],

	"transforms":true,
	"transformsinto":"proto freeze",
	"transformtrigger":"lifetime",
	"lifetimer":1,

	"transformsetparameters":[["currentcustomtimerstage",12],["transformsetparameters", false]],
	"transformpassedparameters":["sticker1","sticker2","quadstore","holdfunc","releasefunc"],

	"customtimer":[
		[0,["set","quadstore"],["property","quadgroup"]],
		[0,"spawnenemy"],
		[0,["set","spawnsetparameters"],[["xrelativetocamera",25]]],
		[0,"spawnenemy"],

		[0,["set","customtimertimer"],0],

		[0,["set","quadgroup"],["property","spawnedenemies"]],
		[0,"setframe",1],
		[0,["set","sticker1"],["property","quad"]],
		[0,"setframe",2],
		[0,["set","sticker2"],["property","quad"]],

		[0,["set","customtimeraction"],["property","transform"]],
		[0,"stasis wait"],


		[0,["set","loopline"],["property","currentcustomtimerstage"]],




		[0,["set","quadgroup"],["property","sticker1"]],

		[0,"setframe","x"],
		[0,["set","x1"],["property","quad"]],
		[0,"setframe","y"],
		[0,["set","y1"],["property","quad"]],

		[0,"setframe","pointingangle"],
		[0,["cos","x2"],["property","quad"]],
		[0,["sin","y2"],["property","quad"]],
		[0,["add","x2"],["property","x1"]],
		[0,["add","y2"],["property","y1"]],

		[0,["set","quadgroup"],["property","sticker2"]],

		[0,"setframe","x"],
		[0,["set","x3"],["property","quad"]],
		[0,"setframe","y"],
		[0,["set","y3"],["property","quad"]],

		[0,"setframe","pointingangle"],
		[0,["cos","x4"],["property","quad"]],
		[0,["sin","y4"],["property","quad"]],
		[0,["add","x4"],["property","x3"]],
		[0,["add","y4"],["property","y3"]],




		[0,["set","vard"],["property","x1"]],
		[0,["subtract","vard"],["property","x2"]],
		[0,["set","var1"],["property","y3"]],
		[0,["subtract","var1"],["property","y4"]],
		[0,["multiply","vard"],["property","var1"]],

		[0,["set","var1"],["property","y1"]],
		[0,["subtract","var1"],["property","y2"]],
		[0,["set","var2"],["property","x3"]],
		[0,["subtract","var2"],["property","x4"]],
		[0,["multiply","var1"],["property","var2"]],

		[0,["subtract","vard"],["property","var1"]],




		[0,["set","var1"],["property","x1"]],
		[0,["multiply","var1"],["property","y2"]],
			[0,["set","var2"],["property","y1"]],
			[0,["multiply","var2"],["property","x2"]],
		[0,["subtract","var1"],["property","var2"]],
			[0,["set","var2"],["property","x3"]],
			[0,["subtract","var2"],["property","x4"]],
		[0,["multiply","var1"],["property","var2"]],

		[0,["set","var2"],["property","x1"]],
		[0,["subtract","var2"],["property","x2"]],

		[0,["set","var3"],["property","x3"]],
		[0,["multiply","var3"],["property","y4"]],
			[0,["set","var4"],["property","y3"]],
			[0,["multiply","var4"],["property","x4"]],
		[0,["subtract","var3"],["property","var4"]],

		[0,["multiply","var2"],["property","var3"]],
		[0,["subtract","var1"],["property","var2"]],
		[0,["divide","var1"],["property","vard"]],
		[0,["set","x"],["property","var1"]],



		[0,["set","var1"],["property","x1"]],
		[0,["multiply","var1"],["property","y2"]],
			[0,["set","var2"],["property","y1"]],
			[0,["multiply","var2"],["property","x2"]],
		[0,["subtract","var1"],["property","var2"]],
			[0,["set","var2"],["property","y3"]],
			[0,["subtract","var2"],["property","y4"]],
		[0,["multiply","var1"],["property","var2"]],

		[0,["set","var2"],["property","y1"]],
		[0,["subtract","var2"],["property","y2"]],

		[0,["set","var3"],["property","x3"]],
		[0,["multiply","var3"],["property","y4"]],
			[0,["set","var4"],["property","y3"]],
			[0,["multiply","var4"],["property","x4"]],
		[0,["subtract","var3"],["property","var4"]],

		[0,["multiply","var2"],["property","var3"]],
		[0,["subtract","var1"],["property","var2"]],
		[0,["divide","var1"],["property","vard"]],
		[0,["set","y"],["property","var1"]],


		[0,["subtract","x"],0.375],
		[0,["subtract","y"],0.375],


		[0,["set","quadgroup"],["property","quadstore"]],
		[0,"setframe",["property","quadi"]],
		[0,["set","customtimertimer"],0],
		[0,["set","currentcustomtimerstage"],["property","loopline"]]
	],
	"dontloopcustomtimer":true,

	"offsetX": 6,
	"offsetY": 2,
	"quadcenterX": 8,
	"quadcenterY": 8
}