{
	"quadcount":5,
	"nospritesets":true,

	"width": 1,
	"height": 1,
	"hidden":true,

	"static": true,
	"activestatic":true,
	"active": true,

	"animationtype":"frames",
	"animationspeed":0.04,
	"animationstart":1,
	"animationframes":5,

	"category": 2,
	"mask": [	true, 
				false, true, true, true, true,
				true, true, true, true, true,
				true, true, true, true, true,
				true, true, true, true, true,
				true, true, true, true, true,
				true, true, true, true, true,
				true],
	"resistseverything":true,
	"freezable":false,
	"solidkill":true,
	"portalable":false,
	"dontenterclearpipes":true,

	"transforms":true,
	"transformtrigger":["collide",""],
	"transformtriggerenemycollide":"proto freeze",
	"transformanimation":"unfreeze",
	"transformsinto":"nil",
	"treattransformasdeath":true,
	"transformenemyanimationondeath":"unstasising",

	"buttontable":{
		"tile":3,
		"gel":3,
		"enemy":6,
	},
	"doesntpressbuttons":true,

	"customtimer":[
		[0,["set","update"],["property","update"]],
		[0,["set","customtimeraction"],["property","customtimeraction"]],
		[0,["set","drawable"],false],
		[0,["set","fireballthrower"],["property","parent"]],
		[0,["set","t"],"unstasis"],

		[0,["set","customtimertimer"],0],
		[0,["set","quadstore"],["property","quadgroup"]],
		[0,["set","quadgroup"],["property","parent"]],
		[0,"setframe","enemy"],
		[0,["set","enemystore"],["property","quad"]],

		[0,["set","baseclassstore"],["property","__baseclass"]],
		[0,["set","__baseclass"],{"tablevar":0}],
		[0,"setframe","enemytype"],
		[0,["set","quadgroup"],["property","buttontable"]],
		[0,"setframe",["property","quad"]],
		[0,["set","tablevar"],["property","quad"]],
		[0,["set","var1"],6],
		[0,["subtract","var1"],["property","tablevar"]],
		[0,["add","currentcustomtimerstage"],["property","var1"]],
			[0,["set","quadgroup"],["property","enemystore"]],
			[0,"setframe","doesntpressbuttons"],
			[0,["set","doesntpressbuttons"],["property","quad"]],
			[0,["add","currentcustomtimerstage"],3],
			[0,["set","doesntpressbuttons"],true],
			[0,["add","currentcustomtimerstage"],1],
			[0,["set","doesntpressbuttons"],false],
		[0,["set","__baseclass"],["property","baseclassstore"]],

		[0,["set","loopline"],["property","currentcustomtimerstage"]],


		[0,["set","quadgroup"],["property","enemystore"]],
		[0,"setframe","mask"],
		[0,["set","mask"],["property","quad"]],
		[0,"setframe","category"],
		[0,["set","category"],["property","quad"]],
		[0,"setframe","x"],
		[0,["set","x"],["property","quad"]],
		[0,"setframe","y"],
		[0,["set","y"],["property","quad"]],
		[0,"setframe","width"],
		[0,["set","width"],["property","quad"]],
		[0,"setframe","height"],
		[0,["set","height"],["property","quad"]],
		[0,"setframe","PLATFORM"],
		[0,["set","PLATFORM"],["property","quad"]],
		[0,"setframe","PLATFORMDOWN"],
		[0,["set","PLATFORMDOWN"],["property","quad"]],
		[0,"setframe","PLATFORMLEFT"],
		[0,["set","PLATFORMLEFT"],["property","quad"]],
		[0,"setframe","PLATFORMRIGHT"],
		[0,["set","PLATFORMRIGHT"],["property","quad"]],
		[0,"setframe","delete"],
		[0,["set","kill"],["property","quad"]],
		[0,"setframe","dontstoplasers"],
		[0,["set","dontstoplasers"],["property","quad"]],

		[0,["set","animationscalex"],["property","width"]],
		[0,["set","animationscaley"],["property","height"]],
		[0,["set","offsetX"],8],
		[0,["multiply","offsetX"],["property","width"]],

		[0,["set","offsetY"],["property","height"]],
		[0,["multiply","offsetY"],-8],
		[0,["add","offsetY"],8],

		[0,"setframe","immunetopsychicmariosfreezingpowers"],
		[0,["set","instantdelete"],["property","quad"]],

		[0,["set","quadgroup"],["property","quadstore"]],
		[0,"setframe",["property","quadi"]],
		[0,["set","customtimertimer"],0],
		[0,["set","drawable"],true],
		[0,["set","transformtrigger"],["collide","animation"]],
		[0,["set","currentcustomtimerstage"],["property","loopline"]]
	],

	"offsetX":8,
	"offsetY":0,
	"quadcenterX":8,
	"quadcenterY":8,
}