{
	"quadcount": 14,
	"nospritesets": true,
	"showicononeditor": true,
	"spawnonload": true,
	"drawback": true,
	
	"width": 2,
	"height": 2,
	
	"offsetX": 16,
	"offsetY": -8,
	"quadcenterX": 16,
	"quadcenterY": 16,
	"spawnoffsetx": 0.5,
	
	"static": true,
	"active": true,
	"autodelete": false,
	
	"category": 2,
	"mask": [true,
		true, false, false, false, false,
		false, true, true, true, true,
		true, false, true, true, true,
		true, true, true, true, true,
		true, true, true, true, true,
		true, true, true, true, true],

	"resistseverything": true,
	"ignoreplatform": true,

	"customtimer": [
		[0,["if",["property","varient"],"==","2 down"],["set","quadno"],2],
		[0,["if",["property","varient"],"==","2 down"],["set","flingquadno"],3],
		[0,["if",["property","varient"],"==","2 down"],["set","breakquadno"],1],
		[0,["if",["property","varient"],"==","2 down"],["set","quadcenterY"],16],
		[0,["if",["property","varient"],"==","2 down"],["set","height"],2],
		[0,["if",["property","varient"],"==","2 down"],["set","offsetY"],-8],
		[0,["if",["property","varient"],"==","2 down"],["set","enemyneardist"],[0,0,0.5,2]],
		[0,["if",["property","varient"],"==","2 down"],["add","y"],2],
		[0,["if",["property","varient"],"==","2 down"],["set","transformsoffsety"],0],
		[0,["if",["property","varient"],"==","2 down"],["set","spawnenemyoffsety"],0],
		[0,["if",["property","varient"],"==","2 down"],["set","flingspeed"],-6.5],

		[0,["if",["property","varient"],"==","3 down"],["set","quadno"],4],
		[0,["if",["property","varient"],"==","3 down"],["set","flingquadno"],5],
		[0,["if",["property","varient"],"==","3 down"],["set","breakquadno"],1],
		[0,["if",["property","varient"],"==","3 down"],["set","quadcenterY"],24],
		[0,["if",["property","varient"],"==","3 down"],["set","height"],3],
		[0,["if",["property","varient"],"==","3 down"],["set","offsetY"],-16],
		[0,["if",["property","varient"],"==","3 down"],["set","enemyneardist"],[0,0,0.5,3]],
		[0,["if",["property","varient"],"==","3 down"],["add","y"],2],
		[0,["if",["property","varient"],"==","3 down"],["set","transformsoffsety"],-1],
		[0,["if",["property","varient"],"==","3 down"],["set","spawnenemyoffsety"],-1],
		[0,["if",["property","varient"],"==","3 down"],["set","flingspeed"],-6.5],

		[0,["if",["property","varient"],"==","4 down"],["set","quadno"],6],
		[0,["if",["property","varient"],"==","4 down"],["set","flingquadno"],7],
		[0,["if",["property","varient"],"==","4 down"],["set","breakquadno"],1],
		[0,["if",["property","varient"],"==","4 down"],["set","quadcenterY"],32],
		[0,["if",["property","varient"],"==","4 down"],["set","height"],4],
		[0,["if",["property","varient"],"==","4 down"],["set","offsetY"],-24],
		[0,["if",["property","varient"],"==","4 down"],["set","enemyneardist"],[0,0,0.5,4]],
		[0,["if",["property","varient"],"==","4 down"],["add","y"],2],
		[0,["if",["property","varient"],"==","4 down"],["set","transformsoffsety"],-2],
		[0,["if",["property","varient"],"==","4 down"],["set","spawnenemyoffsety"],-2],
		[0,["if",["property","varient"],"==","4 down"],["set","flingspeed"],-6.5],

		[0,["if",["property","varient"],"==","2 up"],["set","quadno"],9],
		[0,["if",["property","varient"],"==","2 up"],["set","flingquadno"],10],
		[0,["if",["property","varient"],"==","2 up"],["set","breakquadno"],8],
		[0,["if",["property","varient"],"==","2 up"],["set","quadcenterY"],48],
		[0,["if",["property","varient"],"==","2 up"],["set","height"],2],
		[0,["if",["property","varient"],"==","2 up"],["set","offsetY"],-8],
		[0,["if",["property","varient"],"==","2 up"],["set","enemyneardist"],[0,0,0.5,2]],
		[0,["if",["property","varient"],"==","2 up"],["add","y"],4],
		[0,["if",["property","varient"],"==","2 up"],["set","transformsoffsety"],0],
		[0,["if",["property","varient"],"==","2 up"],["set","spawnenemyoffsety"],0],
		[0,["if",["property","varient"],"==","2 up"],["set","flingspeed"],6.5],

		[0,["if",["property","varient"],"==","3 up"],["set","quadno"],11],
		[0,["if",["property","varient"],"==","3 up"],["set","flingquadno"],12],
		[0,["if",["property","varient"],"==","3 up"],["set","breakquadno"],8],
		[0,["if",["property","varient"],"==","3 up"],["set","quadcenterY"],40],
		[0,["if",["property","varient"],"==","3 up"],["set","height"],3],
		[0,["if",["property","varient"],"==","3 up"],["set","offsetY"],-16],
		[0,["if",["property","varient"],"==","3 up"],["set","enemyneardist"],[0,0,0.5,3]],
		[0,["if",["property","varient"],"==","3 up"],["add","y"],3],
		[0,["if",["property","varient"],"==","3 up"],["set","transformsoffsety"],-1],
		[0,["if",["property","varient"],"==","3 up"],["set","spawnenemyoffsety"],-1],
		[0,["if",["property","varient"],"==","3 up"],["set","flingspeed"],6.5],

		[0,["if",["property","varient"],"==","4 up"],["set","quadno"],13],
		[0,["if",["property","varient"],"==","4 up"],["set","flingquadno"],14],
		[0,["if",["property","varient"],"==","4 up"],["set","breakquadno"],8],
		[0,["if",["property","varient"],"==","4 up"],["set","quadcenterY"],32],
		[0,["if",["property","varient"],"==","4 up"],["set","height"],4],
		[0,["if",["property","varient"],"==","4 up"],["set","offsetY"],-24],
		[0,["if",["property","varient"],"==","4 up"],["set","enemyneardist"],[0,0,0.5,4]],
		[0,["if",["property","varient"],"==","4 up"],["add","y"],2],
		[0,["if",["property","varient"],"==","4 up"],["set","transformsoffsety"],-2],
		[0,["if",["property","varient"],"==","4 up"],["set","spawnenemyoffsety"],-2],
		[0,["if",["property","varient"],"==","4 up"],["set","flingspeed"],6.5]
	],
	"dontloopcustomtimer": true,

	"enemynearcheck": ["megabill","megabill hitbox1","megabill hitbox2","megabill hitbox3"],
	"enemyneardist": [0,0,0.5,2],

	"transforms": true,
	"transformsinto": "chase pipe break",
	"transformtrigger": "enemynear",
	"transformpassedparameters": ["offsetY","quadcenterY","height","flingquadno","breakquadno","spawnenemyoffsety","flingspeed"],

	"rightclick": [
		["text","varient:"],
		["dropdown","varient",8,["2 down","3 down","4 down","2 up","3 up","4 up"]]
	],
	"rightclicktypes": ["string"],
	"rightclickdefaults": ["2 down"]
}