{
	"quadcount":4,
	"nospritesets":true,
	"hidden":true,

	"width":1.75,
	"height":0.75,
	"active":false,

	"animationtype":"frames",
	"animationstart":1,
	"animationframes":4,
	"animationspeed":0.02,

	"spawnsenemy":"k hitbox",
	"spawnenemydelays":[99e99],
	"damagetype":"sharp",
	"damage":0.75,
	"iframe":0.1,
	"knockx":4,
	"mirrorknockx":true,
	"hitcenterx":1,
	"knocky":-4,

	"hitoffx":0,
	"hitoffy":0,
	"hitoffwidth":0,
	"hitoffheight":0,
	"hitboxbricks":true,

	"yoff":-0.5,
	"timer":0,
	"customtimer":[
		[0,["set","qs"],["property","quadgroup"]],
		[0,"spawnenemy"],

		[0,["set","quadgroup"],["property","spawner"]],
		[0,"setframe","chardata"],
		[0,["set","quadgroup"],["property","quad"]],
		[0,"setframe","pvp"],
		[0,["if","quad","==",true],["set","iframe"],0.15],

		[0,["set","loopline"],["property","currentcustomtimerstage"]],

		[0,["set","quadgroup"],["property","spawner"]],
		[0,"setframe","delete"],
		[0,["set","instantdelete"],["property","quad"]],

		[0,"setframe","timer"],
		[0,["if","quad",">",3.3],["set","animationspeed"],0.025],

		[0,"setframe","x"],
		[0,["set","x"],["property","quad"]],
		[0,["subtract","x"],0.5],
		[0,"setframe","y"],
		[0,["set","y"],["property","quad"]],
		[0,["add","y"],["property","yoff"]],

		[0,"setframe","speedx"],
		[0,["multiply","quad"],["property","customtimertimer"]],
		[0,["add","x"],["property","quad"]],
		[0,"setframe","speedy"],
		[0,["multiply","quad"],["property","customtimertimer"]],
		[0,["add","y"],["property","quad"]],

		[0,["set","quadgroup"],["property","qs"]],
		[0,"setframe",["property","quadi"]],
		[0,["set","customtimertimer"],0],
		[0,["set","currentcustomtimerstage"],["property","loopline"]]
	],
	"dontloopcustomtimer":true,

	"offsetX":14,
	"offsetY":2,
	"quadcenterX":16,
	"quadcenterY":8,
}