{
	"spawnsound": "him_bruh_left",
	"animationtriggeronspawn": "him_bruh",

	"quadcount": 1,
	"nospritesets": true,

	"width": 1.5,
	"height": 1.5,
		
	"offsetX": 12,
	"offsetY": -4,
	"quadcenterX": 16,
	"quadcenterY": 16,
	"animationscaleX": -1,
	
	"static": false,
	"active": true,
	"friction": true,

	"emancipatecheck": true,
	"autodelete": true,
	
	"category": 9,
	"mask": [	true, 
				true, true, true, true, true,
				true, true, true, true, true,
				true, true, true, true, true,
				true, true, true, true, true,
				true, true, true, true, true,
				true, true, true, true, true],

	"gravity": 0,
	
	"resistseverything": true,

	"blowrange": [0, 0, 1.5, 1.5],
	"blowchecktable": ["goomba", "koopa", "enemy"],
	"blowspeedx": -75,

	"customtimer": [
		[0, ["set", "speedx"], -2]
	],
	"dontloopcustomtimer": true,

	"lifetime": 1.25
}