{
	"quadcount": 20,
	"nospritesets": true,

	"width": 1.5,
	"height": 1.5,
		
	"offsetX": 10,
	"offsetY": -1,
	"quadcenterX": 132.5,
	"quadcenterY": 132.5,
	"animationscaleX": 0.15,
	"animationscaleY": 0.15,
	
	"static": false,
	"active": true,
	"friction": 8,

	"emancipatecheck": true,
	"autodelete": true,
	
	"category": 9,
	"mask": [	true, 
				false, true, false, false, false,
				false, true, false, false, false,
				false, true, false, false, false,
				false, false, false, false, false,
				false, false, false, false, false,
				false, false, false, false, false,
				false, true],

	"animationtype": "frames",
	"animationstart": 1,
	"animationframes": 20,
	"animationspeed": 0.025,

	"resistseverything": true,

	"killsenemies": true,

	"lifetime": 2
}