{
	"animationtriggeronspawn": "him_balloon",

	"quadcount": 1,
	"nospritesets": true,

	"width": 1.5,
	"height": 1.5,

	"speedx": 0,
		
	"offsetX": 10,
	"offsetY": 18,
	"quadcenterX": 132.5,
	"quadcenterY": 265,
	"animationscaleX": 0.15,
	"animationscaleY": 0.15,
	
	"static": false,
	"active": true,

	"emancipatecheck": true,
	"autodelete": true,
	
	"category": 9,
	"mask": [	true, 
				false, true, false, false, false,
				false, true, false, false, false,
				false, true, false, false, false,
				false, false, false, false, false,
				false, false, false, false, false,
				false, false, false, false, false,
				false, true],

	"gravity": -5,

	"resistseverything": true,

	"transforms": true,
	"transformsinto": "n/a",
	"transformtrigger": "animation",
	"transformanimation": "him_balloonfail",

	"lifetime": 4
}