{
	"hidden": true,
	
	"spawnsound": "boom",
	
	"quadcount": 4,
	"nospritesets": true,

	"width": 4,
	"height": 4,

	"animationscalex": 2,
	"animationscaley": 2,

	"offsetx": 32,
	"offsety": -24,
	"quadcenterX": 20,
	"quadcenterY": 20,
	"spawnoffsety": 1.75,
	
	"static": true,
	"activestatic": true,
	"active": true,

	"emancipatecheck": true,
	"autodelete": true,
	"regiontriggerexclude": true,

	"category": 5,
	"mask": [	true, 
				false, false, false, false, true,
				false, true, false, true, false,
				false, false, false, false, false,
				true, true, false, false, true,
				false, true, true, false, false,
				true, false, true, true, true],

	"kills": true,
	"breaksblocks": true,
	"breakshardblocks": true,
	"killsenemies": true,

	"resistsenemykill": true,
	"resistsspikes": true,
	"resistsstar": true,
	"resistsfire": true,
	"freezable": false,

	"animationtype": "frames",
	"animationframes": 4,
	"animationstart": 1,
	"animationspeed": 0.1,

	"customtimer": [
		[0.02, ["set", "killsenemies"], false]
	],

	"lifetime": 0.4
}