{
	"hidden": true,
	
	"quadcount": 1,
	"nospritesets": true,
	"dontmirror": true,

	"width": 0.875,
	"height": 0.875,

	"offsetX": 7,
	"offsetY": 2,
	"quadcenterX": 8,
	"quadcenterY": 8,
	
	"static": true,
	"active": false,

	"emancipatecheck": false,
	"autodelete": false,
	"regiontriggerexclude": true,
	
	"category": 4,	
	"mask": [	true, 
		true, true, true, true, true,
		true, true, true, true, true,
		true, true, true, true, true,
		true, true, true, true, true,
		true, true, true, true, true,
		true, true, true, true, true],
	
	"resistsenemykill": true,
	"resistsspikes": true,
	
	"transforms": true,
	"transformsinto": "nothin",
	"transformtrigger": "animation",
	"transformanimation": "clockwindseedkill",

	"spawnsenemy": "clockwindseed",
	"spawnenemydelays": [0],
	"spawnmax": 1
}