{
	"hidden": true,
	
	"quadcount": 4,
	"nospritesets": true,
	"drawback": true,

	"animationtype": "frames",
	"animationframes": 4,
	"animationstart": 1,
	"animationspeed": 0.3,

	"offsetx": 8,
	"offsety": 11,
	"quadcenterX": 12.5,
	"quadcenterY": 20,

	"width": 1,
	"height": 1,
	
	"movement": "truffleshuffle",
	"truffleshufflespeed": 4,
	"truffleshuffleacceleration": 16,
	"turnaroundoncliff": false,

	"static": false,
	"active": true,

	"autodelete": true,

	"category": 5,
	"mask": [	true, 
				false, false, false, false, true,
				false, true, false, true, false,
				false, false, false, false, false,
				true, true, false, false, true,
				false, true, true, false, false,
				true, false, true, true, true],

	"resistsenemykill": true,
	"resistsspikes": true,
	"resistsstar": true,
	"resistsfire": true,
	"freezable": false,

	"customtimer": [
		[4, "spawnenemy"],
		[0, ["set", "lifetimer"], 0]
	],

	"transforms": true,
	"transformsinto": "ightimmaheadout",
	"transformtrigger": "lifetime",

	"spawnsenemy": "clockwindbanditseed",
	"spawnenemydelays": [99999],
	"spawnenemyspeedy": -10,

	"spawnchildren": ["clockwindpoof", "clockwindpoof"],
	"spawnchildrenoffsetx": [0, 0],
	"spawnchildrenoffsety": [0, -0.75]
}