{
	"hidden": true,
	
	"quadcount": 1,
	"nospritesets": true,
	"dontmirror": true,

	"width": 1,
	"height": 1,

	"offsetX": 8,
	"offsetY": 0,
	"quadcenterX": 8,
	"quadcenterY": 8,
	
	"static": false,
	"active": true,
	"friction": true,

	"emancipatecheck": true,
	"autodelete": true,
	"regiontriggerexclude": true,
	
	"category": 4,	
	"mask": [	true, 
				false, true, false, false, true,
				false, true, false, true, false,
				false, false, false, false, false,
				true, true, false, false, false,
				false, true, true, false, false,
				true, false, true, true, true],
	
	"resistsenemykill": true,
	"resistsspikes": true,
	"resistsstar": true,
	"resistsfire": true,
	"freezable": false,

	"lifetime": 1, 
	"transforms": true,
	"transformsinto": "clockwindbushbase",
	"transformtrigger": "floorcollide",
	"transformtriggerobjectcollide": "tile",

	"spawnchildren": ["clockwindpoof"],
	"spawnchildrenoffsetx": [0],
	"spawnchildrenoffsety": [0],

	"transformenemyanimationondeath": "clockwindseedkill"
}