{
	"hidden": true,
	
	"quadcount": 3,
	"nospritesets": true,
	"dontmirror": true,

	"width": 0.875,
	"height": 0.875,

	"offsetX": 7,
	"offsetY": 2,
	"quadcenterX": 8,
	"quadcenterY": 8,
	
	"static": false,
	"active": true,
	"friction": true,

	"emancipatecheck": true,
	"autodelete": true,
	"regiontriggerexclude": true,
	
	"category": 4,	
	"mask": [	true, 
				false, true, false, false, true,
				false, true, false, true, false,
				false, false, false, false, false,
				true, true, false, false, false,
				false, true, true, false, false,
				true, false, true, true, true],
	
	"resistsenemykill": true,
	"resistsspikes": true,
	"resistsstar": true,
	"resistsfire": true,
	"freezable": false,

	"animationtype": "frames",
	"animationspeed": 0.15,
	"animationframes": 2,
	"animationstart": 1,
	
	"kickable": true,
	"kickspeed": 10,
	"kickspeedy": -10,

	"lifetime": 13, 
	"transforms": true,
	"transformsinto": ["clockwindexplode", "clockwindexplode"],
	"transformtrigger": ["leftcollide", "rightcollide"],

	"customtimer": [
		[0.4, ["set", "mask"], [true, 
			false, false, false, false, true,
			false, true, false, true, false,
			false, false, false, false, false,
			true, true, false, false, false,
			false, true, true, false, false,
			true, false, true, true, true]
		],
		[2.6, ["set", "animationtype"], "none"],
		[0, "setframe", 3],
		[0, ["set", "transforms"], false],
		[0, ["set", "autodelete"], false]
	],
	"dontloopcustomtimer": true,

	"spawnchildren": ["clockwindpoof"],
	"spawnchildrenoffsetx": [0],
	"spawnchildrenoffsety": [0]
}