{
	"hidden": true,
	
	"quadcount": 2,
	"nospritesets": true,

	"animationtype": "frames",
	"animationframes": 2,
	"animationstart": 1,
	"animationspeed": 0.15,

	"offsetx": 32,
	"offsety": 3,
	"quadcenterX": 33,
	"quadcenterY": 12,

	"width": 4,
	"height": 1.5,
	
	"killsenemies": true,
	"breaksblocks": true,
	"breakblockside": "sides",

	"movement": "truffleshuffle",
	"truffleshufflespeed": 8,
	"truffleshuffleacceleration": 32,

	"static": false,
	"active": true,

	"autodelete": false,
	"regiontriggerexclude": true,

	"category": 3,
	"mask": [	true, 
				false, true, false, false, true,
				false, true, false, true, false,
				false, false, false, false, false,
				true, true, false, false, true,
				false, true, true, false, false,
				true, false, true, true, true],
	"resistsenemykill": true,
	"resistsspikes": true,
	"resistsstar": true,
	"resistsfire": true,
	"freezable": false,

	"lifetime": 5, 
	"transforms": true,
	"transformsinto": ["clockwindexplode", "clockwindexplode"],
	"transformtrigger": ["leftcollide", "rightcollide"],
	"transformtriggerobjectcollide": "tile"
}