{
	"hidden": true,
	
	"quadcount": 1,
	"nospritesets": true,
	"dontmirror": true,
	"drawback": true,

	"width": 1,
	"height": 0,

	"offsetx": 8,
	"offsety": 3.5,
	"quadcenterx": 10,
	"quadcentery": 3.5,

	"customscissor": [-0.5,1.01,2,6],
	"invertedscissor": true,
	
	"static": false,
	"active": true,
	"friction": true,

	"emancipatecheck": false,
	"autodelete": true,
	"regiontriggerexclude": true,

	"platform": true,
	"platformchecktable": ["player"],
	
	"category": 2,	
	"mask": [	true, 
				false, false, false, false, true,
				false, true, false, true, false,
				false, false, false, false, false,
				true, true, false, false, false,
				false, true, true, false, false,
				true, false, true, true, true],

	"nocollidestops":false,
	
	"resistsenemykill": true,
	"resistsspikes": true,
	"resistsstar": true,
	"resistsfire": true,
	"freezable": false,
	"solidkill": true,

	"customtimer":[
		[0.03125,["add","height"],0.0625],[0,["set","speedy"],-2],
		[0.03125,["add","height"],0.0625],[0,["set","speedy"],-2],
		[0.03125,["add","height"],0.0625],[0,["set","speedy"],-2],
		[0.03125,["add","height"],0.0625],[0,["set","speedy"],-2],
		[0.03125,["add","height"],0.0625],[0,["set","speedy"],-2],
		[0.03125,["add","height"],0.0625],[0,["set","speedy"],-2],
		[0.03125,["add","height"],0.0625],[0,["set","speedy"],-2],
		[0.03125,["add","height"],0.0625],[0,["set","speedy"],-2],
		[0.03125,["add","height"],0.0625],[0,["set","speedy"],-2],
		[0.03125,["add","height"],0.0625],[0,["set","speedy"],-2],
		[0.03125,["add","height"],0.0625],[0,["set","speedy"],-2],
		[0.03125,["add","height"],0.0625],[0,["set","speedy"],-2],
		[0.03125,["add","height"],0.0625],[0,["set","speedy"],-2],
		[0.03125,["add","height"],0.0625],[0,["set","speedy"],-2],
		[0.03125,["add","height"],0.0625],[0,["set","speedy"],-2],
		[0.03125,["add","height"],0.0625],[0,["set","speedy"],-2],
		[0.03125,["add","height"],0.0625],[0,["set","speedy"],-2],
		[0.03125,["add","height"],0.0625],[0,["set","speedy"],-2],
		[0.03125,["add","height"],0.0625],[0,["set","speedy"],-2],
		[0.03125,["add","height"],0.0625],[0,["set","speedy"],-2],
		[0.03125,["add","height"],0.0625],[0,["set","speedy"],-2],
		[0.03125,["add","height"],0.0625],[0,["set","speedy"],-2],
		[0.03125,["add","height"],0.0625],[0,["set","speedy"],-2],
		[0.03125,["add","height"],0.0625],[0,["set","speedy"],-2],
		[0.03125,["add","height"],0.0625],[0,["set","speedy"],-2],
		[0.03125,["add","height"],0.0625],[0,["set","speedy"],-2],
		[0.03125,["add","height"],0.0625],[0,["set","speedy"],-2],
		[0.03125,["add","height"],0.0625],[0,["set","speedy"],-2],
		[0.03125,["add","height"],0.0625],[0,["set","speedy"],-2],
		[0.03125,["add","height"],0.0625],[0,["set","speedy"],-2],
		[0.03125,["add","height"],0.0625],[0,["set","speedy"],-2],
		[0.03125,["add","height"],0.0625],[0,["set","speedy"],-2],
		[0.03125,["add","height"],0.0625],[0,["set","speedy"],-2],
		[0.03125,["add","height"],0.0625],[0,["set","speedy"],-2],
		[0.03125,["add","height"],0.0625],[0,["set","speedy"],-2],
		[0.03125,["add","height"],0.0625],[0,["set","speedy"],-2],
		[0.03125,["add","height"],0.0625],[0,["set","speedy"],-2],
		[0.03125,["add","height"],0.0625],[0,["set","speedy"],-2],
		[0.03125,["add","height"],0.0625],[0,["set","speedy"],-2],
		[0.03125,["add","height"],0.0625],[0,["set","speedy"],-2],
		[0.03125,["add","height"],0.0625],[0,["set","speedy"],-2],
		[0.03125,["add","height"],0.0625],[0,["set","speedy"],-2],
		[0.03125,["add","height"],0.0625],[0,["set","speedy"],-2],
		[0.03125,["add","height"],0.0625],[0,["set","speedy"],-2],
		[0.03125,["add","height"],0.0625],[0,["set","speedy"],-2],
		[0.03125,["add","height"],0.0625],[0,["set","speedy"],-2],
		[0.03125,["add","height"],0.0625],[0,["set","speedy"],-2],
		[0.03125,["add","height"],0.0625],[0,["set","speedy"],-2],
		[0.03125,["add","height"],0.0625],[0,["set","speedy"],-2],
		[0.03125,["add","height"],0.0625],[0,["set","speedy"],-2],
		[0.03125,["add","height"],0.0625],[0,["set","speedy"],-2],
		[0.03125,["add","height"],0.0625],[0,["set","speedy"],-2],
		[0.03125,["add","height"],0.0625],[0,["set","speedy"],-2],
		[0.03125,["add","height"],0.0625],[0,["set","speedy"],-2],
		[0.03125,["add","height"],0.0625],[0,["set","speedy"],-2],
		[0.03125,["add","height"],0.0625],[0,["set","speedy"],-2],
		[0.03125,["add","height"],0.0625],[0,["set","speedy"],-2],
		[0.03125,["add","height"],0.0625],[0,["set","speedy"],-2],
		[0.03125,["add","height"],0.0625],[0,["set","speedy"],-2],
		[0.03125,["add","height"],0.0625],[0,["set","speedy"],-2],
		[0.03125,["add","height"],0.0625],[0,["set","speedy"],-2],
		[0.03125,["add","height"],0.0625],[0,["set","speedy"],-2],
		[0.03125,["add","height"],0.0625],[0,["set","speedy"],-2],
		[0.03125,["add","height"],0.0625],[0,["set","speedy"],-2],
		[0.03125,["add","height"],0.0625],[0,["set","speedy"],-2],
		[0.03125,["add","height"],0.0625],[0,["set","speedy"],-2],
		[0.03125,["add","height"],0.0625],[0,["set","speedy"],-2],
		[0.03125,["add","height"],0.0625],[0,["set","speedy"],-2],
		[0.03125,["add","height"],0.0625],[0,["set","speedy"],-2],
		[0.03125,["add","height"],0.0625],[0,["set","speedy"],-2],
		[0.03125,["add","height"],0.0625],[0,["set","speedy"],-2],
		[0.03125,["add","height"],0.0625],[0,["set","speedy"],-2],
		[0.03125,["add","height"],0.0625],[0,["set","speedy"],-2],
		[0.03125,["add","height"],0.0625],[0,["set","speedy"],-2],
		[0.03125,["add","height"],0.0625],[0,["set","speedy"],-2],
		[0.03125,["add","height"],0.0625],[0,["set","speedy"],-2],
		[0.03125,["add","height"],0.0625],[0,["set","speedy"],-2],
		[0.03125,["add","height"],0.0625],[0,["set","speedy"],-2],
		[0.03125,["add","height"],0.0625],[0,["set","speedy"],-2],
		[0.03125,["add","height"],0.0625],[0,["set","speedy"],-2],
		[0.03125,["add","height"],0.0625],[0,["set","speedy"],-2],
		[0.03125,["add","height"],0.0625],[0,["set","speedy"],-2],
		[0.03125,["add","height"],0.0625],[0,["set","speedy"],-2],
		[0.03125,["add","height"],0.0625],[0,["set","speedy"],-2],
		[0.03125,["add","height"],0.0625],[0,["set","speedy"],-2],
		[0.03125,["add","height"],0.0625],[0,["set","speedy"],-2],
		[0.03125,["add","height"],0.0625],[0,["set","speedy"],-2],
		[0.03125,["add","height"],0.0625],[0,["set","speedy"],-2],
		[0.03125,["add","height"],0.0625],[0,["set","speedy"],-2],
		[0.03125,["add","height"],0.0625],[0,["set","speedy"],-2],
		[0.03125,["add","height"],0.0625],[0,["set","speedy"],-2],
		[0.03125,["add","height"],0.0625],[0,["set","speedy"],-2],
		[0.03125,["add","height"],0.0625],[0,["set","speedy"],-2],
		[0.03125,["add","height"],0.0625],[0,["set","speedy"],-2],
		[0.03125,["add","height"],0.0625],[0,["set","speedy"],0]
	],

	"dontloopcustomtimer":true,

	"speedy":-2,

	"gravity":0,
	
	"lifetime": 5
}