{
	"hidden": true,
	
	"quadcount": 4,
	"nospritesets": true,

	"width": 2,
	"height": 2,

	"offsetx": 16,
	"offsety": -8,
	"quadcenterX": 20,
	"quadcenterY": 20,
	"spawnoffsety": 0.5,
	
	"static": true,
	"activestatic": true,
	"active": true,

	"emancipatecheck": true,
	"autodelete": true,
	"regiontriggerexclude": true,

	"category": 5,
	"mask": [	true, 
				false, false, false, false, true,
				false, true, false, true, false,
				false, false, false, false, false,
				true, true, false, false, true,
				false, true, true, false, false,
				true, false, true, true, true],

	"resistsenemykill": true,
	"resistsspikes": true,
	"resistsstar": true,
	"resistsfire": true,
	"freezable": false,

	"animationtype": "frames",
	"animationframes": 4,
	"animationstart": 1,
	"animationspeed": 0.04,

	"lifetime": 0.16
}