{
	"hidden": true,
	
	"quadcount": 1,
	"nospritesets": true,
	"dontmirror": true,
	"drawback": true,

	"width": 1,
	"height": 0.5,

	"offsetX": 8,
	"offsetY": 3.5,
	"quadcenterX": 10,
	"quadcenterY": 3.5,
	"spawnoffsety": 0.05,
	
	"static": true,
	"active": true,
	"friction": true,

	"emancipatecheck": true,
	"autodelete": true,
	"regiontriggerexclude": true,
	
	"category": 4,	
	"mask": [	true, 
				false, true, false, false, true,
				false, true, false, true, false,
				false, false, false, false, false,
				true, true, false, false, false,
				false, true, true, false, false,
				true, false, true, true, true],
	
	"resistsenemykill": true,
	"resistsspikes": true,
	"resistsstar": true,
	"resistsfire": true,
	"freezable": false,
	"solidkill": true,
	
	"lifetime": 5,
	
	"spawnchildren": ["clockwindpoof", "clockwindbushmiddle"],
	"spawnchildrenoffsetx": [0, 0],
	"spawnchildrenoffsety": [0, -0.43]
}