{
	"hidden": true,
	
	"quadcount": 1,
	"nospritesets": true,
	"drawback": true,

	"offsetx": 8,
	"offsety": 11,
	"quadcenterX": 10,
	"quadcenterY": 20,

	"width": 1,
	"height": 1,

	"static": false,
	"active": true,

	"autodelete": true,
	"regiontriggerexclude": true,

	"category": 5,
	"mask": [	true, 
				false, true, true, true, true,
				true, true, true, true, true,
				true, true, true, true, true,
				true, true, true, true, true,
				true, true, true, true, true,
				true, true, true, true, true],

	"resistsenemykill": true,
	"resistsspikes": true,
	"resistsstar": true,
	"resistsfire": true,
	"freezable": false,

	"lifetime": 1,

	"customtimer": [
		[0.1, ["set", "graphiccolor"], [255,255,255,225]],
		[0.1, ["set", "graphiccolor"], [255,255,255,200]],
		[0.1, ["set", "graphiccolor"], [255,255,255,175]],
		[0.1, ["set", "graphiccolor"], [255,255,255,150]],
		[0.1, ["set", "graphiccolor"], [255,255,255,125]],
		[0.1, ["set", "graphiccolor"], [255,255,255,100]],
		[0.1, ["set", "graphiccolor"], [255,255,255,75]],
		[0.1, ["set", "graphiccolor"], [255,255,255,50]],
		[0.1, ["set", "graphiccolor"], [255,255,255,25]],
		[0.1, ["set", "graphiccolor"], [255,255,255,0]]
	]
}