{
    "hidden": true,

	"transforms":true,
	"transformtrigger":["animation","animation"],
	"transformanimation":["clearsubtitles","playerdeath"],
	"transformenemyanimationonspawn":"clearsubtitles",

	"resistseverything":true,

	"quadcount":1,
	"animationtype":"none",
	"nospritesets":true,

	"xrelativetocamera":12.5,
	"yrelativetocamera":7.5,
	
	"width": 0,
	"height": 0,	

	"customtimer":[
		[0,["set","graphiccolor"],[255,255,255,0]],
		[0.05,["set","graphiccolor"],[255,255,255,51]],
		[0.05,["set","graphiccolor"],[255,255,255,102]],
		[0.05,["set","graphiccolor"],[255,255,255,153]],
		[0.05,["set","graphiccolor"],[255,255,255,204]],
		[0.05,["set","graphiccolor"],[255,255,255,255]],

		[2.8,["set","graphiccolor"],[255,255,255,204]],
		[0.05,["set","graphiccolor"],[255,255,255,153]],
		[0.05,["set","graphiccolor"],[255,255,255,102]],
		[0.05,["set","graphiccolor"],[255,255,255,51]],
		[0.05,["set","instantdelete"],true]
	],
	"dontloopcustomtimer":true,
	
	"static": true,
	"active": false,
	"autodelete": false,
	
	"catogory": 1,
	"mask": [ true, 
			true, true, true, true, true,
			true, true, true, true, true,
			true, true, true, true, true,
			true, true, true, true, true,
			true, true, true, true, true,
			true, true, true, true, true],

	"offsetx":0,
	"offsety":8,
	"quadcenterX":202,
	"quadcenterY":114
}