{
	"quadcount": 3,
	"nospritesets":true,
	"quadno": 1,
	"hidden":true,

	"spawnsound":"portal2open",
	"animationtriggeronspawn":"cancel",

	"spawnchildren":["jumpstart","flashend"],

	"dontenterclearpipes":true,
	"blowable":false,
	"ignorefaithplates":true,
	"regiontriggerexclude":true,
	"nocollidestops":true,
	"resistseverything":true,
	"dontstoplasers":true,
	"ignorefunnels":true,
	"ignoreplatform":true,

	"ignoreleftcollide":true,
	"ignorerightcollide":true,
	"ignoreceilcollide":true,
	"ignorefloorcollide":true,

	"width": 0.75,
	"height": 0.75,

	"animationtype":"frames",
	"animationstart":1,
	"animationframes":3,
	"animationspeed":99999,

	"gravity":0,

	"active": true,

	"category":3,
	"mask": [	true, 
				false, true, true, true, true,
				true, true, true, true, true,
				true, true, true, true, true,
				true, true, true, true, true,
				true, true, true, true, true,
				true, true, true, true, true,
				true],

	"gravity":0,			

	"emancipatecheck": false,
	"autodelete": false,
	"lifetime":1.1,

	"teleportplayer":0,
	"teleportplayerspeedx":0,
	"teleportplayerspeedy":0,
	"teleportplayeroffsety":-10,

	"transforms":true,
	"transformtrigger":"collide",
	"transformtriggerobjectcollide":"tile",
	"transformsinto":"nil",

	"spawnsenemy":1,
	"spawnenemydelays":[999],

	"varspeedy":0,
	"varspeedx":0,

	"customtimer":[
		[0,["set","quadstore"],["property","quadgroup"]],
		[0,["set","quadgroup"],["property","playerobj"]],
			[0,"setframe","x"],
		[0,["set","playerx"],["property","quad"]],
		[0,["reverse","playerx"]],
			[0,"setframe","y"],
		[0,["set","playery"],["property","quad"]],
		[0,["reverse","playery"]],

			[0,"setframe","playernumber"],
		[0,["set","pnumber"],["property","quad"]],

		[0,["add","playerx"],["property","x"]],
		[0,["reverse","playerx"]],
		[0,["add","playery"],["property","y"]],
		[0,["reverse","playery"]],

		[0,["set","blowspeedx"],["property","playerx"]],
		[0,["set","blowspeedy"],["property","playery"]],

		[0,"playsound","portalenter"],

		[0,["set","varblow1"],["property","blowspeedx"]],
		[0,["set","varblow2"],["property","blowspeedx"]],
		[0,["abs","varblow2"]],
		[0,["add","varblow2"],0.0000000001],
		[0,["divide","varblow1"],["property","varblow2"]],
			[0,["multiply","varwidth"],2],
			[0,["add","varwidth"],-0.7],
			[0,["divide","varwidth"],2],
		[0,["multiply","varwidth"],["property","varblow1"]],
		[0,["reverse","varwidth"]],
		[0,["-add","blowspeedx"],["property","varwidth"]],
		[0,["print","varwidth"]],

		[0,["set","lifetimer"],1.1],
		[0,["set","teleportplayer"],["property","pnumber"]],
		[0,["set","teleportplayeroffsety"],0],

		[0,["set","spawnenemy"],["property","update"]],
		[0,"spawnenemy"],
		[999,"wait"]
	],
	"dontloopcustomtimer":true,

	"blowrange":[0, 0, 0.75, 0.75],
	"blowchecktable":[],
	"blowstrong":true,

	"offsetX": 6,
	"offsetY": 2,
	"quadcenterX": 8,
	"quadcenterY": 8
}