{
	"quadcount": 4,
	"nospritesets":true,
	"hidden":true,

	"animationtype": "frames",
	"animationstart":1,
	"animationframes":4,
	"animationspeed": 0.05,

	"deathsound":"energybounce",
	"noshotsound":true,

	"light":1,

	"yoshispit":true,
	"yoshispitspeedx":10,
	"yoshispitspeedy":-8,

	"-resistseverything":true,
	"freezable":false,
	"laserresistant":true,
	"resistsfire":true,
	"resistsstar":true,
	"resistsspikes":true,
	"notkilledfromblocksbelow":true,
	"resistsenemykill":true,
	"-resistsyoshitongue":true,
	"resistspowblock":true,
	"resistsdkhammer":true,
	"dontstoplasers":true,
	"blowable":false,
	"doesntpressbuttons":true,
	"regiontriggerexclude":true,

	"doesntflyawayonfireball":true,

	"gravity":40,
	"lifetime":20,

	"nocollidestops":true,

	"quadno": 1,

	"width": 0.5,
	"height": 0.5,

	"static": false,
	"active": true,
	"extremeautodelete":true,
	
	"category": 3,
	
	"mask": [	true, 
				false, true, false, false, false,
				false, true, false, true, false,
				false, false, false, false, false,
				false, true, false, false, false,
				false, true, false, false, false,
				false, false, true, false, false,
				false],

	"emancipatecheck": true,
	"autodelete": false,

	"transforms":true,
	"transformtrigger":["leftcollide","rightcollide","floorcollide","ceilcollide","death","animation"],
	"transformsinto":["flash check","flash check","flash check","flash check","miss effect","nil"],
	"transformanimation":"noflash",
	"transformpassedparameters":["outtable","playerobj"],
	"-transformsetparameters":[["justspawned",true]],

	"customtimer":[
		[0,["-set","outtable"],[]],
		[0,["set","emancipate"],["property","shotted"]],
		[0,["set","globalcollide"],["property","addoutput"]],
		[0,["set","passivecollide"],["property","floorcollide"]],
		[0,["set","playerobj"],["property","fireballthrower"]],
		[0.1,["set","mask"],[	true,
				false, false, false, false, false,
				false, false, false, false, false,
				false, false, false, false, false,
				false, true, false, false, false,
				false, true, false, false, false,
				false, false, true, false, false,
				false]]
	],
	"dontloopcustomtimer":true,

	"offsetX": 4,
	"offsetY": 4,
	"quadcenterX": 4,
	"quadcenterY": 4
}