{
	"hidden":true,

	"spawnchildren":["miss effect"],
	"animationtriggeronspawn":"flashcheck",
	
	"width": 0.75,
	"height": 0.75,

	"active": false,

	"emancipatecheck": true,
	"autodelete": false,
	"blowable":false,

	"gravity":0,

	"spawnsenemy":"goomba",
	"spawnenemydelays":[999],
	"dontspawnenemyonplayernear":true,
	"spawnenemydist":9999,

	"noshotsound":true,
	"doesntflyawayonfireball":true,

	"transforms":false,
	"transformsinto":"flash teleport",
	"transformtrigger":"shot",
	"transformpassedparameters":["playerobj","blowchecktable","objectobj","varwidth","varheight","instantdelete"],

	"customtimer":[
		[0,["set","quadgroup"],["property","outtable"]],
			[0,"setframe",1],
		[0,["set","quadgroup"],["property","quad"]],
			[0,"setframe",2],
		[0,["set","objectobj"],["property","quad"]],
			[0,"setframe",1],
		[0,["set","objname"],["property","quad"]],

		[0,["set","quadgroup"],["property","objectobj"]],
			[0,"setframe","width"],
		[0,["set","varwidth"],["property","quad"]],
			[0,"setframe","height"],
		[0,["set","varheight"],["property","quad"]],
			[0,"setframe","x"],
		[0,["set","x"],["property","quad"]],
			[0,"setframe","y"],
		[0,["set","y"],["property","quad"]],

				[0,["divide","varwidth"],2],
				[0,["add","y"],["property","varheight"]],
				[0,["add","x"],["property","varwidth"]],
				[0,["add","y"],-0.75],
				[0,["add","x"],-0.375],

		[0,["set","customtimeraction"],["property","customtimeraction"]],
		[0,["set","baseclassstore"],["property","__baseclass"]],
		[0,["set","__baseclass"],{"blowcheck":true}],
			[0,"setframe","blowable"],
		[0,["set","blowcheck"],["property","quad"]],
		[0,["reverse","blowcheck"]],
		[0,["set","resistseverything"],["property","blowcheck"]],
		[0,["set","__baseclass"],["property","baseclassstore"]],

			[0,"setframe","static"],
		[0,["set","transforms"],["property","quad"]],
		[0,["reverse","transforms"]],
		[0,["print","transforms"]],

		[0,["set","spawnenemy"],["property","addoutput"]],
		[0,["set","spawnsenemy"],["property","objname"]],
		[0,"spawnenemy"],

		[0,["set","quadgroup"],["property","outtable"]],
			[0,"setframe",1],
		[0,["set","blowchecktable"],["property","quad"]],

		[0,["set","__baseclass"],{"unswappable":0}],
		[0,["set","quadgroup"],["property","objectobj"]],
			[0,"setframe","unswappable"],
		[0,["set","unswappable"],["property","quad"]],
		[0,["set","unswappable"],["property","unswappable"]],
		[0,["set","__baseclass"],["property","baseclassstore"]],
		[0,["add","currentcustomtimerstage"],["property","unswappable"]],

		[0,["set","spawnenemy"],["property","shotted"]],
		[0,"spawnenemy"],
		[0,["set","customtimertimer"],0],
		[0,["set","instantdelete"],true]
	],
	"dontloopcustomtimer":true,

	"blowchecktable":[],

	"offsetX": 4,
	"offsetY": 4,
	"quadcenterX": 4,
	"quadcenterY": 4
}