{
	"quadcount": 2,
	"nospritesets":true,
	"hidden":true,

	"animationtype": "frames",
	"animationstart":1,
	"animationframes":2,
	"animationspeed": 0.05,

	"resistseverything":true,
	"freezable":false,
	"dontstoplasers":true,
	"blowable":false,

	"gravity":40,
	"lifetime":20,

	"-nocollidestops":true,
	"ignoreleftcollide":true,
	"ignorerightcollide":true,
	"ignoreceilcollide":true,
	"ignorefloorcollide":true,

	"quadno": 1,

	"width": 0.5,
	"height": 0.5,

	"static": false,
	"active": true,
	"extremeautodelete":true,
	
	"category": 3,
	
	"mask": [	true, 
				false, true, false, false, false,
				false, true, false, true, false,
				false, false, false, false, false,
				false, true, false, false, false,
				false, true, false, false, false,
				false, false, true, false, false,
				false],

	"emancipatecheck": true,
	"autodelete": false,

	"spawnsenemy":"",
	"spawnenemydelays":[0.0001],

	"-transforms":true,
	"transformtrigger":["portaled","rightcollide","floorcollide","ceilcollide"],
	"transformsinto":"flash check",
	"transformpassedparameters":["outtable","playerobj"],

	"customtimer":[
		[0,["-set","outtable"],[]],
		[0,["set","spawnenemy"],["property","portaled"]],
		[0,["set","globalcollide"],["property","addoutput"]],
		[0,["-set","passivecollide"],["property","floorcollide"]],
		[0,["set","playerobj"],["property","fireballthrower"]],
		[0.1,["set","mask"],[	true,
				false, false, false, false, false,
				false, false, false, false, false,
				false, false, false, false, false,
				false, true, false, false, false,
				false, true, false, false, false,
				false, false, true, false, false,
				false]],
		[0,["set","quadstore"],["property","quadgroup"]],
		[0,["set","quadgroup"],["property","outtable"]],
			[0,"setframe",1],
		[0,["set","transforms"],["property","quad"]],
		[0,["set","quadgroup"],["property","quadstore"]],
		[0,"setframe",["property","quadi"]],
		[0,["set","customtimertimer"],0],
		[0,["set","currentcustomtimerstage"],6]
	],
	"-dontloopcustomtimer":true,

	"offsetX": 4,
	"offsetY": 4,
	"quadcenterX": 4,
	"quadcenterY": 4
}