{
	"quadcount": 4,
	"nospritesets":true,
	"hidden":true,

	"spawnoffsety":0.25,
	
	"width": 1,
	"height": 1,

	"animationtype":"frames",
	"animationstart":1,
	"animationframes":34,
	"animationspeed":0.034,
	
	"active": false,
	"lifetime":0.134,

	"transforms":true,
	"transformtrigger":"animation",
	"transformanimation":"cancel",
	"transformsinto":"nil",

	"customtimer":[
		[0,["set","customtimertimer"],0],
		[0,["set","customtimertimer"],0],
		[0,"playsound","energybounce"]
	],
	"dontloopcustomtimer":true,

	"offsetX": 8,
	"offsetY": 0,
	"quadcenterX": 8,
	"quadcenterY": 8
}