{	
	"hidden": true,
	
	"quadcount": 1,
	"nospritesets": true,
	"spawnonload": true,
	
	"width": 1,
	"height": 1,

	"speed": 6,

	"animationscalex": 0.075,
	"animationscaley": 0.075,
	
	"offsetX": 8,
	"offsetY": 0,
	"quadcenterX": 132,
	"quadcenterY": 132,

	"stompable": true,
	"killsonsides": true,
	"killsonbottom": true,
	
	"static": false,
	"active": true,

	"emancipatecheck": false,
	"autodelete": false,

	"category": 4,
	"mask": [ true, 
			false, false, false, false, true,
			false, true, false, true, false,
			false, false, false, false, false,
			true, true, false, false, false,
			false, true, true, false, false,
			true, false, true, true, true],

	"movement": "chase",
	"chasespeed": 4,
	"chaseacceleration": 4,
	"chasespace": 1,
	"chasebounceforcex": 5,
	"chasebounceforcey": 12,

	"customtimer": [
		[0, ["set", "chasespeed"], ["property", "speed"]],
		[0, ["set", "chaseacceleration"], ["property", "speed"]]
	],
	"dontloopcustomtimer": true,
}