{
	"quadcount": 3,

	"nospritesets": true,
   
	"movement": "none",
	
	"animationtype": "frames",
 "animationstart": 1,
 "animationframes": 3,
 "animationspeed": 0.1,

 "breaksblocks": true,
 "breakblockside": "global",
	
	"quadno": 1,
 "freezable": false,
	"width": 1.75,
	"height": 1.75,
	"spawnoffsety": 0.75,
	"gravity": 0,
	
	"kills": false,
 "killsenemies": true,
     
     "resistsEverything": true,
     
	"regiontriggerignore": true,
	
	"static": false,
	"active": true,
	
 "category": 13,
 
	"emancipatecheck": true,
	"autodelete": true,
	 	"mask": [	true, 
				false, false, false, false, true,
				false, true, false, true, false,
				false, false, false, false, false,
				true, true, false, false, false,
				false, true, true, false, false,
				true, false, true, true, true],
	"offsetX": 16,
	"offsetY": 0,
	"quadcenterX": 16,
	"quadcenterY": 16,
 "lifetime": 0.3
}
