{
	"quadcount": 2,

	"movement": "none",
	"stompable": false,
	"kills": false,
	"killsenemies": true,
 "resistseverything": true,
	
	"animationtype": "frames",
 "animationstart": 1,
 "animationframes": 2,
 "animationspeed": 0.5,
	
	"quadno": 1,
	
	"width": 0.5,
	"height": 0.5,

 "speedy": -15,

 "acceleration": 5,
	
	"static": false,
	"active": true,

 "dontenterclearpipes": false,
	
	"category": 13,

	"mask": [	true, 
				false, false, false, false, false,
				false, true, false, true, false,
				false, true, false, false, false,
				false, false, false, false, false,
				false, false, false, false, false,
				false, false, false, false, false],
					
	
	"emancipatecheck": true,
	"autodelete": true,

 "spawnoffsetY": -1,
	
	"offsetX": 8,
	"offsetY": 0,
	"quadcenterX": 4,
	"quadcenterY": 4,
 "lifetime": 3,
 "nospritesets": true,

 "transforms": true,
 "transformsinto": "fireballexplode",
 "transformtrigger": "globalcollide",
 "transformtriggerobjectcollide": "tile"
}
