{
	"trackable": false,

	"quadcount": 1,
	"dontEnterClearPipes":true,
	"hidden": true,
	"dontmirror":false,
	"lifetime":5,
	"regiontriggerexclude":true,

	"animationtype": "frames",
	"animationstart":1,
	"animationframes":1,
	"animationspeed":50,

	"breaksblocks":true,
	"breakBlockSide":"sides",

	"_movement":"truffleshuffle",
	"_truffleshufflespeed":15,
	"_truffleshuffleacceleration":0,

	"reflects":false,
	"spawnoffsety":0,

	"speedY":-16,

	"teleportnearestplayer": true,
	"teleportPlayerOffsetX": 0,
	"teleportPlayerOffsetY": 0,
	"teleportPlayerSpeedX": 0,
	"teleportPlayerSpeedY": -40,

	"transforms": true,
	"transformsinto": ["bonkleft","bonkright","despawnfast","capspin left","capspin right","capspin up","capspin down","despawnfastbkflp"],
	"transformtrigger": ["leftcollide","rightcollide","floorcollide","collide","collide","collide","collide","playernotnear"],
	"transformtriggerobjectcollide": ["tile","tile","tile","none","none"],
	"transformtriggerenemycollide":["none","none","none","usepress left","usepress right","usepress up","usepress down"],
	"transformpassedparameters":["speedx"],
	"playerneardist":13,

	"enemyKillsDontFlyAway":true,
	"nospritesets": true,
	"resistseverything": true,

	"width": 0.77,
	"height": 1.5,

	"gravity":45,

	"category": 3,

	"mask": [	true,
				false, true, false, false, true,
				false, false, false, false, false,
				true, true, false, false, true,
				true, true, false, false, false,
				true, true, false, false, true,
				false, false, false, false, true,
				false, false, false, false],

	"customtimer":[
		[0,["set","playerneardist"],["property","speedx"]],
		[0,["multiply","speedx"],10000.5],
		[0.015,"playsound","jumpskinny"],
		[0,["set","customtimer"],[
			[0.02,["set","transformsinto"],["bonkleft","bonkright","despawnfast","capspin left","capspin right","capspin up","capspin down","despawnfast"]],
			[0.00,["set","playerneardist"],["property","speedy"]],
			[0.02,["set","transformsinto"],["bonkleft","bonkright","despawnfast","capspin left","capspin right","capspin up","capspin down","bonkleft"]],
		[0,["set","playerneardist"],["property","speedx"]]
		]]
	],
	"dontloopcustomtimer": false,
	"ignorefaithplates": true,
	"emancipatecheck": false,


	"offsetx": 6,
	"offsety": 5,
	"quadcenterx": 8,
	"quadcentery": 10,
}