{
	"trackable": false,
	"dontEnterClearPipes":true,
	"hidden": true,
	
	"quadcount": 1,
	"animationtype": "none",
	"lifetime": 0.07,
	"regiontriggerexclude":true,

	"width": 0.75,
	"height": 1.7,

	"active": true,

	"category": 33,
	"nospritesets":true,
	
	"spawnsenemy":"you jumped",
	"spawnenemydelays":[0.02],

	"mask": [true,
	false,false,true,false],
	"resistseverything": true,
	"noCollideStops":true,
	"platformpush":false,
	"stickToNearestPlayer":true,
	"sticktoplayeroffsetx":0,
	"sticktoplayeroffsety":0.1,
	
	"transforms":true,
	"transformtrigger":["collide","lifetime","collide","collide"],
	"transformtriggerobjectcollide":["tile","none","none"],
	"transformtriggerenemycollide":["none","wall slide left","wall slide right"],
	"transformsinto":["jumppresscool","jumppresssad","none","none"],

	"gravity": 0,
	"offsetx": 8,
	"offsety": 0,
	"quadcenterx": 8,
	"quadcentery": 8,
}