{
	"trackable": false,
	"dontEnterClearPipes":true,
	"hidden": false,
	"dontmirror":false,

	"spawnsound":"coin",
	
	"quadcount": 8,
	"animationtype": "frames",
	"animationstart":1,
	"animationspeed":0.05,
	"animationframes":8,

	"lifetime":0.034,

	"regiontriggerexclude":true,
	"friction":0,

	"width": 0.75,
	"height": 0.75,

	"_spawnoffsety":-0.2,

	"speedy":0,

	"active": true,

	"category": 3,
	"nospritesets":true,
	
	"dontstopmario":true,

	"mask": [false,
		false,false,true,false,true,
		false,true,false,false,true,
		false, true, true, false, true,
		true, true, false, true, true,
		false, false, true, false, true,
		true, false, true, true, true, 
		true, false],
	"resistseverything": true,
	"noCollideStops":false,
	"platformpush":false,
	"stickToNearestPlayer":false,

	"teleportnearestplayer":true,
	"teleportplayeroffsety":-0.5,
	
	"transforms":true,
	"transformtrigger":["collide","collide","collide","lifetime","falling"],
	"transformsinto":["rollboost","long jump","despawnfastsmoller","roll","roll down"],
	"transformtriggerenemycollide":["usepress","jumppress","runpress"],
	"_transformtriggerobjectcollide":["pixeltile","none"],
	"transformpassedparameters":["speedx","speedy","quad","quadi","animationtimer","animationtimerstage"],

	"var1":0,
	"varabs1":0,
	"varabs2":0,
	"customtimer":[
		[0.017,["add","speedx"],-0.75]
	],
	"dontloopcustomtimer":false,

	"gravity":400,
	"offsetx": 6,
	"offsety": 4.5,
	"quadcenterx": 10.5,
	"quadcentery": 10.5,
}