{
	"trackable": false,

	"quadcount": 1,
	"dontEnterClearPipes":true,
	"hidden": true,
	"dontmirror":false,
	"lifetime":5,
	"regiontriggerexclude":true,

	"animationtype": "frames",
	"animationstart":1,
	"animationframes":1,
	"animationspeed":50,

	"rotationanimation":false,
	"rotationanimationspeed":0.1,

	"killsenemies":true,
	"killsonbottom":true,
	"bouncesOnEnemyKill":true,
	"bounceforce":20,

	"breaksblocks":true,
	"breakBlockSide":"sides",

	"speedY":-20,
	"spawnSound":"throw",

	"teleportnearestplayer": true,
	"teleportPlayerOffsetX": 0,
	"teleportPlayerOffsetY": 0,
	"teleportPlayerSpeedX": 0,
	"teleportPlayerSpeedY": 0,

	"transforms": true,
	"transformsinto": ["despawnfast","bonkleft","bonkright","despawnfastcapjump","despawnfast"],
	"transformtrigger": ["floorcollide","leftcollide","rightcollide","collide","playernotnear"],
	"transformtriggerobjectcollide": ["tile","tile","tile"],
	"transformtriggerenemycollide":["none","none","none","cappy"],
	"transformpassedparameters":["speedx"],
	"playerneardist":50,

	"enemyKillsDontFlyAway":true,
	"nospritesets": true,
	"resistseverything": true,

	"width": 1.5,
	"height": 0.75,

	"category": 9,

	"mask": [	false,
				false, false, false, false, true,
				false, false, false, false, false,
				true, true, false, false, true,
				true, true, false, false, false,
				true, true, false, false, true,
				false, false, false, false, true,
				false, true, false, false],


	"customtimer":[
		[0.01,["multiply","speedx"],1150],
		[0.1,["set","customtimer"],[
			[0.02,["set","transformsinto"],["despawnfast","bonkleft","bonkright","despawnfastcapjump","despawnfast"]],
			[0.00,["set","playerneardist"],["property","speedy"]],
			[0.02,["set","transformsinto"],["despawnfast","bonkleft","bonkright","despawnfastcapjump","bonkright"]],
			[0,["set","playerneardist"],["property","speedx"]]
		]]
	],
	"dontloopcustomtimer": false,
	"ignorefaithplates": true,
	"emancipatecheck": false,

	"offsetx": 7,
	"offsety": 7,
	"quadcenterx": 17,
	"quadcentery": 0.325,
}