{
	"trackable": false,
	"dontEnterClearPipes":true,
	"hidden": true,
	"dontmirror":true,
	
	"quadcount": 1,
	"animationtype": "none",
	"lifetime": 0.1,
	"regiontriggerexclude":true,

	"spawnsound":"skid",

	"width": 0.75,
	"height": 1.5,

	"speedy":3,
	"speedx":0,

	"active": true,
	"spawnoffsety":-0.02,

	"snapxtogrid":true,
	"snapxtogridoffset":0.25,

	"category": 3,
	"nospritesets":true,

	"mask": [true,
		false,true,true,true,true,
		false,true,false,false,true,
		false, true, true, false, true,
		true, true, false, true, true,
		false, true, true, false, true,
		true, false, true, true, true, true],
	"resistseverything": true,
	"noCollideStops":false,
	"platformpush":false,
	"stickToNearestPlayer":false,

	"reflects":false,

	"teleportnearestplayer":true,
	"teleportplayeroffsetx":0,
	"teleportplayeroffsety":0,
	"teleportplayerspeedy":-20,
	
	"transforms":true,
	"transformtrigger":["floorcollide","collide","collide","lifetime"],
	"transformtriggerenemycollide":["none","grab ledge","jumppress"],
	"transformtriggerobjectcollide":["tile","none","none"],
	"transformsinto":["despawnfastlow","ledge grab right","despawnfastwjfr","wall slide right test"],

	"gravity":0,
	
	"offsetx": 6,
	"offsety": 5,
	"quadcenterx": 8,
	"quadcentery": 10,
}