{
	"trackable": false,
	"dontEnterClearPipes":true,
	"hidden": true,
	
	"quadcount": 1,
	"animationtype": "frames",
	"animationstart":1,
	"animationspeed":50,
	"animationframes":1,
	"quadno":1,
	"lifetime": 0.02,
	"regiontriggerexclude":true,

	"width": 0.75,
	"height": 1.5,
	"_spawnoffsety":-0.0001,

	"active": true,

	"category": 3,
	"nospritesets":true,
	

	"mask": [false,
		false,false,true,true,true,
		false,true,false,false,true,
		false, true, true, false, true,
		true, true, false, true, true,
		false, false, true, false, true,
		true, false, true, true, true, true],
	"resistseverything": true,
	"noCollideStops":false,
	"platformpush":false,
	"stickToNearestPlayer":false,

	"teleportnearestplayer":true,
	
	"transforms":true,
	"transformtrigger":["lifetime","floorcollide"],
	"transformsinto":["spincheck air","spincheck ground"],
	"transformpassedparameters":["speedx","speedy"],

	"customtimer":[
		[0.001,["add","speedy"],0.01]
	],
	"dontloopcustomtimer":true,
	"offsetx": 6,
	"offsety": -6,
	"quadcenterx": 8,
	"quadcentery": 11,
}