{
	"trackable": false,
	"dontEnterClearPipes":true,
	"hidden": true,
	
	"quadcount": 1,
	"animationtype": "none",
	"lifetime": 0.017,
	"regiontriggerexclude":true,

	"width": 0.75,
	"height": 1.5,

	"teleportnearestplayer": true,
	"teleportPlayerOffsetX": 0,
	"teleportPlayerOffsetY": 0,
	"teleportPlayerSpeedX": 0,
	"teleportPlayerSpeedY": 0,

	"active": true,

	"category": 3,
	"nospritesets":true,
	"spawnoffsety":-0.35,
	"moveToTopOnPassiveCollide":true,
	
	"speedy":7,

	"mask": [true,
	false,false,true,false],
	"resistseverything": true,
	"noCollideStops":true,
	"platformpush":false,

	"gravity": 0,
	"offsetx": 8,
	"offsety": 0,
	"quadcenterx": 8,
	"quadcentery": 8,

	"_customtimer":[
		[0,["add","y"],-0.4]
	],
	"dontloopcustomtimer":true,
}