{
	"^":"it's in two parts for convenience of editing",
	"hidden":true,
	"width":0,
	"height":0,
	"active":false,

	"spawnsenemy":"nil",
	"spawnpassedparameters":false,

	"leastdist":2.5,
	"foundcount":0,

	"spawnsenemy":"k chain spark node",
	"spawnenemydelays":[99e99],
	"spawnpassedparameters":["leastenemy","oldobj","leastname","foundcount","playerno"],

	"customtimer":[
		[0,["set","spawnstore"],["property","spawnenemy"]],
		[0,["set","instantdelete"],true],
		[0,["set","oldobj"],["property","playerobj"]],


		[0,["set","en"],["property","currentcustomtimerstage"]],
		[0,["add","en"],2],
		[0,["add","currentcustomtimerstage"],1],
		[1,""],

		[0,["set","sn"],["property","currentcustomtimerstage"]],
		[0,["add","sn"],2],
		[0,["add","currentcustomtimerstage"],19],
			[0,["if","found","~=",true],["set","currentcustomtimerstage"],["property","en"]],
			[0,["set","quadgroup"],["property","leasthit"]],
			[0,"setframe","x"],
			[0,["set","x"],["property","quad"]],
			[0,"setframe","y"],
			[0,["set","y"],["property","quad"]],
			[0,"setframe","width"],
			[0,["divide","quad"],2],
			[0,["add","x"],["property","quad"]],
			[0,"setframe","height"],
			[0,["divide","quad"],2],
			[0,["add","y"],["property","quad"]],
			[0,"spawnenemy"],

			[0,["set","leastdist"],2.5],
			[0,["if","foundcount","==",1],["set","enem1"],["property","leastenemy"]],
			[0,["if","foundcount","==",2],["set","enem2"],["property","leastenemy"]],
			[0,["if","foundcount","==",3],["set","enem3"],["property","leastenemy"]],
			[0,["set","enem4"],["property","leastenemy"]],
			[0,["set","oldobj"],["property","leasthit"]],


		[0,["set","fn"],["property","currentcustomtimerstage"]],

		[0,["set","found"],false],
		[0,["add","foundcount"],1],
		[0,["if","foundcount",">",4],["set","currentcustomtimerstage"],["property","en"]],
		[0,["set","outi"],0],

		[0,["set","ln"],["property","currentcustomtimerstage"]],

		[0,["add","outi"],1],
		[0,["set","quadgroup"],["property","outtable"]],
		[0,"setframe",["property","outi"]],
		[0,["if",["property","quad"],"notexists",""],["set","currentcustomtimerstage"],["property","sn"]],
		[0,["set","quadgroup"],["property","quad"]],
		[0,"setframe",1],
		[0,["set","objname"],["property","quad"]],

		[0,["add","outi"],1],
		[0,["set","quadgroup"],["property","outtable"]],
		[0,"setframe",["property","outi"]],
		[0,["set","quadgroup"],["property","quad"]],
		[0,"setframe",1],
		[0,["set","hitobj"],["property","quad"]],

		[0,["add","outi"],1],
		[0,["set","quadgroup"],["property","outtable"]],
		[0,"setframe",["property","outi"]],
		[0,["set","quadgroup"],["property","quad"]],
		[0,"setframe",1],
		[0,["set","newobj"],["property","quad"]],

		[0,["if","enem1","==","newobj"],["set","currentcustomtimerstage"],["property","ln"]],
		[0,["if","enem2","==","newobj"],["set","currentcustomtimerstage"],["property","ln"]],
		[0,["if","enem3","==","newobj"],["set","currentcustomtimerstage"],["property","ln"]],
		[0,["if","enem4","==","newobj"],["set","currentcustomtimerstage"],["property","ln"]],

		[0,["set","quadgroup"],["property","oldobj"]],
		[0,"setframe","x"],
		[0,["set","oldx"],["property","quad"]],
		[0,"setframe","y"],
		[0,["set","oldy"],["property","quad"]],
		[0,"setframe","width"],
		[0,["set","oldw"],["property","oldx"]],
		[0,["add","oldw"],["property","quad"]],
		[0,["divide","quad"],2],
		[0,["set","x2"],["property","oldx"]],
		[0,["add","x2"],["property","quad"]],
		[0,"setframe","height"],
		[0,["set","oldh"],["property","oldy"]],
		[0,["add","oldh"],["property","quad"]],
		[0,["divide","quad"],2],
		[0,["set","y2"],["property","oldy"]],
		[0,["add","y2"],["property","quad"]],


		[0,["set","quadgroup"],["property","hitobj"]],


		[0,"setframe","x"],
		[0,["set","x1"],["property","quad"]],
		[0,["set","enex"],["property","quad"]],
		[0,"setframe","width"],
		[0,["set","enew"],["property","enex"]],
		[0,["add","enew"],["property","quad"]],
		[0,["divide","quad"],2],
		[0,["add","x1"],["property","quad"]],

		[0,"setframe","y"],
		[0,["set","y1"],["property","quad"]],
		[0,["set","eney"],["property","quad"]],
		[0,"setframe","height"],
		[0,["set","eneh"],["property","eney"]],
		[0,["add","eneh"],["property","quad"]],
		[0,["divide","quad"],2],
		[0,["add","y1"],["property","quad"]],

		[0,["max","x1"],["property","oldx"]],
		[0,["max","y1"],["property","oldy"]],
		[0,["min","x1"],["property","oldw"]],
		[0,["min","y1"],["property","oldh"]],

		[0,["max","x2"],["property","enex"]],
		[0,["max","y2"],["property","eney"]],
		[0,["min","x2"],["property","enew"]],
		[0,["min","y2"],["property","eneh"]],

		[0,["subtract","x1"],["property","x2"]],
		[0,["subtract","y1"],["property","y2"]],


		[0,["pow","x1"],2],
		[0,["pow","y1"],2],
		[0,["add","x1"],["property","y1"]],
		[0,["sqrt","x1"]],
		[0,["if","x1",">","leastdist"],["set","currentcustomtimerstage"],["property","ln"]],


		[0,["set","leastdist"],["property","x1"]],
		[0,["set","leastenemy"],["property","newobj"]],
		[0,["set","leasthit"],["property","hitobj"]],
		[0,["set","leastname"],["property","objname"]],
		[0,["set","found"],true],

		[0,["set","currentcustomtimerstage"],["property","ln"]]
	],
}