{
	"hidden": false,
	
	"quadcount": 1,
	"nospritesets": true,
	"drawback": true,
	"spawnonload": true,

	"width": 0.75,
	"height": 0.75,
		
	"offsetX": 5,
	"offsetY": 3,
	"quadcenterX": 8,
	"quadcenterY": 8,
 
	"static": true,
	"active": true,

	"movement": "flyvertical",
	"flyingtime": 2.5,
	"flyingdistance": 0.4,
	"spawnoffsetY": -0.2,
	
	"category": 6,
	"mask": [true,
		true, false, true, true, true,
		true, true, true, true, true,
		true, true, true, true, true,
		true, true, true, true, true,
		true, true, true, true, true,
		true, true, true, true, true],
 
	"resistseverything": true,
	"dontstopmario": true,

	"removeonmariocontact": true,
	"animationtriggerondeath": "mush",

	"spawnsenemy": "shroomcolor",
	"spawnenemydelays": [99e99],

	"customtimer": [
		[0, ["set", "savedquadgroup"], ["property", "quadgroup"]],
		[0, "spawnenemy"],
		[0, ["set", "quadgroup"], ["property", "spawnedenemies"]],
		[0, "setframe", 1],
		[0, ["set", "graphiccolor"], ["property", "quad"]],
		[0, ["set", "quadgroup"], ["property", "savedquadgroup"]],
		[0, "setframe", 1]
	],
	"dontloopcustomtimer": true,

	"transforms": true,
	"transformsinto": "shroomget",
	"transformtrigger": "mariocontact",
	"transformpassedparameters": ["graphiccolor"],

	"deathsound": "shroom"
}