{	
	"hidden": true,
	"drawable": false,

	"active": false,

	"width": 0,
	"height": 0,

	"timer": 0,
	"customtimer": [
		[0, ["set", 1], 255],
		[0, ["set", 2], 255],
		[0, ["set", 3], 255],
		[0, ["set", 4], 255],

		[0, ["set", "loopline"], ["property", "currentcustomtimerstage"]],

		[0, ["set", "customtimertimer"], 0],
		[0, ["add", "timer"], ["property", "customtimertimer"]],
		[0, ["set", "new"], ["property", "timer"]],
		[0, ["multiply", "new"], 5],
		[0, ["sin", "new"], ["property", "new"]],
		[0, ["add", "new"], 1],
		[0, ["multiply", "new"], 127.5],
		[0, ["set", 1], 255],
		[0, ["add", 1], ["property", "new"]],
		[0, ["set", 2], ["property", 1]],
		[0, ["set", 3], ["property", 1]],

		[0, ["set", "currentcustomtimerstage"], ["property", "loopline"]]
	]
}