{
	"hidden": false,

	"quadcount": 2,
	"nospritesets": true,
	"spawnonload": true,
	"showicononeditor":true,

	"graphiccolor":[0,0,0,0],
	"doesntunrotate":true,
	
	"width": 1.75,
	"height": 1.75,
	
	"offsetX": 14,
	"offsetY": -8,
	"quadcenterX": 142,
	"quadcenterY": 125,
	"customscale": 0.2,

	"static": true,
	"speedy":3.5,
	"ignoregravity":true,

	"category": 4,
	"mask": [true,
		true, false, true, true, true,
		true, true, true, true, true,
		true, true, true, true, true,
		true, true, true, true, true,
		true, true, true, true, true,
		true, true, true, true, true],

	"sticktoplayer": 1,

	"blowrange":[-2,-2,5.75,5.75],
	"blowmaxspeedy":-50,
	"blowminspeedy":-50,
	"blowminspeedx":15,
	"blowmaxspeedx":15,

	"spawnsenemy":"NIL",
	"spawnenemydelays":[99e99],
	"spawnsetparameters":[[1,255],[2,255],[3,255],[4,0]],

	"rotatimer":0,
	"stilltimer": 0,
	"oldspeed": 0,
	"dir":1,
	"spawnedi":1,
	"fadedir":1,
	"state":"idle",
	"customtimer": [
		[0,["set","quadstore"],["property","quadgroup"]],

		[0,"spawnenemy"],
		[0,["set","quadgroup"],["property","spawnedenemies"]],
		[0,"setframe",1],
		[0,["set","graphiccolor"],["property","quad"]],
		[0,["set","spawnsetparameters"]],
		[0,["set","spawnpassedparameters"],[4,"fadedir"]],
		[0,["set","spawnsenemy"],"buff him color"],

		[0,["set","passivecollide"],["property","addoutput"]],
		[0,["set","drawable"],false],
		[0,["set","customtimertimer"],0],
		[0,["set","active"],false],
		[0,["set","static"],false],
		[0,["set","category"],1],
		[0,["set","sticktoplayer"],false],


		[0,["set","quadgroup"],["property","outtable"]],
		[0,"setframe",1],
		[0,["set","quadgroup"],["property","quad"]],
		[0,"setframe",2],
		[0,["set","playerobj"],["property","quad"]],


		[0,["set","loopline"],["property","currentcustomtimerstage"]],


		[0,["set","quadgroup"],["property","graphiccolor"]],
		[0,"setframe",4],
		[0,["-print","quad"]],

		[0,["if","fade","~=",true],["add","currentcustomtimerstage"],13],
			[0,["set","quadgroup"],["property","spawnedenemies"]],
			[0,"setframe",["property","spawnedi"]],
			[0,["set","quadgroup"],["property","quad"]],
			[0,"setframe",4],
			[0,["set",4],["property","quad"]],

			[0,["set","fade"]],
			[0,["set","deletecolor"],true],

			[0,"spawnenemy"],
			[0,["add","spawnedi"],1],
			[0,["set","quadgroup"],["property","spawnedenemies"]],
			[0,"setframe",["property","spawnedi"]],
			[0,["set","graphiccolor"],["property","quad"]],
			[0,["reverse","fadedir"]],


		[0,["set","quadgroup"],["property","playerobj"]],
		[0,"setframe","x"],
		[0,["set","playerx"],["property","quad"]],
		[0,"setframe","y"],
		[0,["set","playery"],["property","quad"]],

		[0,"setframe","speedx"],
		[0,["abs","quad"]],
		[0,["if","quad",">=",1],["add","currentcustomtimerstage"],2],
			[0,["set","mstartx"],["property","playerx"]],
			[0,["set","mstarty"],["property","playery"]],

		[0,["set","offx"],["property","playerx"]],
		[0,["subtract","offx"],["property","mstartx"]],
		[0,["abs","offx"]],
		[0,["set","offy"],["property","playery"]],
		[0,["subtract","offy"],["property","mstarty"]],
		[0,["abs","offy"]],
		[0,["pow","offx"],2],
		[0,["pow","offy"],2],
		[0,["add","offx"],["property","offy"]],
		[0,["sqrt","offx"]],
		[0,["if","offx",">=",6],["add","currentcustomtimerstage"],2],
			[0,["add","stilltimer"],["property","customtimertimer"]],
			[0,["add","currentcustomtimerstage"],2],
		[0,["set","stilltimer"],0],
		[0,["reverse","dir"]],

		[0,["if","stilltimer",">",3],["add","currentcustomtimerstage"],18],
			[0,"-print","state"],
			[0,["if","state","==","idle"],["add","currentcustomtimerstage"],6],
				[0,["if","state","==","active"],["set","fade"],true],
				[0,["set","state"],"idlewait"],

				[0,["set","quadgroup"],["property","graphiccolor"]],
				[0,"setframe",4],
				[0,["-print","quad"]],

				[0,["if","quad",">",0],["add","currentcustomtimerstage"],5],

				[0,["set","state"],"idle"],
				[0,["set","x"],-100],
				[0,["set","y"],-100],
				[0,["set","drawable"],false],
				[0,["set","rotatimer"],0],
				[0,["set","quadgroup"],["property","quadstore"]],
				[0,"setframe",1],
				[0,["set","customtimertimer"],0],
				[0,["set","deletecolor"]],
				[0,["set","currentcustomtimerstage"],["property","loopline"]],

		[0,["if","state","==","idle"],["set","fade"],true],
		[0,["if","state","==","idle"],["set","state"],"active"],
		[0,["multiply","customtimertimer"],["property","stilltimer"]],
		[0,["abs","rotatimer"]],
		[0,["add","rotatimer"],["property","customtimertimer"]],
		[0,["multiply","rotatimer"],["property","dir"]],
		[0,["set","rotation"],["property","rotatimer"]],
		[0,["-add","rotation"],3.14159265],
		[0,["-multiply","rotation"],["property","dir"]],

		[0,["set","animationscalex"],["property","dir"]],

		[0,["set","var1"],10],
		[0,["subtract","var1"],["property","stilltimer"]],
		[0,["cos","x"],["property","rotatimer"]],
		[0,["multiply","x"],["property","var1"]],
		[0,["multiply","x"],["property","dir"]],
		[0,["sin","y"],["property","rotatimer"]],
		[0,["multiply","y"],["property","var1"]],
		[0,["multiply","y"],["property","dir"]],

		[0,["add","x"],["property","playerx"]],
		[0,["subtract","x"],0.5],
		[0,["add","y"],["property","playery"]],
		[0,["subtract","y"],0.5],

		[0,["set","drawable"],true],

		[0,["if","stilltimer","<",6.4],["add","currentcustomtimerstage"],29],
			[0,["set","quadgroup"],["property","quadstore"]],
			[0,"setframe",1],
			[0,["set","customtimertimer"],0],
			[0,["set","deletecolor"]],
			[0,["set","active"],true],
			[0,["set","speedx"],7],
			[0,["multiply","speedx"],["property","dir"]],
			[0,["set","rotationanimation"],true],
			[0,["set","rotationanimationspeed"],-25],
			[0,["multiply","rotationanimationspeed"],["property","dir"]],
			[0,"playsound",["property","t"]],

			[0.2,["set","blowchecktable"],["player"]],
			[0,["set","blowminspeedx"],15],
			[0,["multiply","blowminspeedx"],["property","dir"]],
			[0,["set","blowmaxspeedx"],["property","blowminspeedx"]],
			[0,"setframe",2],
			[0,["set","speedy"],-25],
			[0,["set","verticalfriction"],75],
			[0,["set","friction"],21],

			[0.06,["set","rotationanimation"]],
			[0,["set","blowchecktable"]],

			[0.3,["set","fade"],true],
			[0,["set","verticalfriction"]],
			[0,["set","friction"]],
			[0,["set","active"],false],
			[0,["set","stilltimer"],0],
			[0,["set","state"],"idlewait"],
			[0,["set","rotatimer"],0],
			[0,["set","currentcustomtimerstage"],["property","loopline"]],


		[0,["set","quadgroup"],["property","quadstore"]],
		[0,"setframe",1],
		[0,["set","customtimertimer"],0],
		[0,["set","deletecolor"]],
		[0,["set","currentcustomtimerstage"],["property","loopline"]]
	]
}