{	
	"hidden":true,

	"active":false,

	"width":0,
	"height":0,

	"customtimer":[
		[0,["set",1],255],
		[0,["set",2],255],
		[0,["set",3],255],

		[0,["print","fadedir"]],

		[0,["set","dt"],["property","customtimertimer"]],
		[0,["multiply","dt"],600],
		[0,["multiply","dt"],["property","fadedir"]],
		[0,["add",4],["property","dt"]],
		[0,["min",4],255],
		[0,["max",4],0],

		[0,["set","customtimertimer"],0],
		[0,["set","quadgroup"],["property","spawner"]],
		[0,"setframe","deletecolor"],
		[0,["set","instantdelete"],["property","quad"]],
		[0,["set","currentcustomtimerstage"],3]
	]
}