{
	"hidden":true,

	"forcepush":true,
	"ignoreifoffscreen":false,
	"power":true,

	"width":0.05,
	"height":0.05,

	"category":34,
	"mask": [	true, 
			true, true, true, true, true,
			true, true, true, true, true,
			true, true, true, true, true,
			true, true, true, true, true,
			true, true, true, true, true,
			true, true, true, true, true,
			true, true, false],
	"ignoregravity":true,
	"ignorefaithplates":true,
	"ignorefunnel":true,
	"dontstoplasers":true,
	"portalable":false,
	"dontenterclearpipes":true,
	"resistseverything":true,
	"blowable":false,
	"doesntpressbuttons":true,

	"transforms":true,
	"transformtrigger":"animation",
	"transformsinto":"",
	"transformanimation":"looktoggle",

	"regionwidth":1,
	"regionheight":1,

	"customtimer":[
		[0,["set","quadgroup"],["property","spawner"]],
		[0,"setframe","x"],
		[0,["set","x"],["property","quad"]],
		[0,"setframe","y"],
		[0,["set","y"],["property","quad"]],

		[0,["set","action"],["property","collide"]],

		[0,["set","rx"],0],
		[0,["set","ry"],["property","y"]],
		[0,["add","ry"],14],
		[0,["set","rw"],999],
		[0,["set","rh"],0],

		[0,["set","regionX"],1],
		[0,["set","regionY"],1],

		[0,["set","passivecollide"],["property","trigger"]],
		[0,["set","customtimertimer"],0]
	]
}