{
	"hidden":true,

	"spawnchildren":["death plane"],

	"width":0.05,
	"height":0.05,
	"spawnoffsety":7,

	"gravity":0,

	"xrelativetocamera":0,
	"yrelativetocamera":8,

	"category":34,
	"mask": [	true, 
			true, true, true, true, true,
			true, true, true, false, true,
			true, true, true, true, true,
			true, true, true, true, true,
			true, true, true, true, true,
			true, true, true, true, true,
			true, true, false],
	"ignorequicksand":true,
	"ignorefaithplates":true,
	"ignorefunnel":true,
	"dontstoplasers":true,
	"portalable":false,
	"resistseverything":true,
	"dontenterclearpipes":true,
	"ignoregravity":true,
	"blowable":false,
	"doesntpressbuttons":true,

	"varx2":0,
	"vary2":0,

	"spawnsenemy":"screen grab down",
	"spawnpassedparameters":["collide","trigger"],
	"spawnenemydelays":[999],

	"customtimer":[
		[0,"spawnenemy"],

		[0,["set","oldy"],["property","y"]],

		[0,["set","customtimertimer"],0],

		[0,["min","y"],["property","oldy"]],

		[0,["set","currentcustomtimerstage"],1]
	],
	"dontloopcustomtimer":true,
}