{
	"trackable": false,

	"quadcount": 8,

	"spawnsound": "ghostmush",
	"hidden": true,

	"lifetime": 0.8,

	"animationtype": "frames",
	"animationframes": 8,
	"animationstart": 1,
	"animationspeed": 0.1,
	"teleportnearestplayer": true,
	"teleportPlayerOffsetX": 0,
	"teleportPlayerOffsetY": 0,
	"teleportPlayerSpeedX": 0,
	"teleportPlayerSpeedY": 0,
	"startAwayFromPlayerHorizontal": true,
	"transforms": true,
	"transformsinto": ["poofspawn","poofspawn"],
	"transformtrigger": ["lifetime","death"],

	"transformtriggerobjectcollide": "tile",
	"nospritesets": true,
	"resistseverything": true,

	"spawnchildren": ["poofspawn"],

	"width": 0.75,
	"height": 0.75,

	"category": 1,

	"mask": [	true,
				true, true, true, true, true,
				true, true, true, false, true,
				true, true, true, true, true,
				true, true, true, true, true,
				true, true, true, true, true,
				true, true, true, true, true,
				true],

	"gravity": 0,

	"ignorefaithplates": true,

	"emancipatecheck": false,

	"offsetx": 6,
	"offsety": 3.5,
	"quadcenterx": 8,
	"quadcentery": 8,
}