{
	"trackable": false,

	"quadcount": 4,

	"hidden": true,

	"animationtype": "frames",
	"animationframes": 4,
	"animationstart": 1,
	"animationspeed": 0.05,
	"lifetime": 0.20,

	"nospritesets": true,
	"resistseverything": true,

	"width": 1,
	"height": 1,

	"active": false,
	"static": true,
	
	"category": 2,

	"mask": [	true,
				false, true, true, true, true,
				true, true, true, true, true,
				true, true, true, true, true,
				true, true, true, true, true,
				true, true, true, true, true,
				true, true, true, true, true,
				true, false, false, false],

	"gravity": 10,
	"emancipatecheck": true,

	"offsetx": 8,
	"offsety": 0,
	"quadcenterx": 8,
	"quadcentery": 8,
}