{
	"trackable": false,

	"quadcount": 4,

	"spawnsound": "propellermup",
	"hidden": true,

	"animationtype": "frames",
	"animationframes": 4,
	"animationstart": 1,
	"animationspeed": 0.05,

	"teleportnearestplayer": true,
	"teleportPlayerOffsetX": 0,
	"teleportPlayerOffsetY": 0,
	"teleportPlayerSpeedX": 0,
	"teleportPlayerSpeedY": 0,

	"transforms": true,
	"transformsinto": ["poofspawn","poofspawnpropellercooldown","poofspawn"],
	"transformtrigger": ["floorcollide","collide","collide"],
	"transformtriggerenemycollide": ["none","cancel","cooldown"],
	"transformtriggerobjectcollide": ["tile"],
	"nospritesets": true,
	"resistseverything": true,

	"spawnchildren": ["poofspawn"],

	"width": 0.75,
	"height": 0.75,

	"category": 2,

	"mask": [	false,
				false, true, true, true, true,
				true, true, true, false, true,
				true, true, true, true, true,
				true, true, true, true, true,
				true, true, true, true, true,
				true, false, true, true, true,
				true, false, false, false],

	"gravity": 0,

	"customtimer": [
		[0.1,["set","animationspeed"],0.05],
		[0,["set","gravity"],10],
		[0,["set","speedy"],-10],
		[0.5,["set","gravity"],10],
		[0,["set","speedy"],-5],
		[0.5,["set","animationspeed"],0.1],
		[0.1,["add","speedx"],0.1]
	],
	"dontloopcustomtimer": true,
	"ignorefaithplates": true,
	"emancipatecheck": false,

	"offsetx": 6,
	"offsety": 7.5,
	"quadcenterx": 8,
	"quadcentery": 8,
}