{
	"trackable": false,
	"quadcount": 1,

	"hidden": true,

	"speedy": -8,
	"animationtype": "none",

	"nocollidestops": true,
	"rotationanimation": true,
	"rotationanimationspeed": 10,

	"transforms": true,
	"transformsinto": "poofspawner",
	"transformtrigger": "lifetime",

	"lifetime": 0.5,

	"teleportnearestplayer": true,
	"teleportPlayerOffsetX": 0,
	"teleportPlayerOffsetY": 0,
	"teleportPlayerSpeedX": 0,
	"teleportPlayerSpeedY": 0,
	"nospritesets": true,
	"resistseverything": true,

	"width": 0.75,
	"height": 0.75,

	"category": 2,

	"mask": [	true,
				false, true, true, true, true,
				true, true, true, false, true,
				true, true, true, true, true,
				true, true, true, true, true,
				true, true, true, true, true,
				true, false, true, true, true,
				true, false, false, false],

		"customtimer": [
			[0.1,["set","category"],1]
		],
		"dontloopcustomtimer": true,

	"gravity": 30,
	"autodelete":true,
	"ignorefaithplates": false,
	"emancipatecheck": true,

	"offsetx": 8,
	"offsety": 0,
	"quadcenterx": 8,
	"quadcentery": 8,
}