{
	"trackable": false,
	"quadcount": 1,

	"hidden": true,

	"speedy": -8,
	"animationtype": "none",

	"rotationanimation": true,
	"rotationanimationspeed": 10,

	"transforms": true,
	"transformsinto": "rockmushend",
	"transformtrigger": ["leftcollide","rightcollide"],
	"transformtriggerenemycollide": ["none","none","cancel"],
	"transformtriggerobjectcollide": ["tile","tile"],

	"teleportnearestplayer": true,
	"teleportPlayerOffsetX": 0,
	"teleportPlayerOffsetY": 0,
	"teleportPlayerSpeedX": 1,
	"teleportPlayerSpeedY": 0,
	"nospritesets": true,
	"resistseverything": true,

	"spawnchildren": ["poofspawn","rockballanimationleft"],

	"width": 0.75,
	"height": 1.5,

	"category": 2,

	"mask": [	true,
				false, true, true, true, true,
				true, true, true, false, true,
				true, true, true, true, true,
				true, true, true, true, true,
				true, true, true, true, true,
				true, false, true, true, true,
				true, false, false, false],

		"customtimer": [
			[1.5,["set","speedx"],-15],
			[0.01,["set","customtimer"],[
			[0.01,["set","speedx"],-15],
			[0.01,["set","transformtrigger"],["leftcollide","rightcollide","ceilcollide","leftcollide","rightcollide"]],
			[0.01,["set","transformtriggerenemycollide"],false],
			[0.01,["set","transformtriggerobjectcollide"],false],
			[0.01,["set","speedx"],-15],
			[0.01,["set","transformtriggerenemycollide"],["cancel","cancel","cancel"]],
			[0.01,["set","transformtriggerobjectcollide"],["none","none","none","tile","tile"]]
		]]
		],
		"spawnsenemy": "rockballstep",
		"spawnenemyspeedx": 0,
		"spawnenemyspeedy": 0,
		"spawnmax": 1,
		"spawnenemydelays": [0.1],

	"drawback": true,
	"gravity": 30,
	"ignorefaithplates": false,
	"emancipatecheck": false,

	"offsetx": 8,
	"offsety": -3,
	"quadcenterx": 8,
	"quadcentery": 8,
}