{
	"trackable": false,

	"quadcount": 4,

	"hidden": true,

	"spawnsound": "rockballdestroy",
	
	"animationtype": "frames",
	"animationframes": 4,
	"animationstart": 1,
	"animationspeed": 0.1,

	"rotationanimation": true,
	"rotationanimationspeed": 10,

	"lifetime": 0.4,

	"nospritesets": true,
	"resistseverything": true,

	"width": 1.6,
	"height": 1.6,

	"category": 2,

	"mask": [	true,
				false, true, true, true, true,
				true, true, true, false, true,
				true, true, true, true, true,
				true, true, true, true, true,
				true, true, true, true, true,
				true, false, true, true, true,
				true, false, false, false],

	"gravity": 10,
	"ignorefaithplates": true,
	"emancipatecheck": true,

	"offsetx": 13,
	"offsety": -4,
	"quadcenterx": 25,
	"quadcentery": 25,
}