{
	"trackable": false,
	"quadcount": 4,

	"spawnsound": "rockballanimationleft",

	"hidden": true,

	"animationtype": "frames",
	"animationframes": 4,
	"animationstart": 1,
	"animationspeed": 0.1,

	"rotationanimation": true,
	"rotationanimationspeed": -10,

	"stickToNearestPlayer": true,
	"stickToPlayerOffsetY": 0.3,

	"lifetime": 0.4,
	"transforms": true,
	"transformsinto": ["rockballpowerleft"],
	"transformtrigger": ["lifetime"],

	"nospritesets": true,
	"resistseverything": true,

	"width": 1.6,
	"height": 1.6,

	"category": 2,

	"mask": [	true,
				false, true, true, true, true,
				true, true, true, false, true,
				true, true, true, true, true,
				true, true, true, true, true,
				true, true, true, true, true,
				true, false, true, true, true,
				true, false, false, false],

	"gravity": 10,
	"ignorefaithplates": true,
	"emancipatecheck": true,

	"offsetx": 13,
	"offsety": -4,
	"quadcenterx": 25,
	"quadcentery": 25,
}