{
	"trackable": false,
	"quadcount": 1,

	"hidden": true,

	"animationtype": "none",

	"killsenemies": true,

	"rotationanimation": false,
	"rotationanimationspeed": 10,

	"breaksblocks": true,
	"breakshardblocks": true,

	"stickToNearestPlayer": true,
	"stickToPlayerOffsetY": -0.05,

	"transforms": true,
	"transformsinto": "rockballdestroy",
	"transformtrigger": "collide",
	"transformtriggerenemycollide": "rockmushend",

	"nospritesets": true,
	"resistseverything": true,

	"width": 1.6,
	"height": 1.6,

	"category": 2,

	"mask": [	true, 
				false, true, false, false, true,
				false, true, false, true, false,
				false, false, false, false, false,
				true, true, false, false, false,
				false, true, true, false, false,
				true, false, true, true, true,
				false],

	"gravity": 0,
	"ignorefaithplates": true,
	"emancipatecheck": true,

	"customtimer": [
		[0.5,["set","rotationanimation"],true]
	],
	"dontloopcustomtimer": true,
	"offsetx": 13,
	"offsety": -4,
	"quadcenterx": 15,
	"quadcentery": 15,
}