{	
	"spawnonload": true,
	"quadcount": 1,
	"nospritesets": true,

	"width": 1,
	"height": 1,

	"offsetX": 8,
	"offsetY": 0,
	"quadcenterX": 8,
	"quadcenterY": 8,
	
	"static": true,
	"active": false,

	"index": 1,
	"indexactive": 1,
	"customtimer": [
		[0,["set","oy"],["property","y"]],
		[0,["set","drawable"],false],

		[0,["if","index",">",10],["set","customtimertimer"],-9999],
		[0,"spawnenemy"],
		[0,["add","index"],1],
		[0,["add","y"],0.75],
		[0,["subtract","currentcustomtimerstage"],5]
	],

	"spawnsenemy": "menu item",
	"spawnenemydelays": [99e99],
	"spawnpassedparameters": ["index"],
	
	"transforms": true,
	"transformsinto": ["menu up","menu down","menu select"],
	"transformtrigger": ["animation","animation","animation"],
	"transformanimation": ["menuup","menudown","menujump"],
	"transformpassedparameters": ["indexactive","oy"]
}