{	
	"hidden": true,
	
	"quadcount": 10,
	"nospritesets": true,

	"width": 10,
	"height": 0.5,

	"offsetX": 80,
	"offsetY": 4,
	"quadcenterX": 4,
	"quadcenterY": 80,

	"doesntunrotate": true,
	"rotation": 1.5707963,
	
	"static": true,
	"active": false,

	"customtimer": [
		[0,["set","savedquadgroup"],["property","quadgroup"]],
		[0,["set","quadgroup"],["property","spawner"]],
		[0,"setframe","indexactive"],
		[0,["set","indexactive"],["property","quad"]],
		[0,["set","quadgroup"],["property","savedquadgroup"]],

		[0,"setframe",["property","index"]],
		[0,["set","customscale"],1],
		[0,["if","indexactive","==","index"],["set","customscale"],1.1],
		[0,["if","indexactive","~=","index"],["set","graphiccolor"],[127,127,127]]
	],
	"dontloopcustomtimer": true,

	"transforms": true,
	"transformsinto": ["NIL","NIL"],
	"transformtrigger": ["animation","animation"],
	"transformanimation": ["menuup","menudown"]
}