{
    "hidden": true,

	"spawnsenemy":true,
	"spawnsenemyrandoms":["idle1","idle2","idle3","idle4","idle5","idle6"],
	"spawnpassedparameters":["angerstage","chaosmode","tvmode","disablesubtitles"],
	"spawnenemydelays": [0],
	"spawnmax":0,
	
	"customtimer":[
		[0,"spawnenemy"],
		[0,["set","instantdelete"],true]
	],
	"dontloopcustomtimer":true,

	"static": true,
	"active": true,
	"autodelete": false,

	"width":0,
	"height":0,
	
	"catogory": 1,
	"mask": [ true, 
			true, true, true, true, true,
			true, true, true, true, true,
			true, true, true, true, true,
			true, true, true, true, true,
			true, true, true, true, true,
			true, true, true, true, true]
}
