{
	"quadcount": 4,
	"nospritesets": true,
	"spawnonload": true,

	"width": 1.125,
	"height": 1.125,
	"active": false,
		
	"offsetX": 9,
	"offsetY": -1,
	"quadcenterX": 9,
	"quadcenterY": 9,

	"spawnsenemy": "switch",
	"spawnenemydelays": [99e99],
	"spawnpassedparameters": ["colorid","orderid"],
	"transformpassedparameters": ["spawnedenemies"],

	"positions": [[5,5],[134,13],[50,29],[162,25]],

	"primestable": [2,3,5,7],
	"postotal": 1,

	"colorid": 0,
	"orderid": 0,
	"customtimer": [
		[0,["set","drawable"],false],
		
		[0,["set","loopline"],["property","currentcustomtimerstage"]],
		
		[0,["add","colorid"],1],
		[0,["if","colorid","<=",4],["add","currentcustomtimerstage"],3],
			[0,["set","customtimeraction"],["property","transform"]],
			[0,"combination hud"],
			[99,"wait"],

		[0,["set","resetline"],["property","currentcustomtimerstage"]],

		[0,["random","orderid"],4],
		[0,["ceil","orderid"]],

		[0,["set","quadgroup"],["property","primestable"]],
		[0,"setframe",["property","orderid"]],
		[0,["set","var1"],["property","postotal"]],
		[0,["mod","var1"],["property","quad"]],
		[0,["if","var1","==",0],["set","currentcustomtimerstage"],["property","resetline"]],
		[0,["multiply","postotal"],["property","quad"]],

		[0,["set","quadgroup"],["property","positions"]],
		[0,"setframe",["property","colorid"]],
		[0,["set","quadgroup"],["property","quad"]],
		[0,"setframe",1],
		[0,["set","x"],["property","quad"]],
		[0,["add","x"],-1],
		[0,"setframe",2],
		[0,["set","y"],["property","quad"]],
		[0,["add","y"],-1],
		[0,"spawnenemy"],

		[0,["set","currentcustomtimerstage"],["property","loopline"]]
	],
	"dontloopcustomtimer": true,

	"rightclickmenu": ["jwjdekdfckaedlkadlalda",
		[
			["positions",[[5,5],[134,13],[50,29],[162,25]]]
		],
		[
			["positions",[[10,13],[48,8],[93,33],[125,29]]]
		]
	],
	"rightclickmenudisplay": ["type","default","rematch-3"],
	"rightclickmenutable": true,
	"rightclickmenumultipleproperties": true
}