{
	"hidden": true,
	
	"quadcount": 5,
	"nospritesets": true,
	"drawback": true,

	"width": 1,
	"height": 1,
	"active": false,

	"offsetX": 8,
	"offsetY": 0,
	"quadcenterX": 8,
	"quadcenterY": 8,

	"transforms": true,
	"transformsinto": ["switchdown", "switch"],
	"transformtrigger": ["-", "animation"],
	"transformanimation": "switchflip",
	"transformpassedparameters": ["colorid","orderid"],
	"playerneardist": [0.25,0.25,0.5,0.5],

	"customtimer": [
		[0,["set","spawner"]],
		[0,"setframe",["property","colorid"]],
		[0,["subtract","orderid"],1],
		[0,["if","orderid","==",0],["set","transformtrigger"],["playernear", "animation"]]
	],
	"dontloopcustomtimer": true
}