{
	"hidden":true,
	"active":false,
	"resistseverything":true,
	"ignoreplatform":true,
	"dontmirror":true,

	"width":0.75,
	"height":0.75,

	"lifetime":10,
	"transforms":true,
	"transformtrigger":"lifetime",
	"transformsinto":"k star poof",

	"spawnchildren":["k mirror wall"],
	"spawnchildrenparent":true,
	"useiframe":1,

	"drw":true,
	"useiframe":1,
	"ftimer":0,
	"customtimer":[
		[0,["set","quadgroup"],["property","spawner"]],
		[0,"setframe","spawner"],
		[0,["set","parent"],["property","quad"]],
		[0,["set","spawner"]],
		[0,["set","graphiccolor"],["property","gfx"]],
		[0,["set","drawable"],true],
		[0,["set","playsound"],["property","spawnenemy"]],

		[0,["set","loopline"],["property","currentcustomtimerstage"]],

		[0,["set","quadgroup"],["property","gfx"]],
		[0,"setframe","drawable"],
		[0,["set","drawable"],["property","quad"]],
		[0,"setframe","quad"],
		[0,["set","qs"],["property","quad"]],
		[0,"setframe","graphic"],
		[0,["set","graphic"],["property","quad"]],
		[0,"setframe","animationdirection"],
		[0,["set","animationdirection"],["property","quad"]],
		[0,"setframe","animationscalex"],
		[0,["set","animationscalex"],["property","quad"]],
		[0,["reverse","animationscalex"]],
		[0,"setframe","animationscaley"],
		[0,["set","animationscaley"],["property","quad"]],
		[0,"setframe","quadcenterX"],
		[0,["set","quadcenterX"],["property","quad"]],
		[0,"setframe","quadcenterY"],
		[0,["set","quadcenterY"],["property","quad"]],

		[0,["set","quadgroup"],["property","playerobj"]],
		[0,"setframe","y"],
		[0,["set","y"],["property","quad"]],
		[0,["subtract","quad"],["property","starty"]],
		[0,["abs","quad"]],
		[0,["if","quad",">",6.5],["set","lifetimer"],0],
		[0,"setframe","x"],
		[0,["set","x"],["property","startx"]],
		[0,["subtract","x"],["property","quad"]],
			[0,["set","var1"],["property","x"]],
			[0,["abs","var1"]],
			[0,["if","var1",">",10],["set","lifetimer"],0],
		[0,["add","x"],["property","startx"]],
		[0,"setframe","speedx"],
		[0,["multiply","quad"],["property","customtimertimer"]],
		[0,["add","x"],["property","quad"]],
		[0,"setframe","speedy"],
		[0,["multiply","quad"],["property","customtimertimer"]],
		[0,["add","y"],["property","quad"]],

		[0,"setframe","active"],
		[0,["if","quad","~=",true],["set","lifetimer"],0],

		[0,["set","quadgroup"],["property","move"]],
		[0,"setframe","animdir"],
		[0,["reverse","quad"]],
		[0,["set","animdir"],["property","quad"]],
		
		[0,"setframe","state"],
		[0,["set","quadgroup"],["property","quad"]],
		[0,"setframe","stateability"],
		[0,["if","quad","~=","mirror"],["set","lifetimer"],0],
		[0,"setframe","t"],
		[0,["if","quad","~=","0ks mirror image"],["add","currentcustomtimerstage"],2],
			[0,"setframe","lifetimer"],
			[0,["if","quad",">",0.75],["set","lifetimer"],0],

		[0,["set","removehitbox"],true],
		[0,["if","quad","~=","0ks slide"],["add","currentcustomtimerstage"],15],
			[0,["if","oldhitbox","==",true],"playsound","k hitbox"],
			[0,["set","removehitbox"]],
			[0,["set","damage"],0.75],
			[0,["set","damagetype"]],
			[0,["set","iframe"],0.375],
			[0,["set","knocky"],-13],
			[0,["set","knockx"],5],
			[0,["set","hitoffx"],0.75],
			[0,["set","hitoffy"],0],
			[0,["set","hitoffwidth"],-0.25],
			[0,["if","animdir","==",-1],["set","hitoffx"],-0.5],
			[0,["if","animdir","==",-1],["reverse","knockx"]],
			[0,["set","hitoffheight"],0],
			[0,["set","knockangular"]],
			[0,["set","hitradius"]],


		[0,["if","quad","~=","0ks poof"],["add","currentcustomtimerstage"],8],
		[0,["if","oldt","==","0ks poof"],["add","currentcustomtimerstage"],7],
			[0,["set","spawnenemyspeedx"],16],
			[0,["set","spawnenemyspeedy"]],
			[0,["multiply","spawnenemyspeedx"],["property","animdir"]],
			[0,["set","spawnenemyoffsetx"],0.375],
			[0,["multiply","spawnenemyoffsetx"],["property","animdir"]],
			[0,["set","spawnenemyoffsety"],-0.5],
			[0,"playsound","k air bullet"],

		[0,["if","quad","~=","0ks reflect force"],["add","currentcustomtimerstage"],19],
		[0,"setframe","started"],
		[0,["if","quad","~=",true],["add","currentcustomtimerstage"],17],
			[0,["if","oldhitbox","==",true],"playsound","k hitbox"],
			[0,["set","removehitbox"]],
			[0,["set","damage"],1],
			[0,["set","damagetype"],"mirror"],
			[0,["set","iframe"],0.3],
			[0,["set","hitoffx"],0.375],
			[0,["set","hitoffy"],-0.75],
			[0,["set","hitoffheight"],1.25],
			[0,["set","hitoffwidth"],0.25],
			[0,["set","knockx"],8],
			[0,["set","knocky"],8],
			[0,["set","hitradius"],1],
			[0,["set","hitcenterx"],0],
			[0,["set","hitcentery"],1],
			[0,["set","knockangular"],true],
			[0,["if","animdir","==",-1],["set","hitoffx"],-0.6125],
			[0,["if","animdir","==",-1],["set","hitcenterx"],1],

		[0,["if","quad","~=","0ks mirror splitting"],["add","currentcustomtimerstage"],20],
		[0,["if","oldt","==","0ks mirror splitting"],["add","currentcustomtimerstage"],19],
			[0,"setframe","angle"],
			[0,["set","angle"],["property","quad"]],
			[0,["subtract","angle"],1.57079632679],
			[0,["reverse","angle"]],
			[0,["add","angle"],1.57079632679],
			[0,["set","spawnpassedparameters"],["transformanimation","angle","gfx","damage","hitboxbricks","useiframe"]],
			[0,["cos","spawnenemyspeedx"],["property","angle"]],
			[0,["multiply","spawnenemyspeedx"],20],
			[0,["sin","spawnenemyspeedy"],["property","angle"]],
			[0,["multiply","spawnenemyspeedy"],20],
			[0,["set","spawnenemyoffsetx"]],
			[0,["set","spawnenemyoffsety"]],
			[0,["set","damage"],1],


			[0,"playsound","k mirror body"],
			[0,["reverse","spawnenemyspeedx"]],
			[0,["reverse","spawnenemyspeedy"]],
			[0,"playsound","k mirror body"],
			[0,"playsound","k mirror particle"],
			[0,["set","spawnpassedparameters"]],


		[0,["subtract","ftimer"],["property","customtimertimer"]],
		[0,["if","ftimer",">",0],["add","currentcustomtimerstage"],5],
			[0,["reverse","drw"]],
			[0,["add","ftimer"],0.02],
			[0,["set","varf"],["property","lifetimer"]],
			[0,["multiply","varf"],0.1],
			[0,["if","drw","==",true],["add","ftimer"],["property","varf"]],

		[0,["if","drw","~=",true],["set","drawable"],false],

		[0,"setframe","t"],
		[0,["set","oldt"],["property","quad"]],
		[0,["set","oldhitbox"],["property","removehitbox"]],
		[0,["set","quad"],["property","qs"]],
		[0,["set","customtimertimer"],0],
		[0,["set","currentcustomtimerstage"],["property","loopline"]]
	],

	"offsetX":6,
	"offsetY":2,
}