{
	"hidden":true,
	"quadcount": 14,
	"nospritesets":true,
	"animationtype":"frames",
	"animationspeed":0.07,
	"animationframes":3,
	"animationstart":1,

	"nocollidestops":true,

	"carryable": true,
	"_carryrange": [-0.75, -0.75, 2.25, 2.25],
	"carryrange": [0, 0, 0.75, 0.75],
	"carryoffsetx": 0.6,
	"carryoffsety": 0.75,
	"carryifholdingrunbutton":false,
	"thrownspeedx": 16,
	"thrownspeedy": -25,

	"transforms":true,
	"transformsinto":["omochao_cong","omochaohurt","omochaohurt","omochaopickup","omochaoupset"],
	"transformtrigger":["animation","death","collide","carry","animation"],
	"transformtriggerobjectcollide":["goomba"],
	"transformanimation":["playerdeath",false,false,false,"animalcruelty"],
	"transformpassedparameters":["angerstage","isdamaged","animationdirection","paitence","longtermpaitence","amnesia","chaosmode","tvmode","disablesubtitles","killomochao","keepwaitspeed"],
	"transformsetparametersbeforespawn":true,
	"transformenemyanimationonspawn":"neutral",

	"spawnchildrenparent":true,

	"customtimer":[
		[0,["if","killomochao","==",true],["set","animationtriggerondeath"],"youmonster"],	

		[0,["subtract","angerstage"],["property","paitence"]],
		[0,["if","paitence","!=",0],["set","longtermpaitence"],["property","paitence"]],	
		[0,["set","paitence"],0],
		
		[0,"spawnenemy"],

		[0,["if","isdamaged","==",true],["set","spawnsenemy"],"spark"],	
		[0,["if","isdamaged","==",true],["set","animationspeed"],0.2],	
		[0,["if","isdamaged","==",true],["set","spawnenemydelays"],[0.25,1]],	
		[0,["if","isdamaged","==",true],["set","spawnmax"],false],	

		[0,["if","isdamaged","==",false],["set","spawnsenemy"],false],	
		[0,["if","angerstage",">",0],["set","animationstart"],6],
		[0,["if","angerstage",">",0],["set","animationtimer"],0],
		[0,["if","angerstage",">",0],["set","quadi"],6],	
		[0,["if","angerstage",">",0],"setframe",6],	
		[0,["if","angerstage",">=",2],["set","_chaseSpeed"],14],	
		[0,["if","angerstage",">=",2],["set","_chaseSpeedy"],5],	
		[0,["if","angerstage",">=",2],["set","animationstart"],10],
		[0,["if","angerstage",">=",2],["set","animationtimer"],0],
		[0,["if","angerstage",">=",2],["set","quadi"],10],	
		[0,["if","angerstage",">=",2],"setframe",10],	
		[0,["if","angerstage",">",2],["set","transformsinto"],"omochaoleave"],	
		[0,["if","angerstage",">",2],["set","transformtrigger"],["lifetime","death"]],	
		[0,["if","angerstage",">",2],["set","lifetimer"],0],
		[0.5,["set","laserresistant"],false],	
		[0,["set","loop"],["property","currentcustomtimerstage"]],
		[0,["set","customtimertimer"],0],
		[0,["set","currentcustomtimerstage"],["property","loop"]]
	],
	"dontloopcustomtimer":true,

	"angerstage":3,
	"isdamaged":false,

	"spawnonload":true,

	"spawnsenemy":"omoenemy",
	"spawnpassedparameters":["angerstage","chaosmode","tvmode","disablesubtitles","keepwaitspeed"],
	"spawnenemydelays":[0],
	"spawnmax":0,
	"spawnenemyspeedy":-3,
	"spawnenemyspeedxrandomstart":-3,
	"spawnenemyspeedxrandomend":3,

	"animationscalex":-1,
	"facesplayer":true,

	
	"width": 0.75,
	"height": 0.75,
	
	"static": false,
	"active": true,
	
	"movement":"chase",
    "chaseSpeed":9,
	"chaseacceleration":20,
	"chaseSpace":0.1,
	"chaseSpeedy":9,
	"chaseaccelerationy":20,
	"chaseSpacey":0.1,

	"gravity":0,
	
	"category": 32,
	"mask": [	true,
			true, true, true, true, true,
			true, true, true, true, true,
			true, false, true, true, true,
			false, true, true, true, true,
			true, true, true, true, true,
			true, true, true, true, false,
			false],					
					
	"autodelete": false,
	"resistsyoshitounge":true,
	"freezable":false,
	"noshotsound":true,
	"laserresistant":true,

	"ignorequicksand":true,
	"ignoreplatform":true,
	"blowable":true,

	"offsetX": 6,
	"offsetY": 4,
	"quadcenterX": 8,
	"quadcenterY": 8,

	"light": 1
}