{
    "hidden": true,
	
	"width": 0,
	"height": 0,	

	"spawnsenemy":true,
	"spawnsenemyrandoms":["spawn1","spawn2","spawn3","spawn4"],
	"spawnpassedparameters":["angerstage","chaosmode","tvmode","disablesubtitles","keepwaitspeed"],
	"spawnenemydelays": [0,0,0,0],
	"spawnmax":0,
	
	"customtimer":[
		[0,"spawnenemy"],
		[0,["set","instantdelete"],true]
	],
	"dontloopcustomtimer":true,

	"static": true,
	"active": false,
	"autodelete": false,
	"resistseverything":true,
	
	"catogory": 1,
	"mask": [ true, 
			true, true, true, true, true,
			true, true, true, true, true,
			true, true, true, true, true,
			true, true, true, true, true,
			true, true, true, true, true,
			true, true, true, true, true]
}
