{
	"hidden": false,

	"quadcount": 1,
	"nospritesets": true,
	"spawnonload": true,

	"width": 0.75,
	"height": 0.75,
		 
	"offsetX": 6,
	"offsetY": 2,
	"quadcenterX": 8,
	"quadcenterY": 8,
 
	"static": true,
	"active": true,

	"movement": "flyvertical",
	"flyingtime": 2.5,
	"flyingdistance": 0.4,
	"spawnoffsetY": -0.2,
	
	"mask": [true,
		true, false, true, true, true,
		true, true, true, true, true,
		true, true, true, true, true,
		true, true, true, true, true,
		true, true, true, true, true,
		true, true, true, true, true],
 
	"resistseverything": true,
	"removeonmariocontact": true,
	"dontstopmario": true,

	"transforms": false,
	"transformsinto": "points slingshot",
	"transformtrigger": "mariocontact",
	"treattransformasdeath": true,

	"transformenemyanimationondeath": "refill",
	"deathsound": "super refill"
}