{
	"quadcount":1,
	"nospritesets":true,
	"graphiccolor":[0,0,0,0],

	"width":1,
	"height":1,

	"rightclickmenu":["size",
		[
		],[
			["width",2],
			["height",1],
			["spawnoffsetx",0.5]
		],[
			["width",3],
			["height",1]
		],[
			["width",4],
			["height",1],
			["spawnoffsetx",0.5]
		],[
			["width",1],
			["height",2]
		],[
			["width",2],
			["height",2],
			["spawnoffsetx",0.5]
		],[
			["width",3],
			["height",2]
		],[
			["width",4],
			["height",2],
			["spawnoffsetx",0.5]
		],[
			["width",1],
			["height",3]
		],[
			["width",2],
			["height",3],
			["spawnoffsetx",0.5]
		],[
			["width",3],
			["height",3]
		],[
			["width",4],
			["height",3],
			["spawnoffsetx",0.5]
		],[
			["width",1],
			["height",4]
		],[
			["width",2],
			["height",4],
			["spawnoffsetx",0.5]
		],[
			["width",3],
			["height",4]
		],[
			["width",4],
			["height",4],
			["spawnoffsetx",0.5]
		]
	],
	"rightclickmenutable":true,
	"rightclickmenumultipleproperties":true,
	"rightclickmenudisplay":["size","1x1","2x1","3x1","4x1","1x2","2x2","3x2","4x2","1x3","2x3","3x3","4x3","1x4","2x4","3x4","4x4"],

	"static":true,
	"category":1,
	"mask": [	true, 
			false, true, true, true, true,
			true, true, true, true, true,
			true, true, true, true, true,
			true, true, true, true, true,
			true, true, true, true, true,
			true, true, true, true, true,
			true],
	"resistseverything":true,

	"offsetX":8,
	"offsetY":0,
	"quadcenterX":8,
	"quadcenterY":8
}