{
	"hidden":true,

	"width":0,
	"height":0,

	"sticktoplayer":1,
	"sticktoplayeroffsety":-0.25,

	"static":true,
	"activestatic":true,
	"category":2,
	"mask": [	false, 
			true, true, true, true, true,
			true, true, true, true, true,
			true, true, true, true, true,
			true, true, true, true, true,
			true, true, true, true, true,
			true, true, true, true, true,
			true],
	"resistseverything":true,
	"kills":true,

	"transforms":true,
	"transformsinto":"flash idle",
	"transformtrigger":"collide",

	"customtimer":[
		[0,["set","customtimertimer"],0],
		[0,["set","mask"],[true, true, false, true, true, true, true, true, true, true, true,true, true, true, true, true, true, true, true, true, true, true, true, true, true, true, true, true, true, true, true, true]]
	],
	"dontloopcustomtimer":true,
}