{
	"trackable": false,
	"dontEnterClearPipes":true,
	"hidden": true,

	"spawnsound":"jump",
	
	"quadcount": 1,
	"animationtype": "none",
	"lifetime": 0,
	"regiontriggerexclude":true,

	"width": 0.75,
	"height": 1.5,
	"speedx":-10,
	"speedy":-25,

	"active": true,

	"category": 3,
	"nospritesets":true,
	"spawnoffsety":0,

	"mask": [true,
		false,true,true,true,true,
		false,true,false,false,true,
		false, true, true, false, true,
		true, true, false, true, true,
		false, true, true, false, true,
		true, false, true, true, true, true],

	"resistseverything": true,
	"noCollideStops":false,
	"platformpush":false,

	"gravity": 0,
	"offsetx": 8,
	"offsety": 0,
	"quadcenterx": 8,
	"quadcentery": 8,
}