{
	"quadcount": 1,
	
	"animationtype": "none",
	"dontmirror":true,

	"regiontriggerexclude": true,
	"trackable": false,
	"dontEnterClearPipes": true,
	"hidden": true,

	"resistseverything": true,

	"nospritesets": true,
	
	"quadno": 1,

	"width": 0.75,
	"height": 1.5,

	"gravity": 20,

	"transforms": true,
	"transformsinto": ["despawnfast","grab right","despawnfast","fsglidel","upboostr","fsglider","despawnfastslow"],
	"transformtrigger": ["floorcollide","rightcollide","animation","animation","animation","lifetime","water"],
	"transformanimation":["none","none","drop down","leftpress","upboost"],
	"transformpassedparameters":["speedx","speedy"],

	"blowrange":[0.375, 0.75, 0.0001, 0.0001],
	"blowchecktable":["enemy","player"],
	"blowmaxspeedy":3,
	"blowminspeedy":-4,

	"static": false,
	"active": true,
	
	"category": 3,
	

	"mask": [true,
		false,true,true,true,true,
		false,true,false,false,true,
		false, true, true, false, true,
		true, true, false, true, true,
		false, true, true, false, true,
		true, false, true, true, true, true],

	"lifetime":1,
	"customtimer":[
		[0,["set","blowminspeedy"],-16],
		[0,["set","lifetimer"],["property","speedx"]],
		[0,["_abs","lifetimer"]],
		[0,["_multiply","lifetimer"],1],
		[0,["add","lifetimer"],-9],
		[0,["add","speedx"],0.1]
	],
	"dontloopcustomtimer":true,
	
	"emancipatecheck": true,
	"autodelete": true,
	"dontspawnnearcheckpoint": true,
	
	"offsetX": 6,
	"offsetY": -2,
	"quadcenterX": 10,
	"quadcenterY": 13
}