{
	"quadcount": 1,
	
	"animationtype": "none",
	"dontmirror":true,

	"spawnsound":"skid",

	"regiontriggerexclude": true,
	"trackable": false,
	"dontEnterClearPipes": true,
	"hidden": true,

	"resistseverything": true,

	"nospritesets": true,
	
	"quadno": 1,

	"width": 0.75,
	"height": 1.5,

	"gravity": 0,

	"transforms": true,
	"transformsinto": ["despawnfastjumpl","despawnfast","despawnfast"],
	"transformtrigger": ["animation","animation","water"],
	"transformanimation":["jumppress","leftpressb"],

	"blowrange":[0.375, 0.75, 0.0001, 0.0001],
	"blowchecktable":["player","enemy"],
	"blowmaxspeedy":0,
	"blowminspeedy":0,

	"static": false,
	"active": true,
	
	"category": 3,
	

	"mask": [true,
		false,true,true,true,true,
		false,true,false,false,true,
		false, true, true, false, true,
		true, true, false, true, true,
		false, true, true, false, true,
		true, false, true, true, true, true],

	"_customtimer":[
		[1,["set","gravity"],40],
		[0,["set","blowmaxspeedy"],3],
		[0,["set","customtimer"],[
			[0.05,"playsound","skid"]
		]]
		
	],
	"dontloopcustomtimer":false,
	
	"emancipatecheck": true,
	"autodelete": true,
	"dontspawnnearcheckpoint": true,
	
	"offsetX": 7,
	"offsetY": 0,
	"quadcenterX": 15,
	"quadcenterY": 13
}