{
	"quadcount": 1,
	
	"animationtype": "none",
	"dontmirror":true,

	"animationtriggeronspawn":"upboosted",
	"spawnsound":"capefly",

	"regiontriggerexclude": true,
	"trackable": false,
	"dontEnterClearPipes": true,
	"hidden": true,

	"resistseverything": true,

	"nospritesets": true,

	"speedy":-10,
	
	"quadno": 1,

	"width": 0.75,
	"height": 1.5,

	"gravity": 20,

	"transforms": true,
	"transformsinto": ["despawnfast","fsglider","despawnfastslow"],
	"transformtrigger": ["floorcollide","lifetime","water"],
	"transformpassedparameters":["speedx","speedy"],

	"blowrange":[0.375, 0.75, 0.0001, 0.0001],
	"blowchecktable":["player"],
	"blowmaxspeedy":0,
	"blowminspeedy":0,

	"static": false,
	"active": true,
	
	"category": 3,
	

	"mask": [true,
		false,true,true,true,true,
		false,true,false,false,true,
		false, true, true, false, true,
		true, true, false, true, true,
		false, true, true, false, true,
		true, false, true, true, true, true],

	"lifetime":0.75,

	"customtimer":[
		[0,["set","speedy"],-13],
		[0,["set","speedx"],5]
	],
	"dontloopcustomtimer":true,
	
	"emancipatecheck": true,
	"autodelete": true,
	"dontspawnnearcheckpoint": true,
	
	"offsetX": 6,
	"offsetY": -2,
	"quadcenterX": 10,
	"quadcenterY": 13
}