{
	"hidden":true,
	"quadcount":4,
	"quadno":4,
	"nospritesets":true,
	"active":false,

	"spawnchildren":["k star shatter sound"],

	"width":0,
	"height":0,

	"spawnsenemy":"k hitbox",
	"spawnenemydelays":[99e99],
	"damage":2,
	"iframe":0.25,
	"hitoffx":-1,
	"hitoffy":-1,
	"hitoffwidth":2,
	"hitoffheight":2,
	"knockx":5,
	"knocky":-6,
	"hitradius":1.5,
	"hitcenterx":1,
	"hitcentery":1,
	"mirrorknockx":true,
	"hitboxbricks":true,

	"shimmers":6,
	"addang":0.166666,
	"spawns":1,
	"chargetimer":0,

	"spawnenemyoffsety":0.125,

	"customtimer":[
		[0,["if","chargetimer",">",0],"setframe",1],
		[0,["if","chargetimer","==",0],["set","hitradius"],1],

		[0,["if","chargetimer","<",0.375],["add","currentcustomtimerstage"],5],
			[0,["set","hitradius"],2],
			[0,"setframe",2],
			[0,["set","damage"],4],
			[0,["set","shimmers"],16],
			[0,["set","addang"],0.125],

		[0,["if","chargetimer","<",0.75],["add","currentcustomtimerstage"],5],
			[0,["set","hitradius"],3],
			[0,"setframe",3],
			[0,["set","damage"],6],
			[0,["set","shimmers"],24],
			[0,["set","addang"],0.125],

		[0,["multiply","addang"],6.28318530718],

		[0,["set","hitoffx"],["property","hitradius"]],
		[0,["reverse","hitoffx"]],
		[0,["set","hitoffy"],["property","hitoffx"]],
		[0,["set","hitcenterx"],["property","hitradius"]],
		[0,["set","hitcentery"],["property","hitradius"]],
		[0,["set","hitoffwidth"],["property","hitradius"]],
		[0,["multiply","hitoffwidth"],2],
		[0,["set","hitoffheight"],["property","hitoffwidth"]],

		[0,"spawnenemy"],

		[0,["set","var1"],["property","hitradius"]],
		[0,["pow","var1"],2],
		[0,["multiply","var1"],2.5],

		[0,["set","spawnsenemy"],"k shimmer"],


		[0,["set","angle"],0],
		[0,["random","angle"],6.28318530718],
		[0,["set","rad"],["property","hitradius"]],
		[0,["if","chargetimer","~=",0],["subtract","rad"],0.5],

		[0,["set","l"],["property","currentcustomtimerstage"]],
			[0,["add","angle"],["property","addang"]],
			[0,["-if","hitradius","~=",2.5],["add","currentcustomtimerstage"],4],
				[0,["if","spawns","<=",8],["add","currentcustomtimerstage"],3],
					[0,["subtract","spawns"],8],
					[0,["subtract","rad"],0.75],
					[0,["add","angle"],0.5],
			[0,["cos","spawnenemyoffsetx"],["property","angle"]],
			[0,["sin","spawnenemyoffsety"],["property","angle"]],
			[0,["multiply","spawnenemyoffsetx"],["property","rad"]],
			[0,["multiply","spawnenemyoffsety"],["property","rad"]],
			[0,["set","spawnenemyspeedx"],["property","spawnenemyoffsetx"]],
			[0,["set","spawnenemyspeedy"],["property","spawnenemyoffsety"]],
			[0,["multiply","spawnenemyspeedx"],2],
			[0,["multiply","spawnenemyspeedy"],2],
			[0,"spawnenemy"],
			[0,["subtract","shimmers"],1],
			[0,["add","spawns"],1],
			[0,["if","shimmers",">",0],["set","currentcustomtimerstage"],["property","l"]],

		[0.03,["set","instantdelete"],true]
	],
	"dontloopcustomtimer":true,

	"offsetX":0,
	"offsetY":8,
	"quadcenterX":48,
	"quadcenterY":48
}