{
	"hidden":true,
	"quadcount":3,
	"nospritesets":true,

	"width":0,
	"height":0,
	"active":false,
	"resistseverything":true,
	"ignoreplatform":true,
	"spawnsound":"k shadow splash",

	"spawnsenemy":"k hitbox",
	"spawnenemydelays":[99e99],
	"damage":4,
	"damagetype":"ice",
	"iframe":0.32,
	"knockx":4,
	"knocky":-8,
	"hitoffx":-1,
	"hitoffy":-2,
	"hitoffwidth":2,
	"hitoffheight":2.125,
	"mirrorknockx":true,
	"hitcenterx":1,

	"lifetime":0.36,

	"carryable":true,
	"carryrange":[-1e10,-1e10,0,0],
	"carryoffsety":0.75,
	"carryoffsetx":0,

	"deletimer":0,
	"customtimer":[
		[0,["set","carryparent"],["property","spawner"]],
		[0,["set","graphiccolor"],["property","gfx"]],
		[0,"spawnenemy"],
		[0.04,"setframe",2],
		[0.04,"setframe",1],
		[0.04,"setframe",2],
		[0.04,"setframe",1],
		[0.04,"setframe",3],
		[0,["set","hitoffy"],-1],
		[0,["set","hitoffheight"],1.125],
		[0.04,"setframe",1],
		[0.04,"setframe",3],
		[0,["set","removehitbox"],true],
	],
	"dontloopcustomtimer":true,

	"offsetX":0,
	"offsetY":7,
	"quadcenterX":16,
	"quadcenterY":32,
}