
{
	"quadcount": 1,

	"animationtype": "frames",
	"animationframes": 1,
	"animationstart": 1,
	"animationspeed": 0.2,

	"killsonsides": false,
	"killsonbottom": false,

	"movement": "none",
	
	"nospritesets": true,

	"width": 9.625,
	"height": 6.5,

	"transforms": false,
	
	"autodelete": true,
	
	"spawnsenemy": "cascade",
	"spawnenemydelays": [0.5],
	"spawnmax": 1,
	"lifetime": 5,
	
	"spawnoffsetx": -3.5,
	"spawnenemyoffsetx": 4.5,
	"spawnenemyoffsety": 1,

	"static": true,
	"active": true,
	"dontmirror": true,

	"gravity": 0,
	"stompable": false,

	"category": 2,

	"mask": [	true, 
				true, false, true, true, false,
				true, true, true, true, true,
				false, true, true, true, true,
				true, true, true, true, true,
				true, true, true, true, true,
				true, true, true, true, true],

	"offsetX": 0,
	"offsetY": 0,
	"quadcenterX": 0,
	"quadcenterY": 8
}
