{
	"quadcount": 1,
	"nospritesets": true,
	
	"spawnoffsety": 0,

	"movement": "truffleshuffle",
	"truffleshufflespeed": 0,
	"truffleshuffleacceleration": 990,
	
	"animationtype": "none",
	
	"notkilledfromblocksbelow": true,
	
	"quadno": 1,
	"nospritesets": true,
	
	"width": 1,
	"height": 1,
	
	"static": false,
	"active": true,
	
	"category": 13,
	
	"mask": [	true, 
				false, true, false, false, true,
				false, true, false, true, false,
				false, false, false, false, false,
				true, true, false, false, false,
				false, true, true, false, false,
				true, false, true, true, true],
	
	"killsenemies": true,
					
	"emancipatecheck": true,
	"autodelete": true,
	
	"lifetime": 0.16,
	
	"spawnsound": "blockbreak",
	
	"offsetX": 8,
	"offsetY": 0,
	"quadcenterX": 8,
	"quadcenterY": 8
}