{
	"quadcount": 1,
	"spawnoffsety": -1,

	"movement": "none",
	
	"animationtype": "none",
	
	"nospritesets": true,
	
	"quadno": 1,
	
	"width": 1,
	"height":1,
	
	"static": true,
	"active": true,
	
	"category": 2,
	
	"mask": [	true, 
				false, false, true, true, true,
				false, true, false, true, false,
				false, false, false, false, false,
				true, true, false, false, true,
				false, true, true, false, false,
				true, false, true, true, true],
				
					
	"gravity": 30,
	
	"emancipatecheck": true,
	"autodelete": true,
	
	"offsetX": 8,
	"offsetY": 0,
	"quadcenterX": 8,
	"quadcenterY": 8
}