{
	"quadcount": 15,
	"nospritesets": true,

	"animationtype": "frames",
	"animationframes": 15,
	"animationstart": 1,
	"animationspeed": 0.12,
	
	"staticifseen": false,
	"transforms": true,
	"transformsinto": "mouse",
	"transformtrigger": "notseen",
	"transformpassedparameters": ["speedx", "speedy", "homingrotation"],

	"movement": "none",
	"homingturnspeed": 1.65,
	"homingspeed": 2,
	"homingrotation": 0,
	"rotationishomingrotation": false,
	"kills": true,
	
	"dontmirror": true,
	
	"stompable": false,
	"stompcombosuppressor": true,
	
	"width": 0.5,
	"height": 1,
	
	"static": true,
	"active": true,
	
	"gravity": 0,
	
	"category": 11,
	"mask": [	true, 
				true, false, true, true, true,
				true, true, true, true, true,
				true, true, true, true, true,
				true, true, true, true, true,
				true, true, true, true, true,
				true, true, true, true, true],
				
	
	"emancipatecheck": true,
	"autodelete": true,
	
	"offsetX": 4,
	"offsetY": 1,
	"quadcenterX": 13,
	"quadcenterY": 13,
	
	"doesntunrotate": false,
	
	"ignorefaithplates": true
}