{
	"quadcount": 1,
	"nospritesets": true,
	
	"staticifseen": false,
	"transforms": true,
	"transformsinto": "mouseloading",
	"transformtrigger": "seen",
	"transformpassedparameters": ["speedx", "speedy", "homingrotation"],

	"movement": "homing",
	"homingturnspeed": 1.65,
	"homingspeed": 2,
	"homingrotation": 0,
	"rotationishomingrotation": false,
	"kills": true,
	
	"dontmirror": true,
	
	"stompable": false,
	"stompcombosuppressor": true,
	
	"speedx": 8,
	"starttowardsplayerhorizontal": true,
	
	"width": 0.5,
	"height": 1,
	
	"static": false,
	"active": true,
	
	"gravity": 0,
	
	"category": 11,
	"mask": [	true, 
				true, false, true, true, true,
				true, true, true, true, true,
				true, true, true, true, true,
				true, true, true, true, true,
				true, true, true, true, true,
				true, true, true, true, true],
				
	
	"emancipatecheck": true,
	"autodelete": true,
	
	"offsetX": 8,
	"offsetY": 1,
	"quadcenterX": 8,
	"quadcenterY": 8,
	
	"doesntunrotate": false,
	
	"ignorefaithplates": true
}