{
	"quadcount": 1,
	"nospritesets": true,

	"movement": "none",
	"kills": true,
	
	"dontmirror": true,
	
	"stompable": false,
	"stompcombosuppressor": true,
	
	"width": 0.5,
	"height": 1,
	
	"static": true,
	"active": true,
	
	"gravity": 0,
	
	"category": 11,
	"mask": [	true, 
				true, false, true, true, true,
				true, true, true, true, true,
				true, true, true, true, true,
				true, true, true, true, true,
				true, true, true, true, true,
				true, true, true, true, true],
				
	
	"emancipatecheck": true,
	"autodelete": true,
	
	"lifetime": 1.2,
	"drawback": true,
	
	"offsetX": 8,
	"offsetY": 1,
	"quadcenterX": 8,
	"quadcenterY": 8,
	
	"doesntunrotate": false,
	
	"ignorefaithplates": true
}