
{
	"quadcount": 1,

	"animationtype": "frames",
	"animationframes": 1,
	"animationstart": 1,
	"animationspeed": 0.2,
	
	"nospritesets": true,

	"killsonsides": false,
	"killsonbottom": false,

	"movement": "truffleshuffle",
	"truffleshufflespeed": 2,
	"truffleshuffleacceleration": 3,
	"dontmirror": true,
	"gravity": 0,

	"width": 3.00,
	"height": 1.00,
	"spawnoffsetx": 1,

	"transforms": false,

	"static": false,
	"active": true,
	"dontmirror": true,

	"gravity": 0,
	"stompable": false,
	
	"platform": true,
	"platformchecktable": ["player"],

	"category": 2,

	"mask": [	true, 
				false, false, false, false, true,
				false, true, false, true, false,
				false, false, false, false, false,
				true, true, false, false, false,
				false, true, true, false, false,
				true, false, true, true, true],

	"offsetX": 0,
	"offsetY": 0,
	"quadcenterX": 0,
	"quadcenterY": 8
}
