
{
	"quadcount": 2,

	"animationtype": "frames",
	"animationframes": 2,
	"animationstart": 1,
	"animationspeed": 0.15,

	"kills": true,

	"movement": "none",
	"speedx": 5,
	"speedy": -3,
	"reflects": true,
	
	"nospritesets": true,

	"width": 10.625,
	"height": 8.5,

	"transforms": false,
	"transformtrigger": "death",
	"transformsinto": "youareanidiot3",
	"transformpassedparameters": ["speedx", "speedy"],
	"spawnsound": "bulletbill",
	
	"autodelete": false,
	
	"spawnsenemy": "youareanidiotcopy",
	"spawnenemydelays": [2.5, 1, 2],
	"spawnmax": 2,

	"static": false,
	"active": true,
	"dontmirror": true,

	"gravity": 0,
	"stompable": false,

	"category": 4,
	
	"mask": [	true, 
				false, false, false, false, true,
				false, true, false, true, false,
				false, false, false, false, false,
				true, true, false, false, false,
				false, true, true, false, false,
				true, false, true, true, true],
				
				

	"offsetX": 0,
	"offsetY": 0,
	"quadcenterX": 0,
	"quadcenterY": 8
}
