
{
	"quadcount": 2,

	"animationtype": "frames",
	"animationframes": 2,
	"animationstart": 1,
	"animationspeed": 0.25,

	"kills": true,

	"movement": "none",
	"speedx": 3,
	"speedy": -1.3,
	"reflects": true,
	
	"nospritesets": true,

	"width": 10.625,
	"height": 8.5,

	"transforms": true,
	"transformtrigger": "death",
	"transformsinto": "youareanidiot2",
	"transformpassedparameters": ["speedx", "speedy"],
	
	"autodelete": false,
	

	"static": false,
	"active": true,
	"dontmirror": true,

	"gravity": 0,
	"stompable": false,

	"category": 4,
	
	"mask": [	true, 
				false, false, false, false, true,
				false, true, false, true, false,
				false, false, false, false, false,
				true, true, false, false, false,
				false, true, true, false, false,
				true, false, true, true, true],

	"offsetX": 0,
	"offsetY": 0,
	"quadcenterX": 0,
	"quadcenterY": 8
}
