
{
	"quadcount": 2,

	"animationtype": "frames",
	"animationframes": 2,
	"animationstart": 1,
	"animationspeed": 0.25,

	"kills": true,

	"movement": "none",
	
	"nospritesets": true,

	"width": 10.625,
	"height": 8.5,

	"lifetime": 2.8,
	
	"autodelete": false,

	"static": true,
	"active": true,
	"dontmirror": true,

	"gravity": 0,
	"stompable": false,

	"category": 4,
	
	"mask": [	true, 
				false, false, false, false, true,
				false, true, false, true, false,
				false, false, false, false, false,
				true, true, false, false, false,
				false, true, true, false, false,
				true, false, true, true, true],

	"offsetX": 0,
	"offsetY": 0,
	"quadcenterX": 0,
	"quadcenterY": 8
}
