
{
	"quadcount": 2,

	"animationtype": "frames",
	"animationframes": 2,
	"animationstart": 1,
	"animationspeed": 0.2,

	"kills": true,

	"movement": "none",
	"speedx": 4,
	"speedy": -2,
	"reflects": true,
	
	"nospritesets": true,

	"width": 10.625,
	"height": 8.5,

	"transforms": true,
	"transformtrigger": "death",
	"transformsinto": "youareanidiot3",
	"transformpassedparameters": ["speedx", "speedy"],
	"spawnsound": "bulletbill",
	
	"autodelete": false,
	
	"spawnsenemy": "youareanidiotcopy",
	"spawnenemydelays": [3.1],
	"spawnmax": 1,

	"static": false,
	"active": true,
	"dontmirror": true,

	"gravity": 0,
	"stompable": false,

	"category": 4,
	
	"mask": [	true, 
				false, false, false, false, true,
				false, true, false, true, false,
				false, false, false, false, false,
				true, true, false, false, false,
				false, true, true, false, false,
				true, false, true, true, true],

	"offsetX": 0,
	"offsetY": 0,
	"quadcenterX": 0,
	"quadcenterY": 8
}
