{
	"quadcount": 1,
	"nospritesets": true,
	
	"spawnoffsetx": 1.4,
	"spawnoffsety": -0.0625,

	"movement": "none",
	"killsontop": true,
	"killsonsides": true,
	"killsonbottom": true,
	
	"stompable": true,
	"stompcombosuppressor": true,
	
	"speedx": -8,
	
	"width": 3.75,
	"height": 3.75,
	
	"static": false,
	"active": true,
	
	"gravity": 0,
	
	"category": 11,
	"mask": [	true, 
				true, false, true, true, true,
				true, true, true, true, true,
				true, true, true, true, true,
				true, true, true, true, true,
				true, true, true, true, true,
				true, true, true, true, true,
				true],
				
	
	"emancipatecheck": true,
	"autodelete": true,
	
	"offsetX": 28,
	"offsetY": -21,
	"quadcenterX": 32,
	"quadcenterY": 32,
	
	"spawnsound": "bulletbill",
	"doesntunrotate": true,
	
	"ignorefaithplates": true
}