{	
	"quadcount": 1,
	"nospritesets": true,
	
	"speedx": 0,
	"removeonmariocontact": true,

	"animationtype": "none",
	"animationframes": 2,
	"animationstart": 1,
	"animationspeed": 0.2,
	
	"notkilledfromblocksbelow": true,
	"portalable": false,
	
	"movement": "verticalwiggle",
	"verticalwiggledistance": 7,
	"verticalwigglespeed": 5,
	
	"width": 1.5,
	"height": 20,
	"static": false,
	"active": true,
	"category": 6,
	
	"mask": [	true,
				true, false, true, true, true,
				false, true, false, true, true,
				false, true, true, false, true,
				true, true, false, true, true,
				false, true, true, false, false,
				true, false, true, true, true],
				
	"emancipatecheck": true,
	"autodelete": true,
	"resistseverything": true,
	
	"gravity": 0,
	"spawnoffsetx": -0.25,
	"spawnoffsety": 6.8,
	
	"offsetx": 0,
	"offsety": -190,
	"quadcenterX": 0,
	"quadcenterY": 0
}