{
	"quadcount": 4,
	"nospritesets": true,
	
	"animationtype": "frames",
	"animationframes": 4,
	"animationstart": 1,
	"animationspeed": 0.15,
	
	"quadno": 1,
	
	"width": 1,
	"height": 1,
	
	"static": true,
	"active": true,

	"noshotsound": true,
	"doesntflyawayonfireball": true,
	"deathsound": "berry",
	
	"category": 4,
	
	"mask": [	true, 
				true, true, true, true, true,
				true, true, true, true, true,
				true, true, true, true, true,
				true, true, true, true, true,
				true, true, true, true, true,
				true, true, true, true, true,
				true],

	"drawback": true,
	
	"offsetx": 0,
	"offsety": 8,
	"quadcenterX": 0,
	"quadcenterY": 0
}