{	
	"quadcount": 1,
	"nospritesets": true,
	
	"speedx": 0,
	"speedy": 0,
	"removeonmariocontact": true,

	"animationtype": "none",
	"animationframes": 2,
	"animationstart": 1,
	"animationspeed": 0.2,
	
	"notkilledfromblocksbelow": true,
	"portalable": false,

	"transforms": true,
	"transformsinto": "checkpoint2",
	"transformtrigger": "death",
	"deathsound": "checkpoint1",
	
	"movement": "none",
	
	"width": 1.5,
	"height": 1,
	"static": false,
	"active": true,
	"category": 6,
	
	"mask": [	true,
				true, false, true, true, true,
				true, true, true, true, true,
				true, true, true, true, true,
				true, true, true, true, true,
				true, true, true, true, true,
				true, true, true, true, true],
				
	"emancipatecheck": true,
	"autodelete": true,
	"drawback": true,
	"resistseverything": true,
	
	"gravity": 0,
	"spawnoffsetx": -0.25,
	"spawnoffsety": 0,
	
	"offsetx": 0,
	"offsety": 9,
	"quadcenterX": 0,
	"quadcenterY": 0
}