{
	"quadcount": 8,
	"nospritesets": true,

	"animationtype": "frames",
	"animationframes": 8,
	"animationstart": 1,
	"animationspeed": [0.5, 0.1, 0.1, 0.1, 0.2, 0.2, 0.2, 0.2],
	
	"killsonsides": true,
	"killsonbottom": true,
	
	"lifetime": 1.8,
	"transforms": true,
	"transformsinto": ["chuckclap1"],
	"transformtrigger": ["lifetime"],
	"transformpassedparameters": ["animationdirection", "health"],
	"stompable": false,
	
	"movement": "truffleshuffle",
	"truffleshufflespeed": 0,
	"truffleshuffleacceleration": 8,
	
	"width": 1.5,
	"height": 1.5,
	"static": false,
	"active": true,
	"category": 5,
	
	"mask": [	true, 
				false, true, false, false, true,
				false, true, false, true, false,
				false, false, true, false, false,
				true, true, false, false, true,
				false, true, true, false, false,
				true, false, true, true, true,
				false],
				
	"spawnsound": "chuckstomp",
				
	"emancipatecheck": true,
	"autodelete": true,
	"resistsfire": true,
	
	"gravity": 80,
	
	"offsetX": 12,
	"offsetY": -1,
	"quadcenterX": 16,
	"quadcenterY": 16
}