{
	"quadcount": 2,
	"nospritesets": true,

	"movement": "none",
	"speedx": 5,
	"stompable": true,
	"killsonsides": true,
	"killsonbottom": true,
	
	"animationtype": "frames",
	"animationframes": 2,
	"animationstart": 1,
	"animationspeed": 0.08,
	
	"transforms": true,
	"transformsinto": ["chuckchargeturnright", "chuckchargestomp", "chuckchargeleft"],
	"transformtrigger": ["playernear", "damage", "lifetime"],
	"transformpassedparameters": ["health"],
	"playerneardist": [-8.4, -10, 8, 20],
	"lifetime": 1.2,
	"health": 3,
	
	"truffleshufflespeed": 3,
	"truffleshuffleacceleration": 8,
	
	"quadno": 1,
	
	"width": 1.5,
	"height": 1.5,
	"static": false,
	"active": true,
	
	"category": 4,
	
	"mask": [	true, 
				false, false, true, false, true,
				false, true, false, true, false,
				false, false, false, false, false,
				true, true, false, false, false,
				false, true, true, false, false,
				true, false, true, true, true,
				false],
					
	
	"emancipatecheck": true,
	"autodelete": true,
	
	"offsetX": 12,
	"offsetY": -1,
	"quadcenterX": 16,
	"quadcenterY": 16
}