{
	"quadcount": 2,
	"nospritesets": true,

	"animationtype": "frames",
	"animationframes": 2,
	"animationstart": 1,
	"animationspeed": [0.4,99],
	
	"killsonsides": true,
	"killsonbottom": true,
	
	"transforms": true,
	"transformsinto": ["chuckclap1", "chuckstomp"],
	"transformtrigger": ["floorcollide", "damage"],
	"transformpassedparameters": ["animationdirection", "health"],
	"stompable": true,

	"speedy": -16,
	
	"movement": "truffleshuffle",
	"truffleshufflespeed": 0,
	"truffleshuffleacceleration": 8,
	
	"width": 1.5,
	"height": 1.5,
	"static": false,
	"active": true,
	"category": 5,
	
	"mask": [	true, 
				false, false, false, false, true,
				false, true, false, true, false,
				false, false, true, false, false,
				true, true, false, false, true,
				false, true, true, false, false,
				true, false, true, true, true,
				false],
				
	"emancipatecheck": true,
	"autodelete": true,
	"resistsfire": true,
	
	"gravity": 40,
	
	"offsetX": 12,
	"offsetY": -1,
	"quadcenterX": 16,
	"quadcenterY": 16,

	"dontloopcustomtimer": true,
	"customtimer": [
		[0.4, "playsound", "chuckclap2"]
	],

	"hidden": true
}