{
	"quadcount": 7,
	"nospritesets": true,

	"animationtype": "frames",
	"animationframes": 7,
	"animationstart": 1,
	"animationspeed": 0.06,
	
	"killsonsides": true,
	"killsonbottom": true,

	"facesplayer": true,
	
	"transforms": true,
	"transformsinto": ["chuckclap2", "chuckstomp"],
	"transformtrigger": ["playernear", "damage"],
	"transformpassedparameters": ["animationdirection", "health"],
	"playerneardist": [-3.3, -6, 8, 4],
	"stompable": true,
	"health": 2,
	
	"movement": "truffleshuffle",
	"truffleshufflespeed": 0,
	"truffleshuffleacceleration": 8,
	
	"width": 1.5,
	"height": 1.5,
	"static": false,
	"active": true,
	"category": 5,
	
	"mask": [	true, 
				false, false, false, false, true,
				false, true, false, true, false,
				false, false, true, false, false,
				true, true, false, false, true,
				false, true, true, false, false,
				true, false, true, true, true,
				false],
				
	"emancipatecheck": true,
	"autodelete": true,
	"resistsfire": true,
	
	"gravity": 80,
	
	"offsetX": 12,
	"offsetY": -1,
	"quadcenterX": 16,
	"quadcenterY": 16
}