{
	"quadcount": 1,
	"nospritesets": true,

	"movement": "none",
	"speedy": -22,
	"stompable": true,
	"killsonsides": true,
	"killsonbottom": true,
	
	"transforms": true,
	"transformsinto": ["chuckchargeright2", "chuckchargestomp"],
	"transformtrigger": ["lifetime", "damage"],
	"transformpassedparameters": ["health"],
	"lifetime": 0.2,
	"health": 3,
	
	"truffleshufflespeed": 0,
	"truffleshuffleacceleration": 8,
	
	"quadno": 1,
	
	"width": 1.5,
	"height": 1.5,
	"static": false,
	"active": true,
	
	"category": 4,
	
	"mask": [	true, 
				false, false, true, false, true,
				false, true, false, true, false,
				false, false, false, false, false,
				true, true, false, false, false,
				false, true, true, false, false,
				true, false, true, true, true,
				false],
					
	
	"emancipatecheck": true,
	"autodelete": true,
	"hidden": true,
	
	"offsetX": 12,
	"offsetY": -1,
	"quadcenterX": 16,
	"quadcenterY": 16
}