{
	"quadcount": 1,
	"nospritesets": true,

	"stompable": false,
	"platform": true,
	"platformchecktable": ["player"],
	
	"quadno": 1,
	
	"width": 1,
	"height": 1,
	
	"static": true,
	"active": true,

	"spawnsound": "mushroomappear",
	"spawnchildren": ["mushroomblock"],
	"spawnchildrenoffsety": [-1.01],
	
	"resistseverything": true,
	
	"category": 2,
	
	"mask": [true],
					
	"emancipatecheck": true,
	"autodelete": true,
	"drawback": true,
	
	"offsetX": 8,
	"offsetY": 0,
	"quadcenterX": 8,
	"quadcenterY": 8,

	"hidden": true
}