{
	"quadcount": 2,

	"movement": "truffleshuffle",
	"truffleshufflespeed": 0,
	"truffleshuffleacceleration": 8,
	
	"stompable": false,
	
	"animationtype": "frames",
	"animationframes": 2,
	"animationstart": 1,
	"animationspeed": 0.2,
	
	"stompanimation": false,
	
	"carryable": true,
	"carryrange": [-0.35, 0.2, 1.45, 0.75],
	"carryoffsetx": 0.5,
	"carryoffsety": 0.6,
	"activeoncarry": false,
	"activeonthrow": true,
	"fliponcarry": false,
	"thrownbounce": 0.7,
	"throwndamping": 0.8, 
	"throwntime": 1.3,
	"throwncombo": false,
	"thrownignorecarryspeed": false,
	"thrownspeedx": 9,
	"thrownspeedy": -15,
	"noplayercollisiononthrow": true,
	"carryifholdingrunbutton": true,
	
	"kickable": true,
	"kickspeed": 8,
	"kickspeedy": -10,
	
	"upsidedown": true,
	
	"quadno": 1,
	
	"width": 0.75,
	"height": 0.75,
	
	"static": false,
	"active": true,
	
	"category": 4,
	
	"mask": [	true, 
				false, false, false, false, true,
				false, true, false, true, false,
				false, false, false, false, false,
				true, true, false, false, false,
				false, true, true, false, false,
				true, false, true, true, true],
					
	
	"emancipatecheck": true,
	"autodelete": true,
	
	"offsetX": 6,
	"offsetY": 3,
	"quadcenterX": 8,
	"quadcenterY": 8,

	"hidden": true
}