{
	"quadcount": 1,
	"nospritesets": true,

	"movement": "none",
	
	"animationtype": "none",
	"dontloopcustomtimer": true,
	"customtimer": [[0, ["set", "drawable"], false]],
	
	"quadno": 1,
	
	"width": 20,
	"height": 20,
	"spawnoffsety": 10,
	"gravity": 0,
	
	"killsenemies": true,
	"regiontriggerignore": true,
	
	"static": false,
	"active": true,
	"lifetime": 99,
	
	"category": 2,
	
	"mask": [	true, 
				false, true, false, false, false,
				false, false, false, false, false,
				false, false, false, false, false,
				true, true, false, false, false,
				false, true, true, false, false,
				true, false, true, true, true],
					
	
	"emancipatecheck": true,
	"autodelete": true,
	
	"offsetX": 0,
	"offsetY": 8,
	"quadcenterX": 0,
	"quadcenterY": 0
}