{
	"quadcount": 2,
	"nospritesets": true,

	"animationtype": "frames",
	"animationframes": 2,
	"animationstart": 1,
	"animationspeed": 0.2,
	
	"killsonsides": true,
	"killsonbottom": true,
	
	"bounces": true,
	"bounceforce": 10,
	
	"transforms": true,
	"transformsinto": "koopa",
	"transformtrigger": "death",
	"stompable": true,
	
	"movement": "truffleshuffle",
	"truffleshufflespeed": 2,
	"truffleshuffleacceleration": 8,
	
	"width": 0.75,
	"height": 0.75,
	"static": false,
	"active": true,
	"category": 5,
	
	"mask": [	true, 
				false, false, false, false, true,
				false, true, false, true, false,
				false, false, true, false, false,
				true, true, false, false, true,
				false, true, true, false, false,
				true, false, true, true, true,
				false],
				
	"emancipatecheck": true,
	"autodelete": true,
	
	"gravity": 30,
	
	"offsetx": 6,
	"offsety": 8,
	"quadcenterX": 12,
	"quadcenterY": 19
}