{
	"quadcount": 1,
	"nospritesets": true,

	"animationtype": "mirror",
	"animationspeed": 0.2,
	
	"stompable": true,
	"killsonsides": true,
	"killsonbottom": true,
	
	"shotspeedx": 0,
	
	"gravity": 0,
	"reflectsy": true,
	"speedy": -2,
	
	"width": 0.75,
	"height": 0.75,
	"static": false,
	"active": true,
	"category": 5,
	
	"mask": [	true, 
				false, false, false, false, true,
				false, true, false, true, false,
				false, false, false, false, false,
				true, true, false, false, true,
				false, true, true, false, false,
				true, false, true, true, true,
				false],
				
	"emancipatecheck": true,
	"autodelete": true,
	
	"offsetx": 6,
	"offsety": 0,
	"quadcenterX": 8,
	"quadcenterY": 22
}