{
	"quadcount": 6,
	"nospritesets": true,

	"animationtype": "frames",
	"animationframes": 2,
	"animationstart": 1,
	"animationspeed": 0.2,
	
	"shellanimal": true,
	"smallmovement": "shell",
	"smallspeed": 12,
	"smallanimationspeed": 0.1,
	"smallanimationstart": 3,
	"smallanimationframes": 4,
	"chasemarioonwakeup": true,
	
	"stompable": true,
	"killsonsides": true,
	"killsonbottom": true,
	
	"movement": "truffleshuffle",
	"truffleshufflespeed": 2,
	"truffleshuffleacceleration": 8,
	
	"width": 0.75,
	"height": 0.75,
	"static": false,
	"active": true,
	"category": 5,
	
	"mask": [	true, 
				false, false, false, false, true,
				false, true, false, true, false,
				false, false, false, false, false,
				true, true, false, false, true,
				false, true, true, false, false,
				true, false, true, true, true,
				false],
				
	"emancipatecheck": true,
	"autodelete": true,
	"smallquad": 3,
	
	"offsetx": 6,
	"offsety": 0,
	"smalloffsety": 0,
	"quadcenterX": 8,
	"quadcenterY": 22,
	"smallquadcenterY": 22,
	
	"turnaroundoncliff": true
}