{
	"quadcount": 2,
	"nospritesets": true,

	"animationtype": "frames",
	"animationframes": 2,
	"animationstart": 1,
	"animationspeed": 0.2,
	
	"killsonsides": true,
	"killsonbottom": true,
	
	"transforms": true,
	"transformsinto": "koopared",
	"transformtrigger": "stomp",
	"stompable": true,
	
	"movement": "flyhorizontal",
	"flyingdistance": -7,

	"customtimer": [
		[0.08, ["add", "y"], 0.1],
		[0.08, ["add", "y"], 0.05],
		[0.08, ["add", "y"], 0.02],
		[0.08, ["add", "y"], -0.02],
		[0.08, ["add", "y"], -0.05],
		[0.08, ["add", "y"], -0.1],
		[0.08, ["add", "y"], -0.1],
		[0.08, ["add", "y"], -0.05],
		[0.08, ["add", "y"], -0.02],
		[0.08, ["add", "y"], 0.02],
		[0.08, ["add", "y"], 0.05],
		[0.08, ["add", "y"], 0.1]
	],
	
	"width": 0.75,
	"height": 0.75,
	"static": false,
	"active": true,
	"category": 5,
	
	"mask": [	true, 
				false, false, false, false, true,
				false, true, false, true, false,
				false, false, true, false, false,
				true, true, false, false, true,
				false, true, true, false, false,
				true, false, true, true, true,
				false],
				
	"emancipatecheck": true,
	"autodelete": true,
	
	"gravity": 0,
	
	"offsetx": 6,
	"offsety": 8,
	"quadcenterX": 12,
	"quadcenterY": 19
}