{
	"quadcount": 6,
	"nospritesets": true,

	"animationtype": "frames",
	"animationframes": 1,
	"animationstart": 3,
	"animationspeed": 999,
	
	"movement": "shell",
	"small": true,
	"shellanimal": true,
	"smallmovement": "shell",
	"smallspeed": 12,
	"smallanimationspeed": 0.1,
	"smallanimationstart": 3,
	"smallanimationframes": 4,
	"chasemarioonwakeup": true,
	
	"stompable": true,
	"killsonsides": true,
	"killsonbottom": true,

	"carryable": true,
	"carryrange": [-0.35, 0.2, 1.45, 0.75],
	"carryoffsetx": 0.5,
	"carryoffsety": 0.6,
	"activeoncarry": false,
	"activeonthrow": true,
	"fliponcarry": false,
	"thrownbounce": 0,
	"throwndamping": 1, 
	"throwntime": 0.2,
	"throwncombo": true,
	"thrownignorecarryspeed": false,
	"thrownspeedx": 9,
	"thrownspeedy": -1,
	"noplayercollisiononthrow": true,
	"carryifholdingrunbutton": true,
	"reflectsx": true,
	"throwncollisionignore": true,
	"dontcarryifmoving": true,
	"killsenemies": true,

	"transforms": true,
	"transformsinto": "koopared",
	"transformtrigger": ["leftcollide", "rightcollide"],
	"transformtriggerenemycollide": "kooparednaked",
	
	"wakesup": false,
	"wiggletime": 1,
	"resettime": 5.2,
	"wiggledelay": 0.1,
	
	"width": 0.75,
	"height": 0.75,
	"static": false,
	"active": true,
	"category": 5,
	
	"mask": [	true, 
				false, false, false, false, true,
				false, true, false, true, false,
				false, false, false, false, false,
				true, true, false, false, true,
				false, true, true, false, false,
				true, false, true, true, true,
				false],
				
	"emancipatecheck": true,
	"autodelete": true,
	"smallquad": 3,
	
	"offsetx": 6,
	"offsety": 0,
	"quadcenterX": 8,
	"quadcenterY": 22
}