{
	"quadcount": 3,
	"nospritesets": true,

	"animationtype": "frames",
	"animationframes": 2,
	"animationstart": 1,
	"animationspeed": 0.2,
	
	"stompanimation": true,
	"stompanimationtime": 0.5,
	"stompedframe": 3,

	"stompable": true,
	"killsonsides": true,
	"killsonbottom": true,
	
	"movement": "truffleshuffle",
	"truffleshufflespeed": 2,
	"truffleshuffleacceleration": 8,

	"transforms": true,
	"transformsinto": "nothing",
	"transformtrigger": ["leftcollide", "rightcollide"],
	"transformtriggerenemycollide": "koopashell",
	
	"quadno": 1,
	
	"width": 0.75,
	"height": 0.75,
	
	"static": false,
	"active": true,
	
	"category": 4,
	
	"mask": [	true, 
				false, false, false, false, true,
				false, true, false, true, false,
				false, false, false, false, false,
				true, true, false, false, false,
				false, true, true, false, false,
				true, false, true, true, true,
				false],
					
	"emancipatecheck": true,
	"autodelete": true,
	
	"offsetX": 6,
	"offsetY": 3,
	"quadcenterX": 8,
	"quadcenterY": 8
}