{
	"quadcount": 1,
	"dontmirror": true,
	
	"truffleshufflespeed": 3.6,
	"truffleshuffleacceleration": 8,
	
	"notkilledfromblocksbelow": true,

	"lifetime": 8,
	
	"quadno": 1,
	"nospritesets": true,

	"spawnsound": "message1",

	"width": 10.06,
	"height": 5.5625,
	
	"static": false,
	"active": false,
	
	"category": 6,
	
	"mask": [true],
					
	"emancipatecheck": true,
	"autodelete": true,
	"resistsspikes": true,
	"resistspowblock": true,
	
	"offsetX": 8,
	"offsetY": 0,
	"quadcenterX": 8,
	"quadcenterY": 8
}