{
	"quadcount": 1,
	"nospritesets": true,

	"stompable": true,
	"killsonsides": true,
	"killsonbottom": true,
	
	"movement": "truffleshuffle",
	"truffleshufflespeed": 0,
	"truffleshuffleacceleration": 8,

	"lifetime": 0.4,
	"transforms": true,
	"transformsinto": "moleleft",
	"transformtrigger": "lifetime",
	"transformpassedparameters": ["speedy"],
	
	"quadno": 1,

	"speedy": -28,
	
	"width": 0.75,
	"height": 0.75,
	
	"static": false,
	"active": true,
	
	"category": 4,
	
	"mask": [	true, 
				false, false, false, false, true,
				false, true, false, true, false,
				false, false, false, false, false,
				true, true, false, false, false,
				false, true, true, false, false,
				true, false, true, true, true,
				false],
					
	"spawnsound": "blockbreak",
	
	"emancipatecheck": true,
	"autodelete": true,
	"hidden": true,
	
	"offsetX": 6,
	"offsetY": 3,
	"quadcenterX": 8,
	"quadcenterY": 8
}