{
	"quadcount": 2,
	"nospritesets": true,

	"movement": "none",
	"speedx": -4,
	"stompable": true,
	"killsonsides": true,
	"killsonbottom": true,
	
	"animationtype": "frames",
	"animationframes": 2,
	"animationstart": 1,
	"animationspeed": 0.1,

	"transforms": true,
	"transformsinto": ["moleright"],
	"transformtrigger": ["playernear"],
	"playerneardist": [2, -10, 7, 20],
	
	"truffleshufflespeed": 3,
	"truffleshuffleacceleration": 8,
	
	"quadno": 1,
	
	"width": 0.75,
	"height": 0.75,
	
	"static": false,
	"active": true,
	
	"category": 4,
	
	"mask": [	true, 
				false, false, true, false, true,
				false, true, false, true, false,
				false, false, false, false, false,
				true, true, false, false, false,
				false, true, true, false, false,
				true, false, true, true, true,
				false],
					
	
	"emancipatecheck": true,
	"autodelete": true,
	
	"offsetX": 6,
	"offsetY": 3,
	"quadcenterX": 8,
	"quadcenterY": 8
}