{
	"quadcount": 1,

	"spawnoffsetx": 0.5,
	"spawnoffsety": 0,

	"movement": "path",
	"movementpath": [
		[0,-0.01],
		[0,1.5],
		[0,9],
		[0,9.01],
		[0,0],
		[0,-0.01]
	],
	"movementpathspeed": [
		0.01,
		1.5,
		9,
		0.01,
		6,
		0.001
	],
	"dontloopcustomtimer": true,
	"customtimer": [
		[2.8, "playsound", "piston2"]
	],
	"resistseverything": true,

	"killsonpassive": true,
	
	"nospritesets": true,
	
	"resistsfire": false,
	
	"width": 8,
	"height": 9,
	"static": true,
	"active": true,
	"category": 5,
	
	"mask": [true],
				
	"autodelete": true,
	
	"customscissor": [-3.5, -8, 9, 9],
	"invertedscissor": true,

	"drawback": true,
	
	"offsetX": -8,
	"offsetY": 8,
	"quadcenterX": 0,
	"quadcenterY": 0
}