{
	"quadcount": 4,
	"nospritesets": true,

	"movement": "truffleshuffle",
	"killsontop": true,
	"killsonsides": true,
	"killsonbottom": true,
	
	"animationtype": "frames",
	"animationspeed": 0.2,
	"animationstart": 1,
	"animationframes": 4,
	
	"truffleshufflespeed": 2,
	"truffleshuffleacceleration": 8,
	
	"quadno": 1,
	
	"width": 0.75,
	"height": 4,
	
	"static": false,
	"active": true,
	
	"category": 4,
	
	"mask": [	true, 
				false, false, false, false, true,
				false, true, false, true, false,
				false, false, false, false, false,
				true, true, false, false, false,
				false, true, true, false, false,
				true, false, true, true, true,
				false],
					
	"transforms": true,
	"transformtrigger": ["shot"],
	"transformsinto": ["pokey3"],
	"transformpassedparameters": ["speedx", "animationdirection"],
	"transformsetparameters": [
		["spawnchildren", ["pokeyshot"]],
		["spawnchildrenoffsety", 1],
		["spawnoffsety", -1],
		["speedy", -5]
	],
	"transformsetparametersbeforespawn": true,
	
	"emancipatecheck": true,
	"autodelete": true,
	
	"offsetX": 6,
	"offsetY": 0,
	"quadcenterX": 9,
	"quadcenterY": 8, 

	"hidden": true,
	
	"turnaroundoncliff": true
}