{
	"quadcount": 1,
	"nospritesets": true,

	"movement": "none",
	
	"animationtype": "none",
	
	"quadno": 1,
	
	"width": 0.75,
	"height": 1,
	
	"static": false,
	"active": false,
	
	"category": 4,
	
	"mask": [true],
					
	"emancipatecheck": true,
	"autodelete": true,
	"lifetime": 0.001,

	"spawnchildren": ["pokey5"],

	"rightclickmenuUNUSED": ["spawnchildren", ["pokey8"], ["pokey7"], ["pokey6"], ["pokey5"], ["pokey4"], ["pokey3"], ["pokey2"], ["pokey1"]],
	"rightclickmenudisplayUNUSED": ["length", 8, 7, 6, 5, 4, 3, 2, 1],
	"rightclickmenutableUNUSED": true,
	
	"offsetX": 6,
	"offsetY": -8,
	"quadcenterX": 9,
	"quadcenterY": 64
}