{
	"quadcount": 4,
	"nospritesets": true,

	"movement": "none",

	"speedx": 4,
	"speedy": -8,
	"gravity": 60,
	"speedxawayfromplayer": true,
	"upsidedown": true,
	
	"animationtype": "frames",
	"animationspeed": 0.2,
	"animationstart": 1,
	"animationframes": 1,
	
	"truffleshufflespeed": 2,
	"truffleshuffleacceleration": 8,
	
	"quadno": 1,
	
	"width": 0.75,
	"height": 1,
	
	"static": false,
	"active": true,
	
	"category": 0,
	
	"mask": [true,
		true, true, true, true, true,
		true, true, true, true, true,
		true, true, true, true, true,
		true, true, true, true, true,
		true, true, true, true, true,
		true, true, true, true, true,
		true],
					
	"transforms": false,
	
	"emancipatecheck": true,
	"autodelete": true,

	"lifetime": 5,
	
	"offsetX": 6,
	"offsetY": 0,
	"quadcenterX": 9,
	"quadcenterY": 8, 

	"hidden": true
}