{
	"quadcount": 3,
	"nospritesets": true,

	"movement": "truffleshuffle",
	"stompable": true,
	"killsonsides": true,
	"killsonbottom": true,
	
	"animationtype": "frames",
	"animationspeed": 0.15,
	"animationstart": 1,
	"animationframes": 2,
	
	"stompanimation": true,
	"stompanimationtime": 0.5,
	"stompedframe": 3,
	
	"truffleshufflespeed": 3,
	"truffleshuffleacceleration": 8,
	
	"quadno": 1,
	
	"width": 0.75,
	"height": 0.75,
	
	"static": false,
	"active": true,
	
	"category": 4,
	
	"mask": [	true, 
				false, false, false, false, true,
				false, true, false, true, false,
				false, false, false, false, false,
				true, true, false, false, false,
				false, true, true, false, false,
				true, false, true, true, true,
				false],
					
	
	"emancipatecheck": true,
	"autodelete": true,
	
	"offsetX": 6,
	"offsetY": 11,
	"quadcenterX": 10,
	"quadcenterY": 16
}