{
	"quadcount": 1,
	"nospritesets": true,

	"spawnoffsety": 4.875,

	"movement": "circle",
	"circletimer": -4,
	"circletime": -8,
	"circleradius": 4.875,

	"stompable": false,
	"platform": true,
	"platformchecktable": ["player"],

	"spawnchildren": ["swingplatformball1", "swingplatformball2", "swingplatformball3", "swingplatformball4", "swingplatformball5"],
	"spawnchildrenoffsety": 1,
	
	"quadno": 1,
	
	"width": 4,
	"height": 0.5,
	
	"static": true,
	"active": true,
	
	"category": 4,
	
	"mask": [	true, 
				true, false, false, false, true,
				false, true, false, true, false,
				false, false, false, false, false,
				true, true, false, false, false,
				false, true, true, false, false,
				true, false, true, true, true],
					
	
	"emancipatecheck": true,
	"autodelete": true,
	"drawback": true,
	"hidden": true,
	"resistseverything": true,
	
	"offsetX": 32,
	"offsetY": 8,
	"quadcenterX": 32,
	"quadcenterY": 0
}