{
	"quadcount": 1,
	"nospritesets": true,

	"movement": "circle",
	"circletimer": 50000,
	"circletime": 100000,
	"circleradius": 5.875,

	"spawnoffsety": 5,

	"stompable": false,
	"platform": true,
	"platformchecktable": ["player"],

	"transforms": true,
	"transformtrigger": "ceilcollide",
	"transformsinto": "swingplatform2",
	
	"quadno": 1,
	
	"width": 4,
	"height": 0.5,
	
	"static": true,
	"active": true,
	
	"category": 4,
	
	"mask": [	true, 
				true, false, false, false, true,
				false, true, false, true, false,
				false, false, false, false, false,
				true, true, false, false, false,
				false, true, true, false, false,
				true, false, true, true, true],
					
	
	"emancipatecheck": true,
	"autodelete": true,
	"drawback": true,
	"resistseverything": true,
	
	"offsetX": 32,
	"offsetY": 8,
	"quadcenterX": 32,
	"quadcenterY": 0
}