{
	"quadcount": 1,
	"nospritesets": true,

	"stompable": false,
	
	"transforms": true,
	"transformtrigger": "floorcollide",
	"transformsinto": "flyingblock2",
	
	"deathsound": "blockhit",
	"resistseverything": true,
	
	"quadno": 1,
	
	"width": 1,
	"height": 1,
	
	"static": true,
	"active": true,
	
	"category": 2,
	
	"mask": [true],
					
	"emancipatecheck": true,
	"autodelete": true,
	"drawback": true,
	
	"offsetX": 8,
	"offsetY": 0,
	"quadcenterX": 8,
	"quadcenterY": 8,

	"hidden": true
}