{
	"quadcount": 1,
	"nospritesets": true,

	"stompable": false,
	
	"quadno": 1,
	
	"width": 1,
	"height": 1,
	
	"static": true,
	"active": false,
	
	"transforms": true,
	"transformsinto": "switchblocky2",
	"transformtrigger": "animation",
	"transformanimation": "yellowswitch",
	"resistseverything": true,
	
	"category": 2,
	
	"mask": [true],
					
	"emancipatecheck": true,
	"autodelete": true,
	"drawback": true,
	
	"offsetX": 8,
	"offsetY": 0,
	"quadcenterX": 8,
	"quadcenterY": 8
}