{
	"quadcount": 2,

	"movement": "rocket",
	"rocketdistance": 30,
	
	"animationtype": "frames",
	"animationframes": 2,
	"animationstart": 1,
	"animationspeed": 0.1,
	
	"nospritesets": true,
	
	"gravity": 20,
	
	"kills": true,
	
	"quadno": 1,
	
	"width": 0.75,
	"height": 0.75,
	
	"static": false,
	"active": true,
	
	"category": 31,
	
	"mask": [	true,
				true, false, true, true, true,
				true, true, true, true, true,
				true, true, true, true, true,
				true, true, true, true, true,
				true, true, true, true, true,
				true, true, true, true, true,
				false],
	
	"emancipatecheck": true,
	"offsetX": 6,
	"offsetY": 3,
	"quadcenterX": 8,
	"quadcenterY": 8,
	"resistsstar": true,

	"meltsice": true,
	"light": 2
}