{
	"quadcount": 1,
	"nospritesets": true,

	"stompable": false,

	"movement": "path",
	"movementpath": [[2,0],[2.0001,0],[0,0],[0.0001,0],[0,2],[0,2.0001],[0,0],[0.0001,0]],
	"movementpathspeed": [3, 0.0001, 3, 0.0001, 3, 0.0001, 3, 0.0001],
	
	"quadno": 1,
	"dontmirror": true,
	
	"width": 1,
	"height": 1,
	
	"static": true,
	"active": true,
	"gravity": 0,
	
	"category": 2,
	
	"mask": [	true, 
				false, false, false, false, true,
				false, true, false, true, false,
				false, false, false, false, false,
				true, true, false, false, false,
				false, true, true, false, false,
				true, false, true, true, true],
	
	"resistseverything": true,
	"emancipatecheck": true,
	"autodelete": true,
	"drawback": true,
	
	"offsetx": 0,
	"offsety": 8,
	"quadcenterX": 0,
	"quadcenterY": 0,

	"hidden": true
}