{
	"quadcount": 1,
	"nospritesets": true,

	"stompable": false,
	
	"quadno": 1,
	
	"width": 1,
	"height": 1,
	
	"static": true,
	"active": true,
	"gravity": 0,
	
	"category": 2,
	
	"mask": [	true, 
				true, false, false, false, true,
				false, true, false, true, false,
				false, false, false, false, false,
				true, true, false, false, false,
				false, true, true, false, false,
				true, false, true, true, true],

	"spawnchildren": ["wangblocku1", "wangblockd1", "wangblocku2", "wangblockd2"],
	
	"resistseverything": true,
	"emancipatecheck": true,
	"autodelete": true,
	"drawback": true,
	
	"lifetime": 1,

	"offsetx": 0,
	"offsety": 8,
	"quadcenterX": 0,
	"quadcenterY": 0
}