{
	"quadcount": 2,
	"nospritesets": true,

	"spawnoffsety": 0.7,

	"animationtype": "frames",
	"animationframes": 2,
	"animationstart": 1,
	"animationspeed": 0.2,

	"customtimer": [
		[0.06, ["add", "y"], 0.045],
		[0.06, ["add", "y"], 0.02],
		[0.06, ["add", "y"], -0.02],
		[0.06, ["add", "y"], -0.045],
		[0.06, ["add", "y"], -0.045],
		[0.06, ["add", "y"], -0.02],
		[0.06, ["add", "y"], 0.02],
		[0.06, ["add", "y"], 0.045]
	],
	
	"killsontop": true,
	"killsonsides": true,
	"killsonbottom": true,
	
	"movement": "truffleshuffle",
	"truffleshufflespeed": 2,
	"truffleshuffleacceleration": 8,

	"gravity": 0,
	
	"width": 1.25,
	"height": 1.25,
	"static": false,
	"active": true,
	"category": 5,
	
	"mask": [	true, 
				true, false, false, false, true,
				false, true, false, true, false,
				false, false, false, false, false,
				true, true, false, false, true,
				false, true, true, false, false,
				true, false, true, true, true,
				false],
				
	"emancipatecheck": true,
	"autodelete": true,
	"smallquad": 3,
	
	"offsetx": 10,
	"offsety": -2,
	"quadcenterX": 16,
	"quadcenterY": 16
}