{
	"quadcount": 1,
	"nospritesets": true,
	
	"ignorefloorcollide": true,
	"ignoreleftcollide": true,
	"ignorerightcollide": true,

	"transforms": true,
	"transformsinto": "waterplatform",
	"transformtrigger": "playernotnear",
	"playerneardist": [0, -0.4, 3, 0.5],
	"transformpassedparameters": ["speedy"],

	"float": 0.1,
	"gravity": 80,
	"platform": true,
	"platformchecktable": ["player"],
	
	"width": 3,
	"height": 0.875,
	"static": false,
	"active": true,
	"category": 2,
	
	"mask": [	true, 
				false, false, false, false, true,
				false, true, false, true, false,
				false, false, false, false, false,
				true, true, false, false, true,
				false, true, true, false, false,
				true, false, true, true, true,
				false],
				
	"emancipatecheck": true,
	"autodelete": true,
	"resistseverything": true,
	"drawback": true,
	
	"offsetx": 24,
	"offsety": 8,
	"quadcenterX": 24,
	"quadcenterY": 0
}