{
	"quadcount": 2,

	"animationtype": "frames",
	"animationframes": 2,
	"animationstart": 1,
	"animationspeed": 0.1,
	
	"nospritesets": true,
	
	"resistsfire": false,
	
	"stompable": true,
	"killsonsides": true,
	"killsonbottom": true,
	
	"movement": "path",
	"movementpath": [
		[-5,0],[0,0],[-2.5001,0],[-2.5,0],
		[-2.5,-8],
		[-2.5,-10],
		[-2.5,-10.6],
		[-2.5,-10.9],
		[-2.5,-11],
		[-2.5,-10.9],
		[-2.5,-10.6],
		[-2.5,-10],
		[-2.5,-8],
		[-2.5,0]
	],
	"movementpathspeed": [4, 4, 3, 0.0001,
		18,
		10,
		5,
		3,
		2,
		2,
		3,
		5,
		10,
		18
	],

	"gravity": 0,
	
	"emancipatecheck": true,
	
	"width": 0.75,
	"height": 0.75,
	"static": false,
	"active": true,
	"category": 5,
	
	"mask": [	true, 
				false, false, false, false, true,
				false, true, false, true, false,
				false, false, true, false, false,
				true, true, false, false, true,
				false, true, true, false, false,
				true, false, true, true, true,
				false],
				
	"autodelete": true,
	
	"offsetX": 6,
	"offsetY": 3,
	"quadcenterX": 8,
	"quadcenterY": 8
}