{
	"quadcount": 2,
	"graphiccolor":[255,255,255,0],
	
	"width": 1,
	"height": 1,

	"lifetime":0.5,

	"transforms": false,
	"transformsinto":"annoyingballhit",
	"transformtrigger":"collide",
	"transformtriggerobjectcollide":"player",
	"transformpassedparameters": ["blowmaxspeedy","blowminspeedy","blowmaxspeedx","blowminspeedx","disablesubtitles"],

	"sticktonearestplayer":true,

	"customtimer":[
		[0,["set","ecks"],["property","x"]],
		[0,["set","wye"],["property","y"]],
		[0,["set","customtimertimer"],0],
		[0,["subtract","ecks"],["property","x"]],
		[0,["subtract","wye"],["property","y"]],
		[0,["multiply","ecks"],-1],
		[0,["multiply","wye"],-1],
		[0,["divide","ecks"],["property","customtimertimer"]],
		[0,["divide","wye"],["property","customtimertimer"]],

		[0,["multiply","ecks"],0.15],
		[0,["multiply","wye"],0.15],
		[0,["if","ecks","<",0.5,"and","ecks",">",-0.5,"and","wye","<",0.5,"and","wye",">",-0.5],["set","instantdelete"],true],
		[0,["set","customtimertimer"],0],

		[0,["set","sticktonearestplayer"],false],
		[0,["set","sticktoplayer"],false],
		[0,["add","x"],["property","ecks"]],
		[0,["add","y"],["property","wye"]],
		[0,["set","category"],19],
		[0,["set","transforms"],true],
		[0,["set","graphiccolor"],[255,255,255,255]],

		[0,["set","loop"],["property","currentcustomtimerstage"]],  

		[0,["cos","blowminspeedx"],["property","rotation"]],
		[0,["sin","blowminspeedy"],["property","rotation"]],
		[0,["multiply","blowminspeedx"],-22.5],
		[0,["multiply","blowminspeedy"],-22.5],
		[0,["set","blowmaxspeedy"],["property","blowminspeedy"]],
		[0,["set","blowmaxspeedx"],["property","blowminspeedx"]],
		[0,["set","rotation"],0],

		[0,["set","customtimertimer"],0],
		[0,["set","currentcustomtimerstage"],["property","loop"]]],

	"nospritesets": true,
	
	"blowrange":[-0.01,-0.01,1.02,1.02],
	"blowchecktable":[false],

	"doesntunrotate":true,

	"rotatetowardsplayer": true,
		
	"offsetx": 8,
	"offsety": 0,
	"quadcenterX": 10,
	"quadcenterY": 10,
	
	"static": true,
	"active": true,
	"autodelete": false,

	"category": 1,
	
	"mask": [ true, 
			true, false, true, true, true,
			true, true, true, true, true,
			true, true, true, true, true,
			true, true, true, true, true,
			true, true, true, true, true,
			true, true, true, true, true],
		
	"resistseverything": true,
	
	"movement": "none",
	"hidden":true,

	"animationtype": "none"
}
