{
	"quadcount": 4,
	"hidden":true,

	"animationtype": "frames",
	"animationframes": 2,
	"animationstart": 1,
	"animationspeed": 0.1,
	
	"transforms":true,
	"transformsinto":["poof","turtle","turtle"],
	"transformtrigger":["animation","collide","collide"],
	"transformtriggerobjectcollide":[false,"koopa","goomba"],
	"transformanimation":["aturtle",false,false],
	"transformenemyanimationondeath":"animalcruelty",
	"transformsetparameters":[["passthrough",true],["killsonbottom",true],["killsonsides",true]],
	"transformpassedparameters":["speedx","speedy","animationdirection"],
	"dotransformaftercollision":true,

	"passthrough":false,

	"customtimer":[
		[0,["if","passthrough","==",true],
		["set","mask"],[true,
		false, false, true, true, true,
		false, true, false, true, false,
		false, false, false, false, false,
		true, true, false, false, true,
		false, true, true, false, false,
		true, false, true, true, true,
		false]],
		[0.5,["if","passthrough","==",false],["set","killsonsides"],true],
		[0,["if","passthrough","==",false],["set","killsonbottom"],true],
		[0,["if","passthrough","==",true],
		["set","mask"],[true,
		false, false, false, false, true,
		false, true, false, true, false,
		false, false, false, false, false,
		true, true, false, false, true,
		false, true, true, false, false,
		true, false, true, true, true,
		false]]
	],
	"dontloopcustomtimer":true,

	"stompable": true,
	"stompanimation":true,
	"fallswhenstomped":true,
	"shotframe":3,
	"stompedframe":3,
	"killsonsides": false,
	"killsonbottom": false,
	
	"movement": "chase",
	"chaseSpeed": 4,
	"chaseacceleration": 8,
	"chasespace":1,
	
	"starttowardsplayerhorizontal":true,
	
	"width": 0.75,
	"height": 0.75,
	"static": false,
	"active": true,
	"category": 5,
	
	"mask": [	true, 
				false, false, false, false, true,
				false, true, false, true, false,
				false, false, false, false, false,
				true, true, false, false, true,
				false, true, true, false, false,
				true, false, true, true, true,
				false],
				
	"emancipatecheck": true,
	"autodelete": true,
	"resistsspikes":true,
	
	"offsetx": 6,
	"offsety": 0,
	"quadcenterX": 8,
	"quadcenterY": 19
}