{
	"quadcount": 1,
	"dontmirror": true,
	"nospritesets":true,
  
	"transforms": true,	   
	"transformsinto": "tvdebrisspawn", 
	"transformtrigger":"collide",
	"dotransformaftercollision":true,

	"kills":true,
    "killsenemies": true,

	"yrelativetocamera":-2,
	"doittwice":false,

	"hidden":true,

	"sticktonearestplayer":true,
	
	"graphiccolor":[255,255,255,0],

	"spawnsenemy":"tvsnd",
	"spawnpassedparameters":["paitence","chaosmode","tvmode","disablesubtitles"],
	"spawnenemydelays": [0],
	"spawnmax":0,

	"customtimer":[
		[0,["if","tvmode","==",true],["set","spawnsetparameters"],[["stopsoundondeath",false]]],
		[0,"spawnenemy"],

		[1.5,"wait"],

		[0,["set","eiff"],true],
		[0,["set","ecks"],["property","x"]],
		[0,["set","customtimertimer"],0],
		[0,["subtract","ecks"],["property","x"]],
		[0,["multiply","ecks"],-1],
		[0,["divide","ecks"],["property","customtimertimer"]],

		[0,["set","sticktonearestplayer"],false],
		[0,["set","sticktoplayer"],false],
		[0,["set","customtimertimer"],0],
		[0,["set","yrelativetocamera"],false],
		[0,["set","graphiccolor"],[255,255,255,255]],
		[0,["set","active"],true],
		
		[0,["set","speedx"],["property","ecks"]],

		[0,["set","loop"],["property","currentcustomtimerstage"]],
		[0,["set","customtimertimer"],0],
		[0,["min","speedy"],18],
		[0,["set","currentcustomtimerstage"],["property","loop"]]

	],
	"dontloopcustomtimer":true,

	"category": 2,
	"mask": [	true,
			false, false, false, false, true,
			true, true, true, true, false,
			true, false, true, false, false,
			false, true, false, false, false,
			true, true, false, true, false,
			false, false, false, false, false,
			false],	
		
	"animationtype": "none",

	"width": 2,
	"height": 1.375,
	 
	"resistseverything": true,
	"resistsstar":true,
    "regiontriggerignore": true,	
	
	"static": false,
	"active": false,

	"emancipatecheck": true,
	"autodelete": false,

	"offsetX": 16,
	"offsetY": 2,
	"quadcenterX": 16,
	"quadcenterY": 16
}