{
	"quadcount": 3,
	"animationtype": "mirror",
	"animationspeed":0.2,
	"nospritesets":true,
	
	"width": 0.5,
	"height": 0.5,
	
	"offsetx": 4,
	"offsety": 8,
	"quadcenterX": 4,
	"quadcenterY": 4,

	"hidden":true,

	"customtimer":[
		[0,["random","framevar"],[1,2,3]],
		[0,["set","quadno"],["property","framevar"]]
	],
	"dontloopcustomtimer":true,
	"lifetime":1,

	"static": false,
	"active": true,
	"autodelete": true,

	"nocollidestops":true,
	
	"catogory": 1,
	"mask": [ true, 
			true, true, true, true, true,
			true, true, true, true, true,
			true, true, true, true, true,
			true, true, true, true, true,
			true, true, true, true, true,
			true, true, true, true, true],
	
	"gravity": 30,
	"resistseverything": true,
		
	"speedx": 5,
	"speedy": -5
}