{	
	"spawnoffsety":0.5,
	"width": 3,
	"height": 2,
	
	"breaksblocks":true,
	"breakshardblocks":true,
	"breakblockside":"global",

	"lifetime":0.01,

	"hidden":true,

	"gravity":0,
	
	"offsetx": 4,
	"offsety": 4,
	"quadcenterX": 4,
	"quadcenterY": 4,
	
	"static": true,
	"activestatic":true,
	"active": true,
	"autodelete": true,
	
	"category": 1,
	"mask": [	true,
			false, true, true, true, true,
			true, true, true, true, false,
			true, false, true, false, false,
			false, true, false, false, false,
			true, true, false, true, false,
			false, false, false, false, false,
			false],	
	
	"spawnsound": "blockbreak",
	"resistseverything": true,
	"spawnchildren": ["tvdebris1","tvdebris2","tvdebris3","tvdebris4"]
}