{
	"quadcount": 8,	
	"animationtype": "frames",
	"animationframes": 8,
	"animationstart": 1,
	"animationspeed": 0.25,
	"nospritesets":true,
	
	"hidden": true,	
 
	"teleportplayerspeedx": 0,
	"teleportplayerspeedy": 0,
  
  	"sticktonearestplayer":true,
  	
	"customtimer":[
		[0,["set","ecks"],["property","x"]],
		[0,["set","wye"],["property","y"]],
		[0,["set","customtimertimer"],0],
		[0,["subtract","ecks"],["property","x"]],
		[0,["subtract","wye"],["property","y"]],
		[0,["multiply","ecks"],-1],
		[0,["multiply","wye"],-1],
		[0,["divide","ecks"],["property","customtimertimer"]],
		[0,["divide","wye"],["property","customtimertimer"]],

		[0,"spawnenemy"],

		[0,["set","customtimertimer"],0],
		[0,["set","sticktonearestplayer"],false],
		[0,["set","sticktoplayer"],false],
		[0,["set","teleportnearestplayer"],true],

		[0,["set","blowstrong"],false],
		[2,["if","ecks",">",0],["set","blowminspeedx"],["property","ecks"]],
		[0,["if","ecks","<",0],["set","blowmaxspeedx"],["property","ecks"]],
		[0,["if","wye",">",0],["set","blowminspeedy"],["property","wye"]],
		[0,["if","wye","<",0],["set","blowmaxspeedy"],["property","wye"]],
		[0,["set","blowspeedy"],false],
		[0,["set","blowspeedx"],false],
		[0,["set","blowrange"],[-0.125,-0.125,1,1]],
		[0,["if","keepwaitspeed","==",true],["set","blowchecktable"],["player"]],
		[0,["set","customtimertimer"],0],
		[0,["set","lifetimer"],0]
	],

	"dontloopcustomtimer":true,
		
	"autodelete": false,
	"ignoreplatform":true,
	"nocollidestops": true,	

	"blowchecktable":["mushroom","star","leaf","hammersuit","frogsuit","raccoonleaf"],
	"blowrange":[-0.125,-1.125,1,2],
	"blowstrong":true,
	"blowspeedy":99e10,
	"blowspeedx":99e10,
	
	"width": 0.75,
	"height": 0.75,
	"active":false,
	"static":true,

	"spawnsenemy":"waitsnd",
	"spawnpassedparameters":["paitence","chaosmode","tvmode","disablesubtitles"],
	"spawnenemydelays":[0],
	"spawnmax":0,
     
	"resistseverything": true,
	"regiontriggerignore": true,		
	
	"offsetX": 6,
	"offsetY": 3,
	"quadcenterX": 8,
	"quadcenterY": 8
	}
