{
	"hidden": false,

	"quadcount": 16,
	"nospritesets": true,

	"width": 2,
	"height": 2,

	"quadcenterX": 44,
	"quadcenterY": 44,
	"offsetX": 16,
	"offsetY": -8,
	"spawnoffsety": 0.5,
	
	"animationtype": "frames",
	"animationframes": 4,
	"animationstart": 1,
	"animationspeed": 0.05,

	"activestatic": true,
	"static": true,
	"resistseverything": true,
	"lifetime": 0.2,

	"category": 4,
	"mask": [true, 
		false, true, false, true, true,
		false, true, false, true, false,
		false, false, false, false, false,
		true, true, false, false, false,
		false, true, true, false, false,
		true, false, true, true, true,
		false],

	"spawnsound": "boom",

	"killsenemies": true,
	"breaksblocks": true,
	"customtimer": [
		[0.05,["set","breaksblocks"]]
	],
	"dontloopcustomtimer": true
}